level,a,a_title,a_cat,a_col,a_keys,b,b_title,b_cat,b_col,b_keys,matched,match_rate,dropped_a,dropped_b,sample_matched,sample_unmatched
emd,15139519,경상북도 포항시_생활 지도 시설 현황,사회복지 - 사회복지일반,addr,84,15139542,경상북도 포항시_인구 건물 위치,사회복지 - 노인·청소년,sigun,43,43,1.0,41,0,포항시|구룡포읍|포항시|기계면|포항시|기북면|포항시|대도동|포항시|대송면,경주시|강동면|군위군|군위읍|봉화군|봉화읍|봉화군|신내동|상주시|공성면
emd,ep_YeongcheonCCTV,경상북도 영천시_CCTV 현황,일반공공행정 - 일반행정,lotAddr,40,ep_YeongcheonRestaurants,경상북도 영천시_일반음식점현황,보건 - 식품의약안전,lotAddr,37,37,1.0,3,0,영천시|고경면|영천시|과전동|영천시|괴연동|영천시|교촌동|영천시|금노동,영천시|녹전동|영천시|대전동|영천시|매산동
emd,15157767,경상북도 영천시_공장 현황,산업·통상·중소기업 - 산업·중소기업일반,lotAddr,33,ep_YeongcheonCCTV,경상북도 영천시_CCTV 현황,일반공공행정 - 일반행정,lotAddr,40,33,1.0,0,7,영천시|고경면|영천시|괴연동|영천시|금노동|영천시|금호읍|영천시|녹전동,영천시|과전동|영천시|교촌동|영천시|문내동|영천시|문외동|영천시|쌍계동
emd,15097246,경상북도 구미시_일반 음식점,문화체육관광 - 관광,locplcrn,50,15097248,경상북도 구미시_어린이 보호 구역,공공질서및안전 - 안전관리,lnm_adres,32,32,1.0,18,0,구미시|고아읍|구미시|공단동|구미시|광평동|구미시|구평동|구미시|구포동,구미시|가동|구미시|가동동|구미시|거의동|구미시|나동|구미시|나호동
emd,15097248,경상북도 구미시_어린이 보호 구역,공공질서및안전 - 안전관리,lnm_adres,32,15097249,경상북도 구미시_경로당,사회복지 - 노인·청소년,lnm_adres,36,32,1.0,0,4,구미시|고아읍|구미시|공단동|구미시|광평동|구미시|구평동|구미시|구포동,구미시|거의동|구미시|부곡동|구미시|신동|구미시|양호동
emd,15139550,경상북도 포항시_지역별 기상 현황,환경 - 대기,lc,29,15139552,경상북도 포항시_지역별 노령 인구 현황,일반공공행정 - 국가통계,sigun,29,29,1.0,0,0,포항시|구룡포읍|포항시|기계면|포항시|기북면|포항시|대송면|포항시|대이동,
emd,15139550,경상북도 포항시_지역별 기상 현황,환경 - 대기,lc,29,15139553,경상북도 포항시_지역별 생산 가능 인구 현황,일반공공행정 - 국가통계,sigun,29,29,1.0,0,0,포항시|구룡포읍|포항시|기계면|포항시|기북면|포항시|대송면|포항시|대이동,
emd,15139550,경상북도 포항시_지역별 기상 현황,환경 - 대기,lc,29,15139556,경상북도 포항시_지역별 유소년 인구 현황,일반공공행정 - 국가통계,sigun,29,29,1.0,0,0,포항시|구룡포읍|포항시|기계면|포항시|기북면|포항시|대송면|포항시|대이동,
emd,15139550,경상북도 포항시_지역별 기상 현황,환경 - 대기,lc,29,15139557,경상북도 포항시_지역별 주민등록 인구 현황,일반공공행정 - 국가통계,gpmn,29,29,1.0,0,0,포항시|구룡포읍|포항시|기계면|포항시|기북면|포항시|대송면|포항시|대이동,
emd,15139550,경상북도 포항시_지역별 기상 현황,환경 - 대기,lc,29,15139566,경상북도 포항시_방문 거주지 현황,일반공공행정 - 지방행정·재정지원,emd,29,29,1.0,0,0,포항시|구룡포읍|포항시|기계면|포항시|기북면|포항시|대송면|포항시|대이동,
emd,15139550,경상북도 포항시_지역별 기상 현황,환경 - 대기,lc,29,15139573,경상북도 포항시_생활 인구 거주지 현황,일반공공행정 - 지방행정·재정지원,emd,29,29,1.0,0,0,포항시|구룡포읍|포항시|기계면|포항시|기북면|포항시|대송면|포항시|대이동,
emd,15139550,경상북도 포항시_지역별 기상 현황,환경 - 대기,lc,29,15139580,경상북도 포항시_지역별 생활 인구 현황,일반공공행정 - 국가통계,adstrd,29,29,1.0,0,0,포항시|구룡포읍|포항시|기계면|포항시|기북면|포항시|대송면|포항시|대이동,
emd,15139552,경상북도 포항시_지역별 노령 인구 현황,일반공공행정 - 국가통계,sigun,29,15139553,경상북도 포항시_지역별 생산 가능 인구 현황,일반공공행정 - 국가통계,sigun,29,29,1.0,0,0,포항시|구룡포읍|포항시|기계면|포항시|기북면|포항시|대송면|포항시|대이동,
emd,15139552,경상북도 포항시_지역별 노령 인구 현황,일반공공행정 - 국가통계,sigun,29,15139556,경상북도 포항시_지역별 유소년 인구 현황,일반공공행정 - 국가통계,sigun,29,29,1.0,0,0,포항시|구룡포읍|포항시|기계면|포항시|기북면|포항시|대송면|포항시|대이동,
emd,15139552,경상북도 포항시_지역별 노령 인구 현황,일반공공행정 - 국가통계,sigun,29,15139557,경상북도 포항시_지역별 주민등록 인구 현황,일반공공행정 - 국가통계,gpmn,29,29,1.0,0,0,포항시|구룡포읍|포항시|기계면|포항시|기북면|포항시|대송면|포항시|대이동,
emd,15139552,경상북도 포항시_지역별 노령 인구 현황,일반공공행정 - 국가통계,sigun,29,15139566,경상북도 포항시_방문 거주지 현황,일반공공행정 - 지방행정·재정지원,emd,29,29,1.0,0,0,포항시|구룡포읍|포항시|기계면|포항시|기북면|포항시|대송면|포항시|대이동,
emd,15139552,경상북도 포항시_지역별 노령 인구 현황,일반공공행정 - 국가통계,sigun,29,15139573,경상북도 포항시_생활 인구 거주지 현황,일반공공행정 - 지방행정·재정지원,emd,29,29,1.0,0,0,포항시|구룡포읍|포항시|기계면|포항시|기북면|포항시|대송면|포항시|대이동,
emd,15139552,경상북도 포항시_지역별 노령 인구 현황,일반공공행정 - 국가통계,sigun,29,15139580,경상북도 포항시_지역별 생활 인구 현황,일반공공행정 - 국가통계,adstrd,29,29,1.0,0,0,포항시|구룡포읍|포항시|기계면|포항시|기북면|포항시|대송면|포항시|대이동,
emd,15139553,경상북도 포항시_지역별 생산 가능 인구 현황,일반공공행정 - 국가통계,sigun,29,15139556,경상북도 포항시_지역별 유소년 인구 현황,일반공공행정 - 국가통계,sigun,29,29,1.0,0,0,포항시|구룡포읍|포항시|기계면|포항시|기북면|포항시|대송면|포항시|대이동,
emd,15139553,경상북도 포항시_지역별 생산 가능 인구 현황,일반공공행정 - 국가통계,sigun,29,15139557,경상북도 포항시_지역별 주민등록 인구 현황,일반공공행정 - 국가통계,gpmn,29,29,1.0,0,0,포항시|구룡포읍|포항시|기계면|포항시|기북면|포항시|대송면|포항시|대이동,
emd,15139553,경상북도 포항시_지역별 생산 가능 인구 현황,일반공공행정 - 국가통계,sigun,29,15139566,경상북도 포항시_방문 거주지 현황,일반공공행정 - 지방행정·재정지원,emd,29,29,1.0,0,0,포항시|구룡포읍|포항시|기계면|포항시|기북면|포항시|대송면|포항시|대이동,
emd,15139553,경상북도 포항시_지역별 생산 가능 인구 현황,일반공공행정 - 국가통계,sigun,29,15139573,경상북도 포항시_생활 인구 거주지 현황,일반공공행정 - 지방행정·재정지원,emd,29,29,1.0,0,0,포항시|구룡포읍|포항시|기계면|포항시|기북면|포항시|대송면|포항시|대이동,
emd,15139553,경상북도 포항시_지역별 생산 가능 인구 현황,일반공공행정 - 국가통계,sigun,29,15139580,경상북도 포항시_지역별 생활 인구 현황,일반공공행정 - 국가통계,adstrd,29,29,1.0,0,0,포항시|구룡포읍|포항시|기계면|포항시|기북면|포항시|대송면|포항시|대이동,
emd,15139556,경상북도 포항시_지역별 유소년 인구 현황,일반공공행정 - 국가통계,sigun,29,15139557,경상북도 포항시_지역별 주민등록 인구 현황,일반공공행정 - 국가통계,gpmn,29,29,1.0,0,0,포항시|구룡포읍|포항시|기계면|포항시|기북면|포항시|대송면|포항시|대이동,
emd,15139556,경상북도 포항시_지역별 유소년 인구 현황,일반공공행정 - 국가통계,sigun,29,15139566,경상북도 포항시_방문 거주지 현황,일반공공행정 - 지방행정·재정지원,emd,29,29,1.0,0,0,포항시|구룡포읍|포항시|기계면|포항시|기북면|포항시|대송면|포항시|대이동,
emd,15139556,경상북도 포항시_지역별 유소년 인구 현황,일반공공행정 - 국가통계,sigun,29,15139573,경상북도 포항시_생활 인구 거주지 현황,일반공공행정 - 지방행정·재정지원,emd,29,29,1.0,0,0,포항시|구룡포읍|포항시|기계면|포항시|기북면|포항시|대송면|포항시|대이동,
emd,15139556,경상북도 포항시_지역별 유소년 인구 현황,일반공공행정 - 국가통계,sigun,29,15139580,경상북도 포항시_지역별 생활 인구 현황,일반공공행정 - 국가통계,adstrd,29,29,1.0,0,0,포항시|구룡포읍|포항시|기계면|포항시|기북면|포항시|대송면|포항시|대이동,
emd,15139557,경상북도 포항시_지역별 주민등록 인구 현황,일반공공행정 - 국가통계,gpmn,29,15139566,경상북도 포항시_방문 거주지 현황,일반공공행정 - 지방행정·재정지원,emd,29,29,1.0,0,0,포항시|구룡포읍|포항시|기계면|포항시|기북면|포항시|대송면|포항시|대이동,
emd,15139557,경상북도 포항시_지역별 주민등록 인구 현황,일반공공행정 - 국가통계,gpmn,29,15139573,경상북도 포항시_생활 인구 거주지 현황,일반공공행정 - 지방행정·재정지원,emd,29,29,1.0,0,0,포항시|구룡포읍|포항시|기계면|포항시|기북면|포항시|대송면|포항시|대이동,
emd,15139557,경상북도 포항시_지역별 주민등록 인구 현황,일반공공행정 - 국가통계,gpmn,29,15139580,경상북도 포항시_지역별 생활 인구 현황,일반공공행정 - 국가통계,adstrd,29,29,1.0,0,0,포항시|구룡포읍|포항시|기계면|포항시|기북면|포항시|대송면|포항시|대이동,
emd,15139566,경상북도 포항시_방문 거주지 현황,일반공공행정 - 지방행정·재정지원,emd,29,15139573,경상북도 포항시_생활 인구 거주지 현황,일반공공행정 - 지방행정·재정지원,emd,29,29,1.0,0,0,포항시|구룡포읍|포항시|기계면|포항시|기북면|포항시|대송면|포항시|대이동,
emd,15139566,경상북도 포항시_방문 거주지 현황,일반공공행정 - 지방행정·재정지원,emd,29,15139580,경상북도 포항시_지역별 생활 인구 현황,일반공공행정 - 국가통계,adstrd,29,29,1.0,0,0,포항시|구룡포읍|포항시|기계면|포항시|기북면|포항시|대송면|포항시|대이동,
emd,15139573,경상북도 포항시_생활 인구 거주지 현황,일반공공행정 - 지방행정·재정지원,emd,29,15139580,경상북도 포항시_지역별 생활 인구 현황,일반공공행정 - 국가통계,adstrd,29,29,1.0,0,0,포항시|구룡포읍|포항시|기계면|포항시|기북면|포항시|대송면|포항시|대이동,
emd,15157788,경상북도 영천시_사업장폐기물배출자신고 현황,환경 - 폐기물,lotAddr,27,ep_YeongcheonCCTV,경상북도 영천시_CCTV 현황,일반공공행정 - 일반행정,lotAddr,40,27,1.0,0,13,영천시|고경면|영천시|금노동|영천시|금호읍|영천시|녹전동|영천시|대전동,영천시|과전동|영천시|괴연동|영천시|교촌동|영천시|도림동|영천시|매산동
emd,15124611,경상북도 상주시_경로당 현황,사회복지 - 노인·청소년,EMD,24,15124613,경상북도 상주시_가축 사육업,농림 - 농업·농촌,ADSTRD,24,24,1.0,0,0,상주시|계림동|상주시|공검면|상주시|공성면|상주시|낙동면|상주시|남원동,
emd,15157807,경상북도 영천시_동네 체육시설 현황,문화체육관광 - 체육,lotAddr,39,15157837,경상북도 영천시_새마을회관 현황,일반공공행정 - 일반행정,lotAddr,23,23,1.0,16,0,영천시|고경면|영천시|교촌동|영천시|금호읍|영천시|대전동|영천시|대창면,영천시|과전동|영천시|금노동|영천시|남부동|영천시|녹전동|영천시|도동
sgg,15000736_getHsptlBassInfoInqire,국립중앙의료원_전국 병·의원 찾기 서비스,보건 - 보건의료,dutyAddr,22,15124615,경상북도 상주시_계약 정보,일반공공행정 - 일반행정,CNTRCT_TRGET_LC,23,22,1.0,0,1,경산시|경주시|고령군|구미시|김천시,군위군
sgg,15000736_getHsptlBassInfoInqire,국립중앙의료원_전국 병·의원 찾기 서비스,보건 - 보건의료,dutyAddr,22,15139566,경상북도 포항시_방문 거주지 현황,일반공공행정 - 지방행정·재정지원,signgu,22,22,1.0,0,0,경산시|경주시|고령군|구미시|김천시,
sgg,15000736_getHsptlBassInfoInqire,국립중앙의료원_전국 병·의원 찾기 서비스,보건 - 보건의료,dutyAddr,22,15139573,경상북도 포항시_생활 인구 거주지 현황,일반공공행정 - 지방행정·재정지원,signgu,22,22,1.0,0,0,경산시|경주시|고령군|구미시|김천시,
sgg,15000736_getHsptlBassInfoInqire,국립중앙의료원_전국 병·의원 찾기 서비스,보건 - 보건의료,dutyAddr,22,15143263,경상북도_마을기업 조회 현황,교통및물류 - 물류등기타,area,22,22,1.0,0,0,경산시|경주시|고령군|구미시|김천시,
sgg,15000736_getHsptlBassInfoInqire,국립중앙의료원_전국 병·의원 찾기 서비스,보건 - 보건의료,dutyAddr,22,15143264,경상북도_시군별 주민센터 현황,일반공공행정 - 일반행정,addr,22,22,1.0,0,0,경산시|경주시|고령군|구미시|김천시,
sgg,15000736_getHsptlBassInfoInqire,국립중앙의료원_전국 병·의원 찾기 서비스,보건 - 보건의료,dutyAddr,22,15143265,경상북도_공중화장실 정보 조회,보건 - 보건의료,roadaddr,22,22,1.0,0,0,경산시|경주시|고령군|구미시|김천시,
sgg,15000736_getHsptlBassInfoInqire,국립중앙의료원_전국 병·의원 찾기 서비스,보건 - 보건의료,dutyAddr,22,15143756,경상북도_사회적기업 현황조회,교통및물류 - 물류등기타,roadaddr,22,22,1.0,0,0,경산시|경주시|고령군|구미시|김천시,
sgg,15000736_getHsptlBassInfoInqire,국립중앙의료원_전국 병·의원 찾기 서비스,보건 - 보건의료,dutyAddr,22,15143780,경상북도_어린이보호구역 정보조회,사회복지 - 보육·가족및여성,roadaddr,22,22,1.0,0,0,경산시|경주시|고령군|구미시|김천시,
sgg,15000736_getHsptlBassInfoInqire,국립중앙의료원_전국 병·의원 찾기 서비스,보건 - 보건의료,dutyAddr,22,15143795,경상북도_노인복지시설 현황조회,사회복지 - 노인·청소년,fcltAddr,22,22,1.0,0,0,경산시|경주시|고령군|구미시|김천시,
sgg,15000736_getHsptlMdcncFullDown,국립중앙의료원_전국 병·의원 찾기 서비스,보건 - 보건의료,dutyAddr,22,15124615,경상북도 상주시_계약 정보,일반공공행정 - 일반행정,CNTRCT_TRGET_LC,23,22,1.0,0,1,경산시|경주시|고령군|구미시|김천시,군위군
sgg,15000736_getHsptlMdcncFullDown,국립중앙의료원_전국 병·의원 찾기 서비스,보건 - 보건의료,dutyAddr,22,15139566,경상북도 포항시_방문 거주지 현황,일반공공행정 - 지방행정·재정지원,signgu,22,22,1.0,0,0,경산시|경주시|고령군|구미시|김천시,
sgg,15000736_getHsptlMdcncFullDown,국립중앙의료원_전국 병·의원 찾기 서비스,보건 - 보건의료,dutyAddr,22,15139573,경상북도 포항시_생활 인구 거주지 현황,일반공공행정 - 지방행정·재정지원,signgu,22,22,1.0,0,0,경산시|경주시|고령군|구미시|김천시,
sgg,15000736_getHsptlMdcncFullDown,국립중앙의료원_전국 병·의원 찾기 서비스,보건 - 보건의료,dutyAddr,22,15143263,경상북도_마을기업 조회 현황,교통및물류 - 물류등기타,area,22,22,1.0,0,0,경산시|경주시|고령군|구미시|김천시,
sgg,15000736_getHsptlMdcncFullDown,국립중앙의료원_전국 병·의원 찾기 서비스,보건 - 보건의료,dutyAddr,22,15143264,경상북도_시군별 주민센터 현황,일반공공행정 - 일반행정,addr,22,22,1.0,0,0,경산시|경주시|고령군|구미시|김천시,
sgg,15000736_getHsptlMdcncFullDown,국립중앙의료원_전국 병·의원 찾기 서비스,보건 - 보건의료,dutyAddr,22,15143265,경상북도_공중화장실 정보 조회,보건 - 보건의료,roadaddr,22,22,1.0,0,0,경산시|경주시|고령군|구미시|김천시,
sgg,15000736_getHsptlMdcncFullDown,국립중앙의료원_전국 병·의원 찾기 서비스,보건 - 보건의료,dutyAddr,22,15143756,경상북도_사회적기업 현황조회,교통및물류 - 물류등기타,roadaddr,22,22,1.0,0,0,경산시|경주시|고령군|구미시|김천시,
sgg,15000736_getHsptlMdcncFullDown,국립중앙의료원_전국 병·의원 찾기 서비스,보건 - 보건의료,dutyAddr,22,15143780,경상북도_어린이보호구역 정보조회,사회복지 - 보육·가족및여성,roadaddr,22,22,1.0,0,0,경산시|경주시|고령군|구미시|김천시,
sgg,15000736_getHsptlMdcncFullDown,국립중앙의료원_전국 병·의원 찾기 서비스,보건 - 보건의료,dutyAddr,22,15143795,경상북도_노인복지시설 현황조회,사회복지 - 노인·청소년,fcltAddr,22,22,1.0,0,0,경산시|경주시|고령군|구미시|김천시,
sgg,15000736_getHsptlMdcncListInfoInqire,국립중앙의료원_전국 병·의원 찾기 서비스,보건 - 보건의료,dutyAddr,22,15124615,경상북도 상주시_계약 정보,일반공공행정 - 일반행정,CNTRCT_TRGET_LC,23,22,1.0,0,1,경산시|경주시|고령군|구미시|김천시,군위군
sgg,15000736_getHsptlMdcncListInfoInqire,국립중앙의료원_전국 병·의원 찾기 서비스,보건 - 보건의료,dutyAddr,22,15139566,경상북도 포항시_방문 거주지 현황,일반공공행정 - 지방행정·재정지원,signgu,22,22,1.0,0,0,경산시|경주시|고령군|구미시|김천시,
sgg,15000736_getHsptlMdcncListInfoInqire,국립중앙의료원_전국 병·의원 찾기 서비스,보건 - 보건의료,dutyAddr,22,15139573,경상북도 포항시_생활 인구 거주지 현황,일반공공행정 - 지방행정·재정지원,signgu,22,22,1.0,0,0,경산시|경주시|고령군|구미시|김천시,
sgg,15000736_getHsptlMdcncListInfoInqire,국립중앙의료원_전국 병·의원 찾기 서비스,보건 - 보건의료,dutyAddr,22,15143263,경상북도_마을기업 조회 현황,교통및물류 - 물류등기타,area,22,22,1.0,0,0,경산시|경주시|고령군|구미시|김천시,
sgg,15000736_getHsptlMdcncListInfoInqire,국립중앙의료원_전국 병·의원 찾기 서비스,보건 - 보건의료,dutyAddr,22,15143264,경상북도_시군별 주민센터 현황,일반공공행정 - 일반행정,addr,22,22,1.0,0,0,경산시|경주시|고령군|구미시|김천시,
sgg,15000736_getHsptlMdcncListInfoInqire,국립중앙의료원_전국 병·의원 찾기 서비스,보건 - 보건의료,dutyAddr,22,15143265,경상북도_공중화장실 정보 조회,보건 - 보건의료,roadaddr,22,22,1.0,0,0,경산시|경주시|고령군|구미시|김천시,
sgg,15000736_getHsptlMdcncListInfoInqire,국립중앙의료원_전국 병·의원 찾기 서비스,보건 - 보건의료,dutyAddr,22,15143756,경상북도_사회적기업 현황조회,교통및물류 - 물류등기타,roadaddr,22,22,1.0,0,0,경산시|경주시|고령군|구미시|김천시,
sgg,15000736_getHsptlMdcncListInfoInqire,국립중앙의료원_전국 병·의원 찾기 서비스,보건 - 보건의료,dutyAddr,22,15143780,경상북도_어린이보호구역 정보조회,사회복지 - 보육·가족및여성,roadaddr,22,22,1.0,0,0,경산시|경주시|고령군|구미시|김천시,
sgg,15000736_getHsptlMdcncListInfoInqire,국립중앙의료원_전국 병·의원 찾기 서비스,보건 - 보건의료,dutyAddr,22,15143795,경상북도_노인복지시설 현황조회,사회복지 - 노인·청소년,fcltAddr,22,22,1.0,0,0,경산시|경주시|고령군|구미시|김천시,
sgg,15124615,경상북도 상주시_계약 정보,일반공공행정 - 일반행정,CNTRCT_TRGET_LC,23,15139566,경상북도 포항시_방문 거주지 현황,일반공공행정 - 지방행정·재정지원,signgu,22,22,1.0,1,0,경산시|경주시|고령군|구미시|김천시,군위군
sgg,15124615,경상북도 상주시_계약 정보,일반공공행정 - 일반행정,CNTRCT_TRGET_LC,23,15139573,경상북도 포항시_생활 인구 거주지 현황,일반공공행정 - 지방행정·재정지원,signgu,22,22,1.0,1,0,경산시|경주시|고령군|구미시|김천시,군위군
sgg,15124615,경상북도 상주시_계약 정보,일반공공행정 - 일반행정,CNTRCT_TRGET_LC,23,15143263,경상북도_마을기업 조회 현황,교통및물류 - 물류등기타,area,22,22,1.0,1,0,경산시|경주시|고령군|구미시|김천시,군위군
sgg,15124615,경상북도 상주시_계약 정보,일반공공행정 - 일반행정,CNTRCT_TRGET_LC,23,15143264,경상북도_시군별 주민센터 현황,일반공공행정 - 일반행정,addr,22,22,1.0,1,0,경산시|경주시|고령군|구미시|김천시,군위군
sgg,15124615,경상북도 상주시_계약 정보,일반공공행정 - 일반행정,CNTRCT_TRGET_LC,23,15143265,경상북도_공중화장실 정보 조회,보건 - 보건의료,roadaddr,22,22,1.0,1,0,경산시|경주시|고령군|구미시|김천시,군위군
sgg,15124615,경상북도 상주시_계약 정보,일반공공행정 - 일반행정,CNTRCT_TRGET_LC,23,15143756,경상북도_사회적기업 현황조회,교통및물류 - 물류등기타,roadaddr,22,22,1.0,1,0,경산시|경주시|고령군|구미시|김천시,군위군
sgg,15124615,경상북도 상주시_계약 정보,일반공공행정 - 일반행정,CNTRCT_TRGET_LC,23,15143780,경상북도_어린이보호구역 정보조회,사회복지 - 보육·가족및여성,roadaddr,22,22,1.0,1,0,경산시|경주시|고령군|구미시|김천시,군위군
sgg,15124615,경상북도 상주시_계약 정보,일반공공행정 - 일반행정,CNTRCT_TRGET_LC,23,15143795,경상북도_노인복지시설 현황조회,사회복지 - 노인·청소년,fcltAddr,22,22,1.0,1,0,경산시|경주시|고령군|구미시|김천시,군위군
sgg,15139566,경상북도 포항시_방문 거주지 현황,일반공공행정 - 지방행정·재정지원,signgu,22,15139573,경상북도 포항시_생활 인구 거주지 현황,일반공공행정 - 지방행정·재정지원,signgu,22,22,1.0,0,0,경산시|경주시|고령군|구미시|김천시,
sgg,15139566,경상북도 포항시_방문 거주지 현황,일반공공행정 - 지방행정·재정지원,signgu,22,15143263,경상북도_마을기업 조회 현황,교통및물류 - 물류등기타,area,22,22,1.0,0,0,경산시|경주시|고령군|구미시|김천시,
sgg,15139566,경상북도 포항시_방문 거주지 현황,일반공공행정 - 지방행정·재정지원,signgu,22,15143264,경상북도_시군별 주민센터 현황,일반공공행정 - 일반행정,addr,22,22,1.0,0,0,경산시|경주시|고령군|구미시|김천시,
sgg,15139566,경상북도 포항시_방문 거주지 현황,일반공공행정 - 지방행정·재정지원,signgu,22,15143265,경상북도_공중화장실 정보 조회,보건 - 보건의료,roadaddr,22,22,1.0,0,0,경산시|경주시|고령군|구미시|김천시,
sgg,15139566,경상북도 포항시_방문 거주지 현황,일반공공행정 - 지방행정·재정지원,signgu,22,15143756,경상북도_사회적기업 현황조회,교통및물류 - 물류등기타,roadaddr,22,22,1.0,0,0,경산시|경주시|고령군|구미시|김천시,
sgg,15139566,경상북도 포항시_방문 거주지 현황,일반공공행정 - 지방행정·재정지원,signgu,22,15143780,경상북도_어린이보호구역 정보조회,사회복지 - 보육·가족및여성,roadaddr,22,22,1.0,0,0,경산시|경주시|고령군|구미시|김천시,
sgg,15139566,경상북도 포항시_방문 거주지 현황,일반공공행정 - 지방행정·재정지원,signgu,22,15143795,경상북도_노인복지시설 현황조회,사회복지 - 노인·청소년,fcltAddr,22,22,1.0,0,0,경산시|경주시|고령군|구미시|김천시,
sgg,15139573,경상북도 포항시_생활 인구 거주지 현황,일반공공행정 - 지방행정·재정지원,signgu,22,15143263,경상북도_마을기업 조회 현황,교통및물류 - 물류등기타,area,22,22,1.0,0,0,경산시|경주시|고령군|구미시|김천시,
sgg,15139573,경상북도 포항시_생활 인구 거주지 현황,일반공공행정 - 지방행정·재정지원,signgu,22,15143264,경상북도_시군별 주민센터 현황,일반공공행정 - 일반행정,addr,22,22,1.0,0,0,경산시|경주시|고령군|구미시|김천시,
sgg,15139573,경상북도 포항시_생활 인구 거주지 현황,일반공공행정 - 지방행정·재정지원,signgu,22,15143265,경상북도_공중화장실 정보 조회,보건 - 보건의료,roadaddr,22,22,1.0,0,0,경산시|경주시|고령군|구미시|김천시,
sgg,15139573,경상북도 포항시_생활 인구 거주지 현황,일반공공행정 - 지방행정·재정지원,signgu,22,15143756,경상북도_사회적기업 현황조회,교통및물류 - 물류등기타,roadaddr,22,22,1.0,0,0,경산시|경주시|고령군|구미시|김천시,
sgg,15139573,경상북도 포항시_생활 인구 거주지 현황,일반공공행정 - 지방행정·재정지원,signgu,22,15143780,경상북도_어린이보호구역 정보조회,사회복지 - 보육·가족및여성,roadaddr,22,22,1.0,0,0,경산시|경주시|고령군|구미시|김천시,
sgg,15139573,경상북도 포항시_생활 인구 거주지 현황,일반공공행정 - 지방행정·재정지원,signgu,22,15143795,경상북도_노인복지시설 현황조회,사회복지 - 노인·청소년,fcltAddr,22,22,1.0,0,0,경산시|경주시|고령군|구미시|김천시,
sgg,15143263,경상북도_마을기업 조회 현황,교통및물류 - 물류등기타,area,22,15143264,경상북도_시군별 주민센터 현황,일반공공행정 - 일반행정,addr,22,22,1.0,0,0,경산시|경주시|고령군|구미시|김천시,
sgg,15143263,경상북도_마을기업 조회 현황,교통및물류 - 물류등기타,area,22,15143265,경상북도_공중화장실 정보 조회,보건 - 보건의료,roadaddr,22,22,1.0,0,0,경산시|경주시|고령군|구미시|김천시,
sgg,15143263,경상북도_마을기업 조회 현황,교통및물류 - 물류등기타,area,22,15143756,경상북도_사회적기업 현황조회,교통및물류 - 물류등기타,roadaddr,22,22,1.0,0,0,경산시|경주시|고령군|구미시|김천시,
sgg,15143263,경상북도_마을기업 조회 현황,교통및물류 - 물류등기타,area,22,15143780,경상북도_어린이보호구역 정보조회,사회복지 - 보육·가족및여성,roadaddr,22,22,1.0,0,0,경산시|경주시|고령군|구미시|김천시,
sgg,15143263,경상북도_마을기업 조회 현황,교통및물류 - 물류등기타,area,22,15143795,경상북도_노인복지시설 현황조회,사회복지 - 노인·청소년,fcltAddr,22,22,1.0,0,0,경산시|경주시|고령군|구미시|김천시,
sgg,15143264,경상북도_시군별 주민센터 현황,일반공공행정 - 일반행정,addr,22,15143265,경상북도_공중화장실 정보 조회,보건 - 보건의료,roadaddr,22,22,1.0,0,0,경산시|경주시|고령군|구미시|김천시,
sgg,15143264,경상북도_시군별 주민센터 현황,일반공공행정 - 일반행정,addr,22,15143756,경상북도_사회적기업 현황조회,교통및물류 - 물류등기타,roadaddr,22,22,1.0,0,0,경산시|경주시|고령군|구미시|김천시,
sgg,15143264,경상북도_시군별 주민센터 현황,일반공공행정 - 일반행정,addr,22,15143780,경상북도_어린이보호구역 정보조회,사회복지 - 보육·가족및여성,roadaddr,22,22,1.0,0,0,경산시|경주시|고령군|구미시|김천시,
sgg,15143264,경상북도_시군별 주민센터 현황,일반공공행정 - 일반행정,addr,22,15143795,경상북도_노인복지시설 현황조회,사회복지 - 노인·청소년,fcltAddr,22,22,1.0,0,0,경산시|경주시|고령군|구미시|김천시,
sgg,15143265,경상북도_공중화장실 정보 조회,보건 - 보건의료,roadaddr,22,15143756,경상북도_사회적기업 현황조회,교통및물류 - 물류등기타,roadaddr,22,22,1.0,0,0,경산시|경주시|고령군|구미시|김천시,
sgg,15143265,경상북도_공중화장실 정보 조회,보건 - 보건의료,roadaddr,22,15143780,경상북도_어린이보호구역 정보조회,사회복지 - 보육·가족및여성,roadaddr,22,22,1.0,0,0,경산시|경주시|고령군|구미시|김천시,
sgg,15143265,경상북도_공중화장실 정보 조회,보건 - 보건의료,roadaddr,22,15143795,경상북도_노인복지시설 현황조회,사회복지 - 노인·청소년,fcltAddr,22,22,1.0,0,0,경산시|경주시|고령군|구미시|김천시,
sgg,15143756,경상북도_사회적기업 현황조회,교통및물류 - 물류등기타,roadaddr,22,15143780,경상북도_어린이보호구역 정보조회,사회복지 - 보육·가족및여성,roadaddr,22,22,1.0,0,0,경산시|경주시|고령군|구미시|김천시,
sgg,15143756,경상북도_사회적기업 현황조회,교통및물류 - 물류등기타,roadaddr,22,15143795,경상북도_노인복지시설 현황조회,사회복지 - 노인·청소년,fcltAddr,22,22,1.0,0,0,경산시|경주시|고령군|구미시|김천시,
sgg,15143780,경상북도_어린이보호구역 정보조회,사회복지 - 보육·가족및여성,roadaddr,22,15143795,경상북도_노인복지시설 현황조회,사회복지 - 노인·청소년,fcltAddr,22,22,1.0,0,0,경산시|경주시|고령군|구미시|김천시,
emd,15157833,경상북도 영천시_저수지 보수보강 현황,농림 - 농업·농촌,addr,21,ep_YeongcheonCCTV,경상북도 영천시_CCTV 현황,일반공공행정 - 일반행정,lotAddr,40,21,1.0,0,19,영천시|고경면|영천시|괴연동|영천시|금노동|영천시|금호읍|영천시|대창면,영천시|과전동|영천시|교촌동|영천시|녹전동|영천시|대전동|영천시|도남동
emd,15157833,경상북도 영천시_저수지 보수보강 현황,농림 - 농업·농촌,addr,21,ep_YeongcheonRestaurants,경상북도 영천시_일반음식점현황,보건 - 식품의약안전,lotAddr,37,21,1.0,0,16,영천시|고경면|영천시|괴연동|영천시|금노동|영천시|금호읍|영천시|대창면,영천시|과전동|영천시|교촌동|영천시|도남동|영천시|도동|영천시|문내동
sgg,15000736_getHsptlBassInfoInqire,국립중앙의료원_전국 병·의원 찾기 서비스,보건 - 보건의료,dutyAddr,22,15160485,경상북도_반려동물동반관광지정보 현황조회,문화체육관광 - 관광,loc,19,19,1.0,3,0,경산시|경주시|고령군|문경시|봉화군,구미시|김천시|의성군
sgg,15000736_getHsptlMdcncFullDown,국립중앙의료원_전국 병·의원 찾기 서비스,보건 - 보건의료,dutyAddr,22,15160485,경상북도_반려동물동반관광지정보 현황조회,문화체육관광 - 관광,loc,19,19,1.0,3,0,경산시|경주시|고령군|문경시|봉화군,구미시|김천시|의성군
sgg,15000736_getHsptlMdcncListInfoInqire,국립중앙의료원_전국 병·의원 찾기 서비스,보건 - 보건의료,dutyAddr,22,15160485,경상북도_반려동물동반관광지정보 현황조회,문화체육관광 - 관광,loc,19,19,1.0,3,0,경산시|경주시|고령군|문경시|봉화군,구미시|김천시|의성군
sgg,15124615,경상북도 상주시_계약 정보,일반공공행정 - 일반행정,CNTRCT_TRGET_LC,23,15160485,경상북도_반려동물동반관광지정보 현황조회,문화체육관광 - 관광,loc,19,19,1.0,4,0,경산시|경주시|고령군|문경시|봉화군,구미시|군위군|김천시|의성군
sgg,15139566,경상북도 포항시_방문 거주지 현황,일반공공행정 - 지방행정·재정지원,signgu,22,15160485,경상북도_반려동물동반관광지정보 현황조회,문화체육관광 - 관광,loc,19,19,1.0,3,0,경산시|경주시|고령군|문경시|봉화군,구미시|김천시|의성군
sgg,15139573,경상북도 포항시_생활 인구 거주지 현황,일반공공행정 - 지방행정·재정지원,signgu,22,15160485,경상북도_반려동물동반관광지정보 현황조회,문화체육관광 - 관광,loc,19,19,1.0,3,0,경산시|경주시|고령군|문경시|봉화군,구미시|김천시|의성군
sgg,15143263,경상북도_마을기업 조회 현황,교통및물류 - 물류등기타,area,22,15160485,경상북도_반려동물동반관광지정보 현황조회,문화체육관광 - 관광,loc,19,19,1.0,3,0,경산시|경주시|고령군|문경시|봉화군,구미시|김천시|의성군
sgg,15143264,경상북도_시군별 주민센터 현황,일반공공행정 - 일반행정,addr,22,15160485,경상북도_반려동물동반관광지정보 현황조회,문화체육관광 - 관광,loc,19,19,1.0,3,0,경산시|경주시|고령군|문경시|봉화군,구미시|김천시|의성군
sgg,15143265,경상북도_공중화장실 정보 조회,보건 - 보건의료,roadaddr,22,15160485,경상북도_반려동물동반관광지정보 현황조회,문화체육관광 - 관광,loc,19,19,1.0,3,0,경산시|경주시|고령군|문경시|봉화군,구미시|김천시|의성군
sgg,15143756,경상북도_사회적기업 현황조회,교통및물류 - 물류등기타,roadaddr,22,15160485,경상북도_반려동물동반관광지정보 현황조회,문화체육관광 - 관광,loc,19,19,1.0,3,0,경산시|경주시|고령군|문경시|봉화군,구미시|김천시|의성군
sgg,15143780,경상북도_어린이보호구역 정보조회,사회복지 - 보육·가족및여성,roadaddr,22,15160485,경상북도_반려동물동반관광지정보 현황조회,문화체육관광 - 관광,loc,19,19,1.0,3,0,경산시|경주시|고령군|문경시|봉화군,구미시|김천시|의성군
sgg,15143795,경상북도_노인복지시설 현황조회,사회복지 - 노인·청소년,fcltAddr,22,15160485,경상북도_반려동물동반관광지정보 현황조회,문화체육관광 - 관광,loc,19,19,1.0,3,0,경산시|경주시|고령군|문경시|봉화군,구미시|김천시|의성군
emd,15110913,경상북도 영주시_토지재산,지역개발 - 지역및도시,LOCPLC,19,15110916,경상북도 영주시_건물재산,지역개발 - 지역및도시,LOCPLC,23,19,1.0,0,4,영주시|가흥동|영주시|고현동|영주시|문수면|영주시|문정동|영주시|상망동,영주시|단산면|영주시|봉현면|영주시|부석면|영주시|순흥면
emd,15110916,경상북도 영주시_건물재산,지역개발 - 지역및도시,LOCPLC,23,15110920,경상북도 영주시_태양광발전사업 허가내역,산업·통상·중소기업 - 에너지및자원개발,INSTL_PLACE,19,19,1.0,4,0,영주시|가흥동|영주시|고현동|영주시|단산면|영주시|문수면|영주시|문정동,영주시|아지동|영주시|영주동|영주시|적서동|영주시|창진동
sgg,15000736_getHsptlBassInfoInqire,국립중앙의료원_전국 병·의원 찾기 서비스,보건 - 보건의료,dutyAddr,22,15097246,경상북도 구미시_일반 음식점,문화체육관광 - 관광,bssh_nm,16,16,1.0,6,0,고령군|구미시|김천시|문경시|성주군,경산시|경주시|봉화군|상주시|영양군
sgg,15000736_getHsptlMdcncFullDown,국립중앙의료원_전국 병·의원 찾기 서비스,보건 - 보건의료,dutyAddr,22,15097246,경상북도 구미시_일반 음식점,문화체육관광 - 관광,bssh_nm,16,16,1.0,6,0,고령군|구미시|김천시|문경시|성주군,경산시|경주시|봉화군|상주시|영양군
sgg,15000736_getHsptlMdcncListInfoInqire,국립중앙의료원_전국 병·의원 찾기 서비스,보건 - 보건의료,dutyAddr,22,15097246,경상북도 구미시_일반 음식점,문화체육관광 - 관광,bssh_nm,16,16,1.0,6,0,고령군|구미시|김천시|문경시|성주군,경산시|경주시|봉화군|상주시|영양군
sgg,15097246,경상북도 구미시_일반 음식점,문화체육관광 - 관광,bssh_nm,16,15124615,경상북도 상주시_계약 정보,일반공공행정 - 일반행정,CNTRCT_TRGET_LC,23,16,1.0,0,7,고령군|구미시|김천시|문경시|성주군,경산시|경주시|군위군|봉화군|상주시
sgg,15097246,경상북도 구미시_일반 음식점,문화체육관광 - 관광,bssh_nm,16,15139566,경상북도 포항시_방문 거주지 현황,일반공공행정 - 지방행정·재정지원,signgu,22,16,1.0,0,6,고령군|구미시|김천시|문경시|성주군,경산시|경주시|봉화군|상주시|영양군
sgg,15097246,경상북도 구미시_일반 음식점,문화체육관광 - 관광,bssh_nm,16,15139573,경상북도 포항시_생활 인구 거주지 현황,일반공공행정 - 지방행정·재정지원,signgu,22,16,1.0,0,6,고령군|구미시|김천시|문경시|성주군,경산시|경주시|봉화군|상주시|영양군
sgg,15097246,경상북도 구미시_일반 음식점,문화체육관광 - 관광,bssh_nm,16,15143263,경상북도_마을기업 조회 현황,교통및물류 - 물류등기타,area,22,16,1.0,0,6,고령군|구미시|김천시|문경시|성주군,경산시|경주시|봉화군|상주시|영양군
sgg,15097246,경상북도 구미시_일반 음식점,문화체육관광 - 관광,bssh_nm,16,15143264,경상북도_시군별 주민센터 현황,일반공공행정 - 일반행정,addr,22,16,1.0,0,6,고령군|구미시|김천시|문경시|성주군,경산시|경주시|봉화군|상주시|영양군
sgg,15097246,경상북도 구미시_일반 음식점,문화체육관광 - 관광,bssh_nm,16,15143265,경상북도_공중화장실 정보 조회,보건 - 보건의료,roadaddr,22,16,1.0,0,6,고령군|구미시|김천시|문경시|성주군,경산시|경주시|봉화군|상주시|영양군
sgg,15097246,경상북도 구미시_일반 음식점,문화체육관광 - 관광,bssh_nm,16,15143756,경상북도_사회적기업 현황조회,교통및물류 - 물류등기타,roadaddr,22,16,1.0,0,6,고령군|구미시|김천시|문경시|성주군,경산시|경주시|봉화군|상주시|영양군
sgg,15097246,경상북도 구미시_일반 음식점,문화체육관광 - 관광,bssh_nm,16,15143780,경상북도_어린이보호구역 정보조회,사회복지 - 보육·가족및여성,roadaddr,22,16,1.0,0,6,고령군|구미시|김천시|문경시|성주군,경산시|경주시|봉화군|상주시|영양군
sgg,15097246,경상북도 구미시_일반 음식점,문화체육관광 - 관광,bssh_nm,16,15143795,경상북도_노인복지시설 현황조회,사회복지 - 노인·청소년,fcltAddr,22,16,1.0,0,6,고령군|구미시|김천시|문경시|성주군,경산시|경주시|봉화군|상주시|영양군
emd,15143265,경상북도_공중화장실 정보 조회,보건 - 보건의료,addr,437,15157794,경상북도 영천시_체육시설업현황,문화체육관광 - 체육,lotAddr,16,16,1.0,421,0,영천시|고경면|영천시|교촌동|영천시|금호읍|영천시|망정동|영천시|문내동,경산시|갑제동|경산시|계양동|경산시|남산면|경산시|남천면|경산시|대평동
emd,15157794,경상북도 영천시_체육시설업현황,문화체육관광 - 체육,lotAddr,16,15157807,경상북도 영천시_동네 체육시설 현황,문화체육관광 - 체육,lotAddr,39,16,1.0,0,23,영천시|고경면|영천시|교촌동|영천시|금호읍|영천시|망정동|영천시|문내동,영천시|과전동|영천시|금노동|영천시|남부동|영천시|녹전동|영천시|대전동
emd,15157794,경상북도 영천시_체육시설업현황,문화체육관광 - 체육,lotAddr,16,ep_YeongcheonCCTV,경상북도 영천시_CCTV 현황,일반공공행정 - 일반행정,lotAddr,40,16,1.0,0,24,영천시|고경면|영천시|교촌동|영천시|금호읍|영천시|망정동|영천시|문내동,영천시|과전동|영천시|괴연동|영천시|금노동|영천시|녹전동|영천시|대전동
emd,15157794,경상북도 영천시_체육시설업현황,문화체육관광 - 체육,lotAddr,16,ep_YeongcheonRestaurants,경상북도 영천시_일반음식점현황,보건 - 식품의약안전,lotAddr,37,16,1.0,0,21,영천시|고경면|영천시|교촌동|영천시|금호읍|영천시|망정동|영천시|문내동,영천시|과전동|영천시|괴연동|영천시|금노동|영천시|대창면|영천시|도남동
sgg,15000736_getHsptlBassInfoInqire,국립중앙의료원_전국 병·의원 찾기 서비스,보건 - 보건의료,dutyAddr,22,15139504,경상북도 포항시_광역 교통 월별 행선지 분석 전체,교통및물류 - 물류등기타,area,14,14,1.0,8,0,경산시|경주시|구미시|김천시|문경시,고령군|봉화군|성주군|영양군|울릉군
sgg,15000736_getHsptlMdcncFullDown,국립중앙의료원_전국 병·의원 찾기 서비스,보건 - 보건의료,dutyAddr,22,15139504,경상북도 포항시_광역 교통 월별 행선지 분석 전체,교통및물류 - 물류등기타,area,14,14,1.0,8,0,경산시|경주시|구미시|김천시|문경시,고령군|봉화군|성주군|영양군|울릉군
sgg,15000736_getHsptlMdcncListInfoInqire,국립중앙의료원_전국 병·의원 찾기 서비스,보건 - 보건의료,dutyAddr,22,15139504,경상북도 포항시_광역 교통 월별 행선지 분석 전체,교통및물류 - 물류등기타,area,14,14,1.0,8,0,경산시|경주시|구미시|김천시|문경시,고령군|봉화군|성주군|영양군|울릉군
sgg,15124615,경상북도 상주시_계약 정보,일반공공행정 - 일반행정,CNTRCT_TRGET_LC,23,15139504,경상북도 포항시_광역 교통 월별 행선지 분석 전체,교통및물류 - 물류등기타,area,14,14,1.0,9,0,경산시|경주시|구미시|김천시|문경시,고령군|군위군|봉화군|성주군|영양군
sgg,15139504,경상북도 포항시_광역 교통 월별 행선지 분석 전체,교통및물류 - 물류등기타,area,14,15139566,경상북도 포항시_방문 거주지 현황,일반공공행정 - 지방행정·재정지원,signgu,22,14,1.0,0,8,경산시|경주시|구미시|김천시|문경시,고령군|봉화군|성주군|영양군|울릉군
sgg,15139504,경상북도 포항시_광역 교통 월별 행선지 분석 전체,교통및물류 - 물류등기타,area,14,15139573,경상북도 포항시_생활 인구 거주지 현황,일반공공행정 - 지방행정·재정지원,signgu,22,14,1.0,0,8,경산시|경주시|구미시|김천시|문경시,고령군|봉화군|성주군|영양군|울릉군
sgg,15139504,경상북도 포항시_광역 교통 월별 행선지 분석 전체,교통및물류 - 물류등기타,area,14,15143263,경상북도_마을기업 조회 현황,교통및물류 - 물류등기타,area,22,14,1.0,0,8,경산시|경주시|구미시|김천시|문경시,고령군|봉화군|성주군|영양군|울릉군
sgg,15139504,경상북도 포항시_광역 교통 월별 행선지 분석 전체,교통및물류 - 물류등기타,area,14,15143264,경상북도_시군별 주민센터 현황,일반공공행정 - 일반행정,addr,22,14,1.0,0,8,경산시|경주시|구미시|김천시|문경시,고령군|봉화군|성주군|영양군|울릉군
sgg,15139504,경상북도 포항시_광역 교통 월별 행선지 분석 전체,교통및물류 - 물류등기타,area,14,15143265,경상북도_공중화장실 정보 조회,보건 - 보건의료,roadaddr,22,14,1.0,0,8,경산시|경주시|구미시|김천시|문경시,고령군|봉화군|성주군|영양군|울릉군
sgg,15139504,경상북도 포항시_광역 교통 월별 행선지 분석 전체,교통및물류 - 물류등기타,area,14,15143756,경상북도_사회적기업 현황조회,교통및물류 - 물류등기타,roadaddr,22,14,1.0,0,8,경산시|경주시|구미시|김천시|문경시,고령군|봉화군|성주군|영양군|울릉군
sgg,15139504,경상북도 포항시_광역 교통 월별 행선지 분석 전체,교통및물류 - 물류등기타,area,14,15143780,경상북도_어린이보호구역 정보조회,사회복지 - 보육·가족및여성,roadaddr,22,14,1.0,0,8,경산시|경주시|구미시|김천시|문경시,고령군|봉화군|성주군|영양군|울릉군
sgg,15139504,경상북도 포항시_광역 교통 월별 행선지 분석 전체,교통및물류 - 물류등기타,area,14,15143795,경상북도_노인복지시설 현황조회,사회복지 - 노인·청소년,fcltAddr,22,14,1.0,0,8,경산시|경주시|구미시|김천시|문경시,고령군|봉화군|성주군|영양군|울릉군
emd,15000736_getHsptlBassInfoInqire,국립중앙의료원_전국 병·의원 찾기 서비스,보건 - 보건의료,dutyAddr,286,15097253,경상북도 구미시_노인 복지 시설 현황,사회복지 - 노인·청소년,instt_adres,14,14,1.0,272,0,구미시|가동|구미시|고아읍|구미시|무을면|구미시|봉곡동|구미시|사곡동,경산시|남산면|경산시|남천면|경산시|사동|경산시|삼풍동|경산시|압량면
emd,15000736_getHsptlMdcncFullDown,국립중앙의료원_전국 병·의원 찾기 서비스,보건 - 보건의료,dutyAddr,288,15097253,경상북도 구미시_노인 복지 시설 현황,사회복지 - 노인·청소년,instt_adres,14,14,1.0,274,0,구미시|가동|구미시|고아읍|구미시|무을면|구미시|봉곡동|구미시|사곡동,경산시|남산면|경산시|남천면|경산시|사동|경산시|삼풍동|경산시|압량면
emd,15000736_getHsptlMdcncListInfoInqire,국립중앙의료원_전국 병·의원 찾기 서비스,보건 - 보건의료,dutyAddr,308,15097253,경상북도 구미시_노인 복지 시설 현황,사회복지 - 노인·청소년,instt_adres,14,14,1.0,294,0,구미시|가동|구미시|고아읍|구미시|무을면|구미시|봉곡동|구미시|사곡동,경산시|남산면|경산시|남천면|경산시|사동|경산시|삼풍동|경산시|압량면
emd,15157767,경상북도 영천시_공장 현황,산업·통상·중소기업 - 산업·중소기업일반,lotAddr,33,15157817,경상북도 영천시_면직물 생산공장 현황,산업·통상·중소기업 - 산업·중소기업일반,lotAddr,14,14,1.0,19,0,영천시|고경면|영천시|금호읍|영천시|녹전동|영천시|대창면|영천시|망정동,영천시|괴연동|영천시|금노동|영천시|대전동|영천시|도남동|영천시|도동
emd,15157788,경상북도 영천시_사업장폐기물배출자신고 현황,환경 - 폐기물,lotAddr,27,15157817,경상북도 영천시_면직물 생산공장 현황,산업·통상·중소기업 - 산업·중소기업일반,lotAddr,14,14,1.0,13,0,영천시|고경면|영천시|금호읍|영천시|녹전동|영천시|대창면|영천시|망정동,영천시|금노동|영천시|대전동|영천시|도남동|영천시|도동|영천시|문내동
emd,15157807,경상북도 영천시_동네 체육시설 현황,문화체육관광 - 체육,lotAddr,39,15157817,경상북도 영천시_면직물 생산공장 현황,산업·통상·중소기업 - 산업·중소기업일반,lotAddr,14,14,1.0,25,0,영천시|고경면|영천시|금호읍|영천시|녹전동|영천시|대창면|영천시|망정동,영천시|과전동|영천시|교촌동|영천시|금노동|영천시|남부동|영천시|대전동
emd,15157817,경상북도 영천시_면직물 생산공장 현황,산업·통상·중소기업 - 산업·중소기업일반,lotAddr,14,ep_YeongcheonCCTV,경상북도 영천시_CCTV 현황,일반공공행정 - 일반행정,lotAddr,40,14,1.0,0,26,영천시|고경면|영천시|금호읍|영천시|녹전동|영천시|대창면|영천시|망정동,영천시|과전동|영천시|괴연동|영천시|교촌동|영천시|금노동|영천시|대전동
emd,15157807,경상북도 영천시_동네 체육시설 현황,문화체육관광 - 체육,lotAddr,39,15157816,경상북도 영천시_강우량시설 현황,환경 - 대기,lotAddr,13,13,1.0,26,0,영천시|고경면|영천시|금호읍|영천시|대창면|영천시|문외동|영천시|범어동,영천시|과전동|영천시|교촌동|영천시|금노동|영천시|남부동|영천시|녹전동
emd,15000736_getHsptlMdcncListInfoInqire,국립중앙의료원_전국 병·의원 찾기 서비스,보건 - 보건의료,dutyAddr,308,15157838,경상북도 영천시_농어촌민박 현황,문화체육관광 - 관광,lotAddr,12,12,1.0,296,0,영천시|고경면|영천시|금호읍|영천시|대창면|영천시|신녕면|영천시|오미동,경산시|남산면|경산시|남천면|경산시|사동|경산시|삼풍동|경산시|압량면
emd,15110884,경상북도 영주시_모자보건사업실적,보건 - 보건의료,SIGNGU_NM,12,15110916,경상북도 영주시_건물재산,지역개발 - 지역및도시,LOCPLC,23,12,1.0,0,11,영주시|단산면|영주시|문수면|영주시|봉현면|영주시|부석면|영주시|상망동,영주시|가흥동|영주시|고현동|영주시|문정동|영주시|상줄동|영주시|아지동
emd,15110884,경상북도 영주시_모자보건사업실적,보건 - 보건의료,SIGNGU_NM,12,15110920,경상북도 영주시_태양광발전사업 허가내역,산업·통상·중소기업 - 에너지및자원개발,INSTL_PLACE,19,12,1.0,0,7,영주시|단산면|영주시|문수면|영주시|봉현면|영주시|부석면|영주시|상망동,영주시|가흥동|영주시|고현동|영주시|문정동|영주시|상줄동|영주시|조암동
emd,15110884,경상북도 영주시_모자보건사업실적,보건 - 보건의료,SIGNGU_NM,12,15143265,경상북도_공중화장실 정보 조회,보건 - 보건의료,addr,437,12,1.0,0,425,영주시|단산면|영주시|문수면|영주시|봉현면|영주시|부석면|영주시|상망동,경산시|갑제동|경산시|계양동|경산시|남산면|경산시|남천면|경산시|대평동
emd,15110884,경상북도 영주시_모자보건사업실적,보건 - 보건의료,SIGNGU_NM,12,15143780,경상북도_어린이보호구역 정보조회,사회복지 - 보육·가족및여성,addr,227,12,1.0,0,215,영주시|단산면|영주시|문수면|영주시|봉현면|영주시|부석면|영주시|상망동,김천시|감문면|김천시|감천면|김천시|개령면|김천시|구성면|김천시|남면
emd,15143265,경상북도_공중화장실 정보 조회,보건 - 보건의료,addr,437,15157838,경상북도 영천시_농어촌민박 현황,문화체육관광 - 관광,lotAddr,12,12,1.0,425,0,영천시|고경면|영천시|금호읍|영천시|대창면|영천시|신녕면|영천시|오미동,경산시|갑제동|경산시|계양동|경산시|남산면|경산시|남천면|경산시|대평동
emd,15157799,경상북도 영천시_미용업현황,보건 - 보건의료,roadAddr,23,15157811,경상북도 영천시_안전상비의약품 판매업 현황,보건 - 보건의료,addr,12,12,1.0,11,0,영천시|금호읍|영천시|대창면|영천시|망정동|영천시|봉동|영천시|상가동,영천시|가동|영천시|고경면|영천시|구읍|영천시|문내동|영천시|바동
emd,15157807,경상북도 영천시_동네 체육시설 현황,문화체육관광 - 체육,lotAddr,39,15157838,경상북도 영천시_농어촌민박 현황,문화체육관광 - 관광,lotAddr,12,12,1.0,27,0,영천시|고경면|영천시|금호읍|영천시|대창면|영천시|신녕면|영천시|오미동,영천시|과전동|영천시|교촌동|영천시|금노동|영천시|남부동|영천시|녹전동
emd,15157811,경상북도 영천시_안전상비의약품 판매업 현황,보건 - 보건의료,addr,12,15157822,경상북도 영천시_부동산중개업 현황,지역개발 - 지역및도시,addr,21,12,1.0,0,9,영천시|금호읍|영천시|대창면|영천시|망정동|영천시|봉동|영천시|상가동,영천시|고경면|영천시|구읍|영천시|금노동|영천시|도동|영천시|문내동
emd,15157837,경상북도 영천시_새마을회관 현황,일반공공행정 - 일반행정,lotAddr,23,15157838,경상북도 영천시_농어촌민박 현황,문화체육관광 - 관광,lotAddr,12,12,1.0,11,0,영천시|고경면|영천시|금호읍|영천시|대창면|영천시|신녕면|영천시|오미동,영천시|교촌동|영천시|대전동|영천시|도남동|영천시|범어동|영천시|북안면
emd,15157838,경상북도 영천시_농어촌민박 현황,문화체육관광 - 관광,lotAddr,12,ep_YeongcheonCCTV,경상북도 영천시_CCTV 현황,일반공공행정 - 일반행정,lotAddr,40,12,1.0,0,28,영천시|고경면|영천시|금호읍|영천시|대창면|영천시|신녕면|영천시|오미동,영천시|과전동|영천시|괴연동|영천시|교촌동|영천시|금노동|영천시|녹전동
emd,15157838,경상북도 영천시_농어촌민박 현황,문화체육관광 - 관광,lotAddr,12,ep_YeongcheonRestaurants,경상북도 영천시_일반음식점현황,보건 - 식품의약안전,lotAddr,37,12,1.0,0,25,영천시|고경면|영천시|금호읍|영천시|대창면|영천시|신녕면|영천시|오미동,영천시|과전동|영천시|괴연동|영천시|교촌동|영천시|금노동|영천시|도남동
emd,15000736_getHsptlMdcncListInfoInqire,국립중앙의료원_전국 병·의원 찾기 서비스,보건 - 보건의료,dutyAddr,308,15157812,경상북도 영천시_제설(모래) 배치현황,공공질서및안전 - 안전관리,dept,11,11,1.0,297,0,영천시|고경면|영천시|금호읍|영천시|대창면|영천시|북안면|영천시|신녕면,경산시|남산면|경산시|남천면|경산시|사동|경산시|삼풍동|경산시|압량면
emd,15000736_getHsptlMdcncListInfoInqire,국립중앙의료원_전국 병·의원 찾기 서비스,보건 - 보건의료,dutyAddr,308,15157824,경상북도 영천시_마을회관현황,사회복지 - 사회복지일반,addr,11,11,1.0,297,0,영천시|고경면|영천시|금호읍|영천시|대창면|영천시|북안면|영천시|신녕면,경산시|남산면|경산시|남천면|경산시|사동|경산시|삼풍동|경산시|압량면
emd,15097237,경상북도 구미시_농경지 용수 공급 시설,농림 - 농업·농촌,adreslnm,20,15097245,경상북도 구미시_축산 농가 현황,농림 - 농업·농촌,bplc_adreslnm,11,11,1.0,9,0,구미시|고아읍|구미시|도개면|구미시|무을면|구미시|산동면|구미시|산동읍,구미시|감문면|구미시|거의동|구미시|구포동|구미시|부곡동|구미시|선기동
emd,15110882,경상북도 영주시_산지전용허가 현황,농림 - 농업·농촌,LOCPLC,11,15110916,경상북도 영주시_건물재산,지역개발 - 지역및도시,LOCPLC,23,11,1.0,0,12,영주시|가흥동|영주시|단산면|영주시|문수면|영주시|문정동|영주시|봉현면,영주시|고현동|영주시|부석면|영주시|상줄동|영주시|순흥면|영주시|아지동
emd,15110882,경상북도 영주시_산지전용허가 현황,농림 - 농업·농촌,LOCPLC,11,15110920,경상북도 영주시_태양광발전사업 허가내역,산업·통상·중소기업 - 에너지및자원개발,INSTL_PLACE,19,11,1.0,0,8,영주시|가흥동|영주시|단산면|영주시|문수면|영주시|문정동|영주시|봉현면,영주시|고현동|영주시|부석면|영주시|상줄동|영주시|순흥면|영주시|이산면
emd,15143265,경상북도_공중화장실 정보 조회,보건 - 보건의료,addr,437,15157812,경상북도 영천시_제설(모래) 배치현황,공공질서및안전 - 안전관리,dept,11,11,1.0,426,0,영천시|고경면|영천시|금호읍|영천시|대창면|영천시|북안면|영천시|신녕면,경산시|갑제동|경산시|계양동|경산시|남산면|경산시|남천면|경산시|대평동
emd,15143265,경상북도_공중화장실 정보 조회,보건 - 보건의료,addr,437,15157824,경상북도 영천시_마을회관현황,사회복지 - 사회복지일반,addr,11,11,1.0,426,0,영천시|고경면|영천시|금호읍|영천시|대창면|영천시|북안면|영천시|신녕면,경산시|갑제동|경산시|계양동|경산시|남산면|경산시|남천면|경산시|대평동
emd,15157792,경상북도 영천시_지진재난 이재민수용시설 현황,공공질서및안전 - 안전관리,addr,13,15157812,경상북도 영천시_제설(모래) 배치현황,공공질서및안전 - 안전관리,dept,11,11,1.0,2,0,영천시|고경면|영천시|금호읍|영천시|대창면|영천시|북안면|영천시|신녕면,영천시|구읍|영천시|중앙동
emd,15157792,경상북도 영천시_지진재난 이재민수용시설 현황,공공질서및안전 - 안전관리,addr,13,15157824,경상북도 영천시_마을회관현황,사회복지 - 사회복지일반,addr,11,11,1.0,2,0,영천시|고경면|영천시|금호읍|영천시|대창면|영천시|북안면|영천시|신녕면,영천시|구읍|영천시|중앙동
emd,15157807,경상북도 영천시_동네 체육시설 현황,문화체육관광 - 체육,lotAddr,39,15157812,경상북도 영천시_제설(모래) 배치현황,공공질서및안전 - 안전관리,dept,11,11,1.0,28,0,영천시|고경면|영천시|금호읍|영천시|대창면|영천시|북안면|영천시|신녕면,영천시|과전동|영천시|교촌동|영천시|금노동|영천시|남부동|영천시|녹전동
emd,15157807,경상북도 영천시_동네 체육시설 현황,문화체육관광 - 체육,lotAddr,39,15157824,경상북도 영천시_마을회관현황,사회복지 - 사회복지일반,addr,11,11,1.0,28,0,영천시|고경면|영천시|금호읍|영천시|대창면|영천시|북안면|영천시|신녕면,영천시|과전동|영천시|교촌동|영천시|금노동|영천시|남부동|영천시|녹전동
emd,15157812,경상북도 영천시_제설(모래) 배치현황,공공질서및안전 - 안전관리,dept,11,15157816,경상북도 영천시_강우량시설 현황,환경 - 대기,lotAddr,13,11,1.0,0,2,영천시|고경면|영천시|금호읍|영천시|대창면|영천시|북안면|영천시|신녕면,영천시|문외동|영천시|범어동
emd,15157812,경상북도 영천시_제설(모래) 배치현황,공공질서및안전 - 안전관리,dept,11,15157824,경상북도 영천시_마을회관현황,사회복지 - 사회복지일반,addr,11,11,1.0,0,0,영천시|고경면|영천시|금호읍|영천시|대창면|영천시|북안면|영천시|신녕면,
emd,15157812,경상북도 영천시_제설(모래) 배치현황,공공질서및안전 - 안전관리,dept,11,15157829,경상북도 영천시_상수도원격검침 지역별 현황,지역개발 - 수자원,area,16,11,1.0,0,5,영천시|고경면|영천시|금호읍|영천시|대창면|영천시|북안면|영천시|신녕면,영천시|남부동|영천시|동부동|영천시|서부동|영천시|완산동|영천시|중앙동
emd,15157812,경상북도 영천시_제설(모래) 배치현황,공공질서및안전 - 안전관리,dept,11,15157833,경상북도 영천시_저수지 보수보강 현황,농림 - 농업·농촌,addr,21,11,1.0,0,10,영천시|고경면|영천시|금호읍|영천시|대창면|영천시|북안면|영천시|신녕면,영천시|괴연동|영천시|금노동|영천시|도림동|영천시|망정동|영천시|본촌동
emd,15157812,경상북도 영천시_제설(모래) 배치현황,공공질서및안전 - 안전관리,dept,11,15157837,경상북도 영천시_새마을회관 현황,일반공공행정 - 일반행정,lotAddr,23,11,1.0,0,12,영천시|고경면|영천시|금호읍|영천시|대창면|영천시|북안면|영천시|신녕면,영천시|교촌동|영천시|대전동|영천시|도남동|영천시|범어동|영천시|서산동
emd,15157812,경상북도 영천시_제설(모래) 배치현황,공공질서및안전 - 안전관리,dept,11,ep_YeongcheonCCTV,경상북도 영천시_CCTV 현황,일반공공행정 - 일반행정,lotAddr,40,11,1.0,0,29,영천시|고경면|영천시|금호읍|영천시|대창면|영천시|북안면|영천시|신녕면,영천시|과전동|영천시|괴연동|영천시|교촌동|영천시|금노동|영천시|녹전동
emd,15157812,경상북도 영천시_제설(모래) 배치현황,공공질서및안전 - 안전관리,dept,11,ep_YeongcheonRestaurants,경상북도 영천시_일반음식점현황,보건 - 식품의약안전,lotAddr,37,11,1.0,0,26,영천시|고경면|영천시|금호읍|영천시|대창면|영천시|북안면|영천시|신녕면,영천시|과전동|영천시|괴연동|영천시|교촌동|영천시|금노동|영천시|도남동
emd,15157816,경상북도 영천시_강우량시설 현황,환경 - 대기,lotAddr,13,15157824,경상북도 영천시_마을회관현황,사회복지 - 사회복지일반,addr,11,11,1.0,2,0,영천시|고경면|영천시|금호읍|영천시|대창면|영천시|북안면|영천시|신녕면,영천시|문외동|영천시|범어동
emd,15157824,경상북도 영천시_마을회관현황,사회복지 - 사회복지일반,addr,11,15157829,경상북도 영천시_상수도원격검침 지역별 현황,지역개발 - 수자원,area,16,11,1.0,0,5,영천시|고경면|영천시|금호읍|영천시|대창면|영천시|북안면|영천시|신녕면,영천시|남부동|영천시|동부동|영천시|서부동|영천시|완산동|영천시|중앙동
emd,15157824,경상북도 영천시_마을회관현황,사회복지 - 사회복지일반,addr,11,15157833,경상북도 영천시_저수지 보수보강 현황,농림 - 농업·농촌,addr,21,11,1.0,0,10,영천시|고경면|영천시|금호읍|영천시|대창면|영천시|북안면|영천시|신녕면,영천시|괴연동|영천시|금노동|영천시|도림동|영천시|망정동|영천시|본촌동
emd,15157824,경상북도 영천시_마을회관현황,사회복지 - 사회복지일반,addr,11,15157837,경상북도 영천시_새마을회관 현황,일반공공행정 - 일반행정,lotAddr,23,11,1.0,0,12,영천시|고경면|영천시|금호읍|영천시|대창면|영천시|북안면|영천시|신녕면,영천시|교촌동|영천시|대전동|영천시|도남동|영천시|범어동|영천시|서산동
emd,15157824,경상북도 영천시_마을회관현황,사회복지 - 사회복지일반,addr,11,ep_YeongcheonCCTV,경상북도 영천시_CCTV 현황,일반공공행정 - 일반행정,lotAddr,40,11,1.0,0,29,영천시|고경면|영천시|금호읍|영천시|대창면|영천시|북안면|영천시|신녕면,영천시|과전동|영천시|괴연동|영천시|교촌동|영천시|금노동|영천시|녹전동
emd,15157824,경상북도 영천시_마을회관현황,사회복지 - 사회복지일반,addr,11,ep_YeongcheonRestaurants,경상북도 영천시_일반음식점현황,보건 - 식품의약안전,lotAddr,37,11,1.0,0,26,영천시|고경면|영천시|금호읍|영천시|대창면|영천시|북안면|영천시|신녕면,영천시|과전동|영천시|괴연동|영천시|교촌동|영천시|금노동|영천시|도남동
sgg,15000736_getHsptlBassInfoInqire,국립중앙의료원_전국 병·의원 찾기 서비스,보건 - 보건의료,dutyAddr,22,15157788,경상북도 영천시_사업장폐기물배출자신고 현황,환경 - 폐기물,procStoreNm,10,10,1.0,12,0,경산시|경주시|고령군|구미시|김천시,상주시|성주군|안동시|영덕군|영양군
sgg,15000736_getHsptlMdcncFullDown,국립중앙의료원_전국 병·의원 찾기 서비스,보건 - 보건의료,dutyAddr,22,15157788,경상북도 영천시_사업장폐기물배출자신고 현황,환경 - 폐기물,procStoreNm,10,10,1.0,12,0,경산시|경주시|고령군|구미시|김천시,상주시|성주군|안동시|영덕군|영양군
sgg,15000736_getHsptlMdcncListInfoInqire,국립중앙의료원_전국 병·의원 찾기 서비스,보건 - 보건의료,dutyAddr,22,15157788,경상북도 영천시_사업장폐기물배출자신고 현황,환경 - 폐기물,procStoreNm,10,10,1.0,12,0,경산시|경주시|고령군|구미시|김천시,상주시|성주군|안동시|영덕군|영양군
sgg,15124615,경상북도 상주시_계약 정보,일반공공행정 - 일반행정,CNTRCT_TRGET_LC,23,15139519,경상북도 포항시_생활 지도 시설 현황,사회복지 - 사회복지일반,addr,10,10,1.0,13,0,경주시|군위군|봉화군|상주시|안동시,경산시|고령군|구미시|김천시|문경시
sgg,15124615,경상북도 상주시_계약 정보,일반공공행정 - 일반행정,CNTRCT_TRGET_LC,23,15157788,경상북도 영천시_사업장폐기물배출자신고 현황,환경 - 폐기물,procStoreNm,10,10,1.0,13,0,경산시|경주시|고령군|구미시|김천시,군위군|상주시|성주군|안동시|영덕군
sgg,15139566,경상북도 포항시_방문 거주지 현황,일반공공행정 - 지방행정·재정지원,signgu,22,15157788,경상북도 영천시_사업장폐기물배출자신고 현황,환경 - 폐기물,procStoreNm,10,10,1.0,12,0,경산시|경주시|고령군|구미시|김천시,상주시|성주군|안동시|영덕군|영양군
sgg,15139573,경상북도 포항시_생활 인구 거주지 현황,일반공공행정 - 지방행정·재정지원,signgu,22,15157788,경상북도 영천시_사업장폐기물배출자신고 현황,환경 - 폐기물,procStoreNm,10,10,1.0,12,0,경산시|경주시|고령군|구미시|김천시,상주시|성주군|안동시|영덕군|영양군
sgg,15143263,경상북도_마을기업 조회 현황,교통및물류 - 물류등기타,area,22,15157788,경상북도 영천시_사업장폐기물배출자신고 현황,환경 - 폐기물,procStoreNm,10,10,1.0,12,0,경산시|경주시|고령군|구미시|김천시,상주시|성주군|안동시|영덕군|영양군
sgg,15143264,경상북도_시군별 주민센터 현황,일반공공행정 - 일반행정,addr,22,15157788,경상북도 영천시_사업장폐기물배출자신고 현황,환경 - 폐기물,procStoreNm,10,10,1.0,12,0,경산시|경주시|고령군|구미시|김천시,상주시|성주군|안동시|영덕군|영양군
sgg,15143265,경상북도_공중화장실 정보 조회,보건 - 보건의료,roadaddr,22,15157788,경상북도 영천시_사업장폐기물배출자신고 현황,환경 - 폐기물,procStoreNm,10,10,1.0,12,0,경산시|경주시|고령군|구미시|김천시,상주시|성주군|안동시|영덕군|영양군
sgg,15143756,경상북도_사회적기업 현황조회,교통및물류 - 물류등기타,roadaddr,22,15157788,경상북도 영천시_사업장폐기물배출자신고 현황,환경 - 폐기물,procStoreNm,10,10,1.0,12,0,경산시|경주시|고령군|구미시|김천시,상주시|성주군|안동시|영덕군|영양군
sgg,15143780,경상북도_어린이보호구역 정보조회,사회복지 - 보육·가족및여성,roadaddr,22,15157788,경상북도 영천시_사업장폐기물배출자신고 현황,환경 - 폐기물,procStoreNm,10,10,1.0,12,0,경산시|경주시|고령군|구미시|김천시,상주시|성주군|안동시|영덕군|영양군
sgg,15143795,경상북도_노인복지시설 현황조회,사회복지 - 노인·청소년,fcltAddr,22,15157788,경상북도 영천시_사업장폐기물배출자신고 현황,환경 - 폐기물,procStoreNm,10,10,1.0,12,0,경산시|경주시|고령군|구미시|김천시,상주시|성주군|안동시|영덕군|영양군
emd,15000736_getHsptlBassInfoInqire,국립중앙의료원_전국 병·의원 찾기 서비스,보건 - 보건의료,dutyAddr,286,15110883,경상북도 영주시_보건지소 및 진료소 현황,보건 - 보건의료,LC,10,10,1.0,276,0,영주시|단산면|영주시|문수면|영주시|봉현면|영주시|부석면|영주시|순흥면,경산시|남산면|경산시|남천면|경산시|사동|경산시|삼풍동|경산시|압량면
emd,15000736_getHsptlMdcncFullDown,국립중앙의료원_전국 병·의원 찾기 서비스,보건 - 보건의료,dutyAddr,288,15110883,경상북도 영주시_보건지소 및 진료소 현황,보건 - 보건의료,LC,10,10,1.0,278,0,영주시|단산면|영주시|문수면|영주시|봉현면|영주시|부석면|영주시|순흥면,경산시|남산면|경산시|남천면|경산시|사동|경산시|삼풍동|경산시|압량면
emd,15000736_getHsptlMdcncListInfoInqire,국립중앙의료원_전국 병·의원 찾기 서비스,보건 - 보건의료,dutyAddr,308,15110883,경상북도 영주시_보건지소 및 진료소 현황,보건 - 보건의료,LC,10,10,1.0,298,0,영주시|단산면|영주시|문수면|영주시|봉현면|영주시|부석면|영주시|순흥면,경산시|남산면|경산시|남천면|경산시|사동|경산시|삼풍동|경산시|압량면
emd,15110880,경상북도 영주시_농지전용허가 현황,농림 - 농업·농촌,LOCPLC,10,15110916,경상북도 영주시_건물재산,지역개발 - 지역및도시,LOCPLC,23,10,1.0,0,13,영주시|고현동|영주시|단산면|영주시|문수면|영주시|봉현면|영주시|부석면,영주시|가흥동|영주시|문정동|영주시|상망동|영주시|상줄동|영주시|순흥면
emd,15110880,경상북도 영주시_농지전용허가 현황,농림 - 농업·농촌,LOCPLC,10,15110920,경상북도 영주시_태양광발전사업 허가내역,산업·통상·중소기업 - 에너지및자원개발,INSTL_PLACE,19,10,1.0,0,9,영주시|고현동|영주시|단산면|영주시|문수면|영주시|봉현면|영주시|부석면,영주시|가흥동|영주시|문정동|영주시|상망동|영주시|상줄동|영주시|순흥면
emd,15110880,경상북도 영주시_농지전용허가 현황,농림 - 농업·농촌,LOCPLC,10,15143265,경상북도_공중화장실 정보 조회,보건 - 보건의료,addr,437,10,1.0,0,427,영주시|고현동|영주시|단산면|영주시|문수면|영주시|봉현면|영주시|부석면,경산시|갑제동|경산시|계양동|경산시|남산면|경산시|남천면|경산시|대평동
emd,15110883,경상북도 영주시_보건지소 및 진료소 현황,보건 - 보건의료,LC,10,15110884,경상북도 영주시_모자보건사업실적,보건 - 보건의료,SIGNGU_NM,12,10,1.0,0,2,영주시|단산면|영주시|문수면|영주시|봉현면|영주시|부석면|영주시|순흥면,영주시|상망동|영주시|하망동
emd,15110883,경상북도 영주시_보건지소 및 진료소 현황,보건 - 보건의료,LC,10,15110916,경상북도 영주시_건물재산,지역개발 - 지역및도시,LOCPLC,23,10,1.0,0,13,영주시|단산면|영주시|문수면|영주시|봉현면|영주시|부석면|영주시|순흥면,영주시|가흥동|영주시|고현동|영주시|문정동|영주시|상망동|영주시|상줄동
emd,15110883,경상북도 영주시_보건지소 및 진료소 현황,보건 - 보건의료,LC,10,15110920,경상북도 영주시_태양광발전사업 허가내역,산업·통상·중소기업 - 에너지및자원개발,INSTL_PLACE,19,10,1.0,0,9,영주시|단산면|영주시|문수면|영주시|봉현면|영주시|부석면|영주시|순흥면,영주시|가흥동|영주시|고현동|영주시|문정동|영주시|상망동|영주시|상줄동
emd,15110883,경상북도 영주시_보건지소 및 진료소 현황,보건 - 보건의료,LC,10,15143264,경상북도_시군별 주민센터 현황,일반공공행정 - 일반행정,addr,230,10,1.0,0,220,영주시|단산면|영주시|문수면|영주시|봉현면|영주시|부석면|영주시|순흥면,경산시|남산면|경산시|남천면|경산시|압량읍|경산시|와촌면|경산시|용성면
emd,15110883,경상북도 영주시_보건지소 및 진료소 현황,보건 - 보건의료,LC,10,15143265,경상북도_공중화장실 정보 조회,보건 - 보건의료,addr,437,10,1.0,0,427,영주시|단산면|영주시|문수면|영주시|봉현면|영주시|부석면|영주시|순흥면,경산시|갑제동|경산시|계양동|경산시|남산면|경산시|남천면|경산시|대평동
emd,15110883,경상북도 영주시_보건지소 및 진료소 현황,보건 - 보건의료,LC,10,15143780,경상북도_어린이보호구역 정보조회,사회복지 - 보육·가족및여성,addr,227,10,1.0,0,217,영주시|단산면|영주시|문수면|영주시|봉현면|영주시|부석면|영주시|순흥면,김천시|감문면|김천시|감천면|김천시|개령면|김천시|구성면|김천시|남면
emd,15157795,경상북도 영천시_동물병원 현황,농림 - 임업·산촌,addr,10,15157807,경상북도 영천시_동네 체육시설 현황,문화체육관광 - 체육,lotAddr,39,10,1.0,0,29,영천시|금호읍|영천시|도림동|영천시|문내동|영천시|문외동|영천시|북안면,영천시|고경면|영천시|과전동|영천시|교촌동|영천시|금노동|영천시|남부동
emd,15157795,경상북도 영천시_동물병원 현황,농림 - 임업·산촌,addr,10,ep_YeongcheonCCTV,경상북도 영천시_CCTV 현황,일반공공행정 - 일반행정,lotAddr,40,10,1.0,0,30,영천시|금호읍|영천시|도림동|영천시|문내동|영천시|문외동|영천시|북안면,영천시|고경면|영천시|과전동|영천시|괴연동|영천시|교촌동|영천시|금노동
emd,15157795,경상북도 영천시_동물병원 현황,농림 - 임업·산촌,addr,10,ep_YeongcheonRestaurants,경상북도 영천시_일반음식점현황,보건 - 식품의약안전,lotAddr,37,10,1.0,0,27,영천시|금호읍|영천시|도림동|영천시|문내동|영천시|문외동|영천시|북안면,영천시|고경면|영천시|과전동|영천시|괴연동|영천시|교촌동|영천시|금노동
emd,15000736_getHsptlBassInfoInqire,국립중앙의료원_전국 병·의원 찾기 서비스,보건 - 보건의료,dutyAddr,286,15110872,경상북도 영주시_안심식당 현황,문화체육관광 - 관광,ADRES,9,9,1.0,277,0,영주시|단산면|영주시|문수면|영주시|봉현면|영주시|부석면|영주시|순흥면,경산시|남산면|경산시|남천면|경산시|사동|경산시|삼풍동|경산시|압량면
emd,15000736_getHsptlBassInfoInqire,국립중앙의료원_전국 병·의원 찾기 서비스,보건 - 보건의료,dutyAddr,286,15110897,경상북도 영주시_노인복지시설,사회복지 - 사회복지일반,RDNMADR,9,9,1.0,277,0,영주시|문수면|영주시|봉현면|영주시|순흥면|영주시|안정면|영주시|장수면,경산시|남산면|경산시|남천면|경산시|사동|경산시|삼풍동|경산시|압량면
emd,15000736_getHsptlBassInfoInqire,국립중앙의료원_전국 병·의원 찾기 서비스,보건 - 보건의료,dutyAddr,286,15110924,경상북도 영주시_농어촌민박 신고대장,문화체육관광 - 문화체육관광일반,RDNMADR,9,9,1.0,277,0,영주시|단산면|영주시|문수면|영주시|봉현면|영주시|부석면|영주시|순흥면,경산시|남산면|경산시|남천면|경산시|사동|경산시|삼풍동|경산시|압량면
emd,15000736_getHsptlMdcncFullDown,국립중앙의료원_전국 병·의원 찾기 서비스,보건 - 보건의료,dutyAddr,288,15110872,경상북도 영주시_안심식당 현황,문화체육관광 - 관광,ADRES,9,9,1.0,279,0,영주시|단산면|영주시|문수면|영주시|봉현면|영주시|부석면|영주시|순흥면,경산시|남산면|경산시|남천면|경산시|사동|경산시|삼풍동|경산시|압량면
emd,15000736_getHsptlMdcncFullDown,국립중앙의료원_전국 병·의원 찾기 서비스,보건 - 보건의료,dutyAddr,288,15110897,경상북도 영주시_노인복지시설,사회복지 - 사회복지일반,RDNMADR,9,9,1.0,279,0,영주시|문수면|영주시|봉현면|영주시|순흥면|영주시|안정면|영주시|장수면,경산시|남산면|경산시|남천면|경산시|사동|경산시|삼풍동|경산시|압량면
emd,15000736_getHsptlMdcncFullDown,국립중앙의료원_전국 병·의원 찾기 서비스,보건 - 보건의료,dutyAddr,288,15110924,경상북도 영주시_농어촌민박 신고대장,문화체육관광 - 문화체육관광일반,RDNMADR,9,9,1.0,279,0,영주시|단산면|영주시|문수면|영주시|봉현면|영주시|부석면|영주시|순흥면,경산시|남산면|경산시|남천면|경산시|사동|경산시|삼풍동|경산시|압량면
emd,15000736_getHsptlMdcncListInfoInqire,국립중앙의료원_전국 병·의원 찾기 서비스,보건 - 보건의료,dutyAddr,308,15110872,경상북도 영주시_안심식당 현황,문화체육관광 - 관광,ADRES,9,9,1.0,299,0,영주시|단산면|영주시|문수면|영주시|봉현면|영주시|부석면|영주시|순흥면,경산시|남산면|경산시|남천면|경산시|사동|경산시|삼풍동|경산시|압량면
emd,15000736_getHsptlMdcncListInfoInqire,국립중앙의료원_전국 병·의원 찾기 서비스,보건 - 보건의료,dutyAddr,308,15110897,경상북도 영주시_노인복지시설,사회복지 - 사회복지일반,RDNMADR,9,9,1.0,299,0,영주시|문수면|영주시|봉현면|영주시|순흥면|영주시|안정면|영주시|장수면,경산시|남산면|경산시|남천면|경산시|사동|경산시|삼풍동|경산시|압량면
emd,15000736_getHsptlMdcncListInfoInqire,국립중앙의료원_전국 병·의원 찾기 서비스,보건 - 보건의료,dutyAddr,308,15110924,경상북도 영주시_농어촌민박 신고대장,문화체육관광 - 문화체육관광일반,RDNMADR,9,9,1.0,299,0,영주시|단산면|영주시|문수면|영주시|봉현면|영주시|부석면|영주시|순흥면,경산시|남산면|경산시|남천면|경산시|사동|경산시|삼풍동|경산시|압량면
emd,15110872,경상북도 영주시_안심식당 현황,문화체육관광 - 관광,ADRES,9,15110883,경상북도 영주시_보건지소 및 진료소 현황,보건 - 보건의료,LC,10,9,1.0,0,1,영주시|단산면|영주시|문수면|영주시|봉현면|영주시|부석면|영주시|순흥면,영주시|평은면
emd,15110872,경상북도 영주시_안심식당 현황,문화체육관광 - 관광,ADRES,9,15110884,경상북도 영주시_모자보건사업실적,보건 - 보건의료,SIGNGU_NM,12,9,1.0,0,3,영주시|단산면|영주시|문수면|영주시|봉현면|영주시|부석면|영주시|순흥면,영주시|상망동|영주시|평은면|영주시|하망동
emd,15110872,경상북도 영주시_안심식당 현황,문화체육관광 - 관광,ADRES,9,15110916,경상북도 영주시_건물재산,지역개발 - 지역및도시,LOCPLC,23,9,1.0,0,14,영주시|단산면|영주시|문수면|영주시|봉현면|영주시|부석면|영주시|순흥면,영주시|가흥동|영주시|고현동|영주시|문정동|영주시|상망동|영주시|상줄동
emd,15110872,경상북도 영주시_안심식당 현황,문화체육관광 - 관광,ADRES,9,15110920,경상북도 영주시_태양광발전사업 허가내역,산업·통상·중소기업 - 에너지및자원개발,INSTL_PLACE,19,9,1.0,0,10,영주시|단산면|영주시|문수면|영주시|봉현면|영주시|부석면|영주시|순흥면,영주시|가흥동|영주시|고현동|영주시|문정동|영주시|상망동|영주시|상줄동
emd,15110872,경상북도 영주시_안심식당 현황,문화체육관광 - 관광,ADRES,9,15143264,경상북도_시군별 주민센터 현황,일반공공행정 - 일반행정,addr,230,9,1.0,0,221,영주시|단산면|영주시|문수면|영주시|봉현면|영주시|부석면|영주시|순흥면,경산시|남산면|경산시|남천면|경산시|압량읍|경산시|와촌면|경산시|용성면
emd,15110872,경상북도 영주시_안심식당 현황,문화체육관광 - 관광,ADRES,9,15143265,경상북도_공중화장실 정보 조회,보건 - 보건의료,addr,437,9,1.0,0,428,영주시|단산면|영주시|문수면|영주시|봉현면|영주시|부석면|영주시|순흥면,경산시|갑제동|경산시|계양동|경산시|남산면|경산시|남천면|경산시|대평동
emd,15110872,경상북도 영주시_안심식당 현황,문화체육관광 - 관광,ADRES,9,15143780,경상북도_어린이보호구역 정보조회,사회복지 - 보육·가족및여성,addr,227,9,1.0,0,218,영주시|단산면|영주시|문수면|영주시|봉현면|영주시|부석면|영주시|순흥면,김천시|감문면|김천시|감천면|김천시|개령면|김천시|구성면|김천시|남면
emd,15110883,경상북도 영주시_보건지소 및 진료소 현황,보건 - 보건의료,LC,10,15110924,경상북도 영주시_농어촌민박 신고대장,문화체육관광 - 문화체육관광일반,RDNMADR,9,9,1.0,1,0,영주시|단산면|영주시|문수면|영주시|봉현면|영주시|부석면|영주시|순흥면,영주시|장수면
emd,15110884,경상북도 영주시_모자보건사업실적,보건 - 보건의료,SIGNGU_NM,12,15110924,경상북도 영주시_농어촌민박 신고대장,문화체육관광 - 문화체육관광일반,RDNMADR,9,9,1.0,3,0,영주시|단산면|영주시|문수면|영주시|봉현면|영주시|부석면|영주시|순흥면,영주시|상망동|영주시|장수면|영주시|하망동
emd,15110897,경상북도 영주시_노인복지시설,사회복지 - 사회복지일반,RDNMADR,9,15110916,경상북도 영주시_건물재산,지역개발 - 지역및도시,LOCPLC,23,9,1.0,0,14,영주시|문수면|영주시|봉현면|영주시|순흥면|영주시|안정면|영주시|장수면,영주시|가흥동|영주시|고현동|영주시|단산면|영주시|문정동|영주시|부석면
emd,15110897,경상북도 영주시_노인복지시설,사회복지 - 사회복지일반,RDNMADR,9,15110920,경상북도 영주시_태양광발전사업 허가내역,산업·통상·중소기업 - 에너지및자원개발,INSTL_PLACE,19,9,1.0,0,10,영주시|문수면|영주시|봉현면|영주시|순흥면|영주시|안정면|영주시|장수면,영주시|가흥동|영주시|고현동|영주시|단산면|영주시|문정동|영주시|부석면
emd,15110897,경상북도 영주시_노인복지시설,사회복지 - 사회복지일반,RDNMADR,9,15143265,경상북도_공중화장실 정보 조회,보건 - 보건의료,addr,437,9,1.0,0,428,영주시|문수면|영주시|봉현면|영주시|순흥면|영주시|안정면|영주시|장수면,경산시|갑제동|경산시|계양동|경산시|남산면|경산시|남천면|경산시|대평동
emd,15110897,경상북도 영주시_노인복지시설,사회복지 - 사회복지일반,RDNMADR,9,15143780,경상북도_어린이보호구역 정보조회,사회복지 - 보육·가족및여성,addr,227,9,1.0,0,218,영주시|문수면|영주시|봉현면|영주시|순흥면|영주시|안정면|영주시|장수면,김천시|감문면|김천시|감천면|김천시|개령면|김천시|구성면|김천시|남면
emd,15110904,경상북도 영주시_연도별 주요기업 유치현황,산업·통상·중소기업 - 산업·중소기업일반,LC,9,15110916,경상북도 영주시_건물재산,지역개발 - 지역및도시,LOCPLC,23,9,1.0,0,14,영주시|가흥동|영주시|문수면|영주시|부석면|영주시|상줄동|영주시|아지동,영주시|고현동|영주시|단산면|영주시|문정동|영주시|봉현면|영주시|상망동
emd,15110904,경상북도 영주시_연도별 주요기업 유치현황,산업·통상·중소기업 - 산업·중소기업일반,LC,9,15143265,경상북도_공중화장실 정보 조회,보건 - 보건의료,addr,437,9,1.0,0,428,영주시|가흥동|영주시|문수면|영주시|부석면|영주시|상줄동|영주시|아지동,경산시|갑제동|경산시|계양동|경산시|남산면|경산시|남천면|경산시|대평동
emd,15110916,경상북도 영주시_건물재산,지역개발 - 지역및도시,LOCPLC,23,15110924,경상북도 영주시_농어촌민박 신고대장,문화체육관광 - 문화체육관광일반,RDNMADR,9,9,1.0,14,0,영주시|단산면|영주시|문수면|영주시|봉현면|영주시|부석면|영주시|순흥면,영주시|가흥동|영주시|고현동|영주시|문정동|영주시|상망동|영주시|상줄동
emd,15110920,경상북도 영주시_태양광발전사업 허가내역,산업·통상·중소기업 - 에너지및자원개발,INSTL_PLACE,19,15110924,경상북도 영주시_농어촌민박 신고대장,문화체육관광 - 문화체육관광일반,RDNMADR,9,9,1.0,10,0,영주시|단산면|영주시|문수면|영주시|봉현면|영주시|부석면|영주시|순흥면,영주시|가흥동|영주시|고현동|영주시|문정동|영주시|상망동|영주시|상줄동
emd,15110924,경상북도 영주시_농어촌민박 신고대장,문화체육관광 - 문화체육관광일반,RDNMADR,9,15143264,경상북도_시군별 주민센터 현황,일반공공행정 - 일반행정,addr,230,9,1.0,0,221,영주시|단산면|영주시|문수면|영주시|봉현면|영주시|부석면|영주시|순흥면,경산시|남산면|경산시|남천면|경산시|압량읍|경산시|와촌면|경산시|용성면
emd,15110924,경상북도 영주시_농어촌민박 신고대장,문화체육관광 - 문화체육관광일반,RDNMADR,9,15143265,경상북도_공중화장실 정보 조회,보건 - 보건의료,addr,437,9,1.0,0,428,영주시|단산면|영주시|문수면|영주시|봉현면|영주시|부석면|영주시|순흥면,경산시|갑제동|경산시|계양동|경산시|남산면|경산시|남천면|경산시|대평동
emd,15110924,경상북도 영주시_농어촌민박 신고대장,문화체육관광 - 문화체육관광일반,RDNMADR,9,15143780,경상북도_어린이보호구역 정보조회,사회복지 - 보육·가족및여성,addr,227,9,1.0,0,218,영주시|단산면|영주시|문수면|영주시|봉현면|영주시|부석면|영주시|순흥면,김천시|감문면|김천시|감천면|김천시|개령면|김천시|구성면|김천시|남면
emd,15000736_getHsptlBassInfoInqire,국립중앙의료원_전국 병·의원 찾기 서비스,보건 - 보건의료,dutyAddr,286,15110876,경상북도 영주시_일반음식점 입식테이블 설치지원 업소현황,일반공공행정 - 일반행정,ADRES,8,8,1.0,278,0,영주시|단산면|영주시|봉현면|영주시|부석면|영주시|순흥면|영주시|안정면,경산시|남산면|경산시|남천면|경산시|사동|경산시|삼풍동|경산시|압량면
emd,15000736_getHsptlMdcncFullDown,국립중앙의료원_전국 병·의원 찾기 서비스,보건 - 보건의료,dutyAddr,288,15110876,경상북도 영주시_일반음식점 입식테이블 설치지원 업소현황,일반공공행정 - 일반행정,ADRES,8,8,1.0,280,0,영주시|단산면|영주시|봉현면|영주시|부석면|영주시|순흥면|영주시|안정면,경산시|남산면|경산시|남천면|경산시|사동|경산시|삼풍동|경산시|압량면
emd,15000736_getHsptlMdcncListInfoInqire,국립중앙의료원_전국 병·의원 찾기 서비스,보건 - 보건의료,dutyAddr,308,15110876,경상북도 영주시_일반음식점 입식테이블 설치지원 업소현황,일반공공행정 - 일반행정,ADRES,8,8,1.0,300,0,영주시|단산면|영주시|봉현면|영주시|부석면|영주시|순흥면|영주시|안정면,경산시|남산면|경산시|남천면|경산시|사동|경산시|삼풍동|경산시|압량면
emd,15000736_getHsptlMdcncListInfoInqire,국립중앙의료원_전국 병·의원 찾기 서비스,보건 - 보건의료,dutyAddr,308,15157808,경상북도 영천시_캠핑장현황,문화체육관광 - 관광,addr,8,8,1.0,300,0,영천시|고경면|영천시|금호읍|영천시|대창면|영천시|신녕면|영천시|임고면,경산시|남산면|경산시|남천면|경산시|사동|경산시|삼풍동|경산시|압량면
emd,15110876,경상북도 영주시_일반음식점 입식테이블 설치지원 업소현황,일반공공행정 - 일반행정,ADRES,8,15110916,경상북도 영주시_건물재산,지역개발 - 지역및도시,LOCPLC,23,8,1.0,0,15,영주시|단산면|영주시|봉현면|영주시|부석면|영주시|순흥면|영주시|안정면,영주시|가흥동|영주시|고현동|영주시|문수면|영주시|문정동|영주시|상망동
emd,15110876,경상북도 영주시_일반음식점 입식테이블 설치지원 업소현황,일반공공행정 - 일반행정,ADRES,8,15143265,경상북도_공중화장실 정보 조회,보건 - 보건의료,addr,437,8,1.0,0,429,영주시|단산면|영주시|봉현면|영주시|부석면|영주시|순흥면|영주시|안정면,경산시|갑제동|경산시|계양동|경산시|남산면|경산시|남천면|경산시|대평동
emd,15110876,경상북도 영주시_일반음식점 입식테이블 설치지원 업소현황,일반공공행정 - 일반행정,ADRES,8,15143780,경상북도_어린이보호구역 정보조회,사회복지 - 보육·가족및여성,addr,227,8,1.0,0,219,영주시|단산면|영주시|봉현면|영주시|부석면|영주시|순흥면|영주시|안정면,김천시|감문면|김천시|감천면|김천시|개령면|김천시|구성면|김천시|남면
emd,15143265,경상북도_공중화장실 정보 조회,보건 - 보건의료,addr,437,15157808,경상북도 영천시_캠핑장현황,문화체육관광 - 관광,addr,8,8,1.0,429,0,영천시|고경면|영천시|금호읍|영천시|대창면|영천시|신녕면|영천시|임고면,경산시|갑제동|경산시|계양동|경산시|남산면|경산시|남천면|경산시|대평동
emd,15157792,경상북도 영천시_지진재난 이재민수용시설 현황,공공질서및안전 - 안전관리,addr,13,15157808,경상북도 영천시_캠핑장현황,문화체육관광 - 관광,addr,8,8,1.0,5,0,영천시|고경면|영천시|금호읍|영천시|대창면|영천시|신녕면|영천시|임고면,영천시|구읍|영천시|북안면|영천시|중앙동|영천시|화남면|영천시|화산면
emd,15157807,경상북도 영천시_동네 체육시설 현황,문화체육관광 - 체육,lotAddr,39,15157808,경상북도 영천시_캠핑장현황,문화체육관광 - 관광,addr,8,8,1.0,31,0,영천시|고경면|영천시|금호읍|영천시|대창면|영천시|신녕면|영천시|임고면,영천시|과전동|영천시|교촌동|영천시|금노동|영천시|남부동|영천시|녹전동
emd,15157808,경상북도 영천시_캠핑장현황,문화체육관광 - 관광,addr,8,15157812,경상북도 영천시_제설(모래) 배치현황,공공질서및안전 - 안전관리,dept,11,8,1.0,0,3,영천시|고경면|영천시|금호읍|영천시|대창면|영천시|신녕면|영천시|임고면,영천시|북안면|영천시|화남면|영천시|화산면
emd,15157808,경상북도 영천시_캠핑장현황,문화체육관광 - 관광,addr,8,15157816,경상북도 영천시_강우량시설 현황,환경 - 대기,lotAddr,13,8,1.0,0,5,영천시|고경면|영천시|금호읍|영천시|대창면|영천시|신녕면|영천시|임고면,영천시|문외동|영천시|범어동|영천시|북안면|영천시|화남면|영천시|화산면
emd,15157808,경상북도 영천시_캠핑장현황,문화체육관광 - 관광,addr,8,15157824,경상북도 영천시_마을회관현황,사회복지 - 사회복지일반,addr,11,8,1.0,0,3,영천시|고경면|영천시|금호읍|영천시|대창면|영천시|신녕면|영천시|임고면,영천시|북안면|영천시|화남면|영천시|화산면
emd,15157808,경상북도 영천시_캠핑장현황,문화체육관광 - 관광,addr,8,15157829,경상북도 영천시_상수도원격검침 지역별 현황,지역개발 - 수자원,area,16,8,1.0,0,8,영천시|고경면|영천시|금호읍|영천시|대창면|영천시|신녕면|영천시|임고면,영천시|남부동|영천시|동부동|영천시|북안면|영천시|서부동|영천시|완산동
emd,15157808,경상북도 영천시_캠핑장현황,문화체육관광 - 관광,addr,8,15157833,경상북도 영천시_저수지 보수보강 현황,농림 - 농업·농촌,addr,21,8,1.0,0,13,영천시|고경면|영천시|금호읍|영천시|대창면|영천시|신녕면|영천시|임고면,영천시|괴연동|영천시|금노동|영천시|도림동|영천시|망정동|영천시|본촌동
emd,15157808,경상북도 영천시_캠핑장현황,문화체육관광 - 관광,addr,8,15157837,경상북도 영천시_새마을회관 현황,일반공공행정 - 일반행정,lotAddr,23,8,1.0,0,15,영천시|고경면|영천시|금호읍|영천시|대창면|영천시|신녕면|영천시|임고면,영천시|교촌동|영천시|대전동|영천시|도남동|영천시|범어동|영천시|북안면
emd,15157808,경상북도 영천시_캠핑장현황,문화체육관광 - 관광,addr,8,15157838,경상북도 영천시_농어촌민박 현황,문화체육관광 - 관광,lotAddr,12,8,1.0,0,4,영천시|고경면|영천시|금호읍|영천시|대창면|영천시|신녕면|영천시|임고면,영천시|오미동|영천시|완산동|영천시|화남면|영천시|화산면
emd,15157808,경상북도 영천시_캠핑장현황,문화체육관광 - 관광,addr,8,ep_YeongcheonCCTV,경상북도 영천시_CCTV 현황,일반공공행정 - 일반행정,lotAddr,40,8,1.0,0,32,영천시|고경면|영천시|금호읍|영천시|대창면|영천시|신녕면|영천시|임고면,영천시|과전동|영천시|괴연동|영천시|교촌동|영천시|금노동|영천시|녹전동
emd,15157808,경상북도 영천시_캠핑장현황,문화체육관광 - 관광,addr,8,ep_YeongcheonRestaurants,경상북도 영천시_일반음식점현황,보건 - 식품의약안전,lotAddr,37,8,1.0,0,29,영천시|고경면|영천시|금호읍|영천시|대창면|영천시|신녕면|영천시|임고면,영천시|과전동|영천시|괴연동|영천시|교촌동|영천시|금노동|영천시|도남동
sgg,15000736_getHsptlBassInfoInqire,국립중앙의료원_전국 병·의원 찾기 서비스,보건 - 보건의료,dutyAddr,22,15110937,경상북도 영주시_불법주정차 CCTV 단속 현황,교통및물류 - 물류등기타,VIOLT_PLACE,7,7,1.0,15,0,봉화군|안동시|영양군|영주시|예천군,경산시|경주시|고령군|구미시|김천시
sgg,15000736_getHsptlMdcncFullDown,국립중앙의료원_전국 병·의원 찾기 서비스,보건 - 보건의료,dutyAddr,22,15110937,경상북도 영주시_불법주정차 CCTV 단속 현황,교통및물류 - 물류등기타,VIOLT_PLACE,7,7,1.0,15,0,봉화군|안동시|영양군|영주시|예천군,경산시|경주시|고령군|구미시|김천시
sgg,15000736_getHsptlMdcncListInfoInqire,국립중앙의료원_전국 병·의원 찾기 서비스,보건 - 보건의료,dutyAddr,22,15110937,경상북도 영주시_불법주정차 CCTV 단속 현황,교통및물류 - 물류등기타,VIOLT_PLACE,7,7,1.0,15,0,봉화군|안동시|영양군|영주시|예천군,경산시|경주시|고령군|구미시|김천시
sgg,15110937,경상북도 영주시_불법주정차 CCTV 단속 현황,교통및물류 - 물류등기타,VIOLT_PLACE,7,15124615,경상북도 상주시_계약 정보,일반공공행정 - 일반행정,CNTRCT_TRGET_LC,23,7,1.0,0,16,봉화군|안동시|영양군|영주시|예천군,경산시|경주시|고령군|구미시|군위군
sgg,15110937,경상북도 영주시_불법주정차 CCTV 단속 현황,교통및물류 - 물류등기타,VIOLT_PLACE,7,15139566,경상북도 포항시_방문 거주지 현황,일반공공행정 - 지방행정·재정지원,signgu,22,7,1.0,0,15,봉화군|안동시|영양군|영주시|예천군,경산시|경주시|고령군|구미시|김천시
sgg,15110937,경상북도 영주시_불법주정차 CCTV 단속 현황,교통및물류 - 물류등기타,VIOLT_PLACE,7,15139573,경상북도 포항시_생활 인구 거주지 현황,일반공공행정 - 지방행정·재정지원,signgu,22,7,1.0,0,15,봉화군|안동시|영양군|영주시|예천군,경산시|경주시|고령군|구미시|김천시
sgg,15110937,경상북도 영주시_불법주정차 CCTV 단속 현황,교통및물류 - 물류등기타,VIOLT_PLACE,7,15143263,경상북도_마을기업 조회 현황,교통및물류 - 물류등기타,area,22,7,1.0,0,15,봉화군|안동시|영양군|영주시|예천군,경산시|경주시|고령군|구미시|김천시
sgg,15110937,경상북도 영주시_불법주정차 CCTV 단속 현황,교통및물류 - 물류등기타,VIOLT_PLACE,7,15143264,경상북도_시군별 주민센터 현황,일반공공행정 - 일반행정,addr,22,7,1.0,0,15,봉화군|안동시|영양군|영주시|예천군,경산시|경주시|고령군|구미시|김천시
sgg,15110937,경상북도 영주시_불법주정차 CCTV 단속 현황,교통및물류 - 물류등기타,VIOLT_PLACE,7,15143265,경상북도_공중화장실 정보 조회,보건 - 보건의료,roadaddr,22,7,1.0,0,15,봉화군|안동시|영양군|영주시|예천군,경산시|경주시|고령군|구미시|김천시
sgg,15110937,경상북도 영주시_불법주정차 CCTV 단속 현황,교통및물류 - 물류등기타,VIOLT_PLACE,7,15143756,경상북도_사회적기업 현황조회,교통및물류 - 물류등기타,roadaddr,22,7,1.0,0,15,봉화군|안동시|영양군|영주시|예천군,경산시|경주시|고령군|구미시|김천시
sgg,15110937,경상북도 영주시_불법주정차 CCTV 단속 현황,교통및물류 - 물류등기타,VIOLT_PLACE,7,15143780,경상북도_어린이보호구역 정보조회,사회복지 - 보육·가족및여성,roadaddr,22,7,1.0,0,15,봉화군|안동시|영양군|영주시|예천군,경산시|경주시|고령군|구미시|김천시
sgg,15110937,경상북도 영주시_불법주정차 CCTV 단속 현황,교통및물류 - 물류등기타,VIOLT_PLACE,7,15143795,경상북도_노인복지시설 현황조회,사회복지 - 노인·청소년,fcltAddr,22,7,1.0,0,15,봉화군|안동시|영양군|영주시|예천군,경산시|경주시|고령군|구미시|김천시
emd,15000736_getHsptlBassInfoInqire,국립중앙의료원_전국 병·의원 찾기 서비스,보건 - 보건의료,dutyAddr,286,15110900,경상북도 영주시_농촌관광시설 현황,문화체육관광 - 문화체육관광일반,RDNMADR,7,7,1.0,279,0,영주시|문수면|영주시|봉현면|영주시|부석면|영주시|순흥면|영주시|영주동,경산시|남산면|경산시|남천면|경산시|사동|경산시|삼풍동|경산시|압량면
emd,15000736_getHsptlMdcncFullDown,국립중앙의료원_전국 병·의원 찾기 서비스,보건 - 보건의료,dutyAddr,288,15110900,경상북도 영주시_농촌관광시설 현황,문화체육관광 - 문화체육관광일반,RDNMADR,7,7,1.0,281,0,영주시|문수면|영주시|봉현면|영주시|부석면|영주시|순흥면|영주시|영주동,경산시|남산면|경산시|남천면|경산시|사동|경산시|삼풍동|경산시|압량면
emd,15000736_getHsptlMdcncListInfoInqire,국립중앙의료원_전국 병·의원 찾기 서비스,보건 - 보건의료,dutyAddr,308,15110900,경상북도 영주시_농촌관광시설 현황,문화체육관광 - 문화체육관광일반,RDNMADR,7,7,1.0,301,0,영주시|문수면|영주시|봉현면|영주시|부석면|영주시|순흥면|영주시|영주동,경산시|남산면|경산시|남천면|경산시|사동|경산시|삼풍동|경산시|압량면
emd,15000736_getHsptlMdcncListInfoInqire,국립중앙의료원_전국 병·의원 찾기 서비스,보건 - 보건의료,dutyAddr,308,15157832,경상북도 영천시_경질유 중질유 사용업체현황,환경 - 대기,addr,7,7,1.0,301,0,영천시|고경면|영천시|금호읍|영천시|대창면|영천시|북안면|영천시|신녕면,경산시|남산면|경산시|남천면|경산시|사동|경산시|삼풍동|경산시|압량면
emd,15000736_getHsptlMdcncListInfoInqire,국립중앙의료원_전국 병·의원 찾기 서비스,보건 - 보건의료,dutyAddr,308,ep_YeongchoenSeniorwelfare,경상북도 영천시_노인복지시설 현황,사회복지 - 노인·청소년,roadAddr,7,7,1.0,301,0,영천시|고경면|영천시|금호읍|영천시|북안면|영천시|임고면|영천시|청통면,경산시|남산면|경산시|남천면|경산시|사동|경산시|삼풍동|경산시|압량면
emd,15097229,경상북도 구미시_학교 주변 cctv,공공질서및안전 - 안전관리,nw_adres,7,15097231,경상북도 구미시_체육시설업 현황,문화체육관광 - 체육,fclty_adres_lnm,32,7,1.0,0,25,구미시|구평동|구미시|도량동|구미시|송정동|구미시|옥계동|구미시|원평동,구미시|거의동|구미시|고아읍|구미시|공단동|구미시|광평동|구미시|구포동
emd,15097229,경상북도 구미시_학교 주변 cctv,공공질서및안전 - 안전관리,nw_adres,7,15097246,경상북도 구미시_일반 음식점,문화체육관광 - 관광,locplcrn,50,7,1.0,0,43,구미시|구평동|구미시|도량동|구미시|송정동|구미시|옥계동|구미시|원평동,구미시|가동|구미시|가동동|구미시|거의동|구미시|고아읍|구미시|공단동
emd,15097229,경상북도 구미시_학교 주변 cctv,공공질서및안전 - 안전관리,nw_adres,7,15097248,경상북도 구미시_어린이 보호 구역,공공질서및안전 - 안전관리,lnm_adres,32,7,1.0,0,25,구미시|구평동|구미시|도량동|구미시|송정동|구미시|옥계동|구미시|원평동,구미시|고아읍|구미시|공단동|구미시|광평동|구미시|구포동|구미시|금전동
emd,15097229,경상북도 구미시_학교 주변 cctv,공공질서및안전 - 안전관리,nw_adres,7,15097249,경상북도 구미시_경로당,사회복지 - 노인·청소년,lnm_adres,36,7,1.0,0,29,구미시|구평동|구미시|도량동|구미시|송정동|구미시|옥계동|구미시|원평동,구미시|거의동|구미시|고아읍|구미시|공단동|구미시|광평동|구미시|구포동
emd,15097229,경상북도 구미시_학교 주변 cctv,공공질서및안전 - 안전관리,nw_adres,7,15097250,경상북도 구미시_공공와이파이 현황,통신 - 방송통신,locplc_rdnmadr,35,7,1.0,0,28,구미시|구평동|구미시|도량동|구미시|송정동|구미시|옥계동|구미시|원평동,구미시|거의동|구미시|고아읍|구미시|공단동|구미시|광평동|구미시|구포동
emd,15097229,경상북도 구미시_학교 주변 cctv,공공질서및안전 - 안전관리,nw_adres,7,15143265,경상북도_공중화장실 정보 조회,보건 - 보건의료,addr,437,7,1.0,0,430,구미시|구평동|구미시|도량동|구미시|송정동|구미시|옥계동|구미시|원평동,경산시|갑제동|경산시|계양동|경산시|남산면|경산시|남천면|경산시|대평동
emd,15109381,경상북도 경주시_관광지 현황,문화체육관광 - 관광,ADRES,33,15109565,경상북도 경주시_숲길 정보,문화체육관광 - 관광,LC,7,7,1.0,26,0,경주시|건천읍|경주시|교동|경주시|구황동|경주시|배동|경주시|보문동,경주시|감포읍|경주시|강동면|경주시|남산동|경주시|내남면|경주시|노동동
emd,15109565,경상북도 경주시_숲길 정보,문화체육관광 - 관광,LC,7,15143265,경상북도_공중화장실 정보 조회,보건 - 보건의료,addr,437,7,1.0,0,430,경주시|건천읍|경주시|교동|경주시|구황동|경주시|배동|경주시|보문동,경산시|갑제동|경산시|계양동|경산시|남산면|경산시|남천면|경산시|대평동
emd,15110900,경상북도 영주시_농촌관광시설 현황,문화체육관광 - 문화체육관광일반,RDNMADR,7,15110916,경상북도 영주시_건물재산,지역개발 - 지역및도시,LOCPLC,23,7,1.0,0,16,영주시|문수면|영주시|봉현면|영주시|부석면|영주시|순흥면|영주시|영주동,영주시|가흥동|영주시|고현동|영주시|단산면|영주시|문정동|영주시|상망동
emd,15110900,경상북도 영주시_농촌관광시설 현황,문화체육관광 - 문화체육관광일반,RDNMADR,7,15143265,경상북도_공중화장실 정보 조회,보건 - 보건의료,addr,437,7,1.0,0,430,영주시|문수면|영주시|봉현면|영주시|부석면|영주시|순흥면|영주시|영주동,경산시|갑제동|경산시|계양동|경산시|남산면|경산시|남천면|경산시|대평동
emd,15110900,경상북도 영주시_농촌관광시설 현황,문화체육관광 - 문화체육관광일반,RDNMADR,7,15143780,경상북도_어린이보호구역 정보조회,사회복지 - 보육·가족및여성,addr,227,7,1.0,0,220,영주시|문수면|영주시|봉현면|영주시|부석면|영주시|순흥면|영주시|영주동,김천시|감문면|김천시|감천면|김천시|개령면|김천시|구성면|김천시|남면
emd,15143264,경상북도_시군별 주민센터 현황,일반공공행정 - 일반행정,addr,230,15157832,경상북도 영천시_경질유 중질유 사용업체현황,환경 - 대기,addr,7,7,1.0,223,0,영천시|고경면|영천시|금호읍|영천시|대창면|영천시|북안면|영천시|신녕면,경산시|남산면|경산시|남천면|경산시|압량읍|경산시|와촌면|경산시|용성면
emd,15143264,경상북도_시군별 주민센터 현황,일반공공행정 - 일반행정,addr,230,ep_YeongchoenSeniorwelfare,경상북도 영천시_노인복지시설 현황,사회복지 - 노인·청소년,roadAddr,7,7,1.0,223,0,영천시|고경면|영천시|금호읍|영천시|북안면|영천시|임고면|영천시|청통면,경산시|남산면|경산시|남천면|경산시|압량읍|경산시|와촌면|경산시|용성면
emd,15143265,경상북도_공중화장실 정보 조회,보건 - 보건의료,addr,437,15157832,경상북도 영천시_경질유 중질유 사용업체현황,환경 - 대기,addr,7,7,1.0,430,0,영천시|고경면|영천시|금호읍|영천시|대창면|영천시|북안면|영천시|신녕면,경산시|갑제동|경산시|계양동|경산시|남산면|경산시|남천면|경산시|대평동
emd,15143265,경상북도_공중화장실 정보 조회,보건 - 보건의료,addr,437,ep_YeongchoenSeniorwelfare,경상북도 영천시_노인복지시설 현황,사회복지 - 노인·청소년,roadAddr,7,7,1.0,430,0,영천시|고경면|영천시|금호읍|영천시|북안면|영천시|임고면|영천시|청통면,경산시|갑제동|경산시|계양동|경산시|남산면|경산시|남천면|경산시|대평동
emd,15143795,경상북도_노인복지시설 현황조회,사회복지 - 노인·청소년,fcltAddr,203,15157832,경상북도 영천시_경질유 중질유 사용업체현황,환경 - 대기,addr,7,7,1.0,196,0,영천시|고경면|영천시|금호읍|영천시|대창면|영천시|북안면|영천시|신녕면,경산시|가동|경산시|계양동|경산시|남산면|경산시|남천면|경산시|대평동
emd,15143795,경상북도_노인복지시설 현황조회,사회복지 - 노인·청소년,fcltAddr,203,ep_YeongchoenSeniorwelfare,경상북도 영천시_노인복지시설 현황,사회복지 - 노인·청소년,roadAddr,7,7,1.0,196,0,영천시|고경면|영천시|금호읍|영천시|북안면|영천시|임고면|영천시|청통면,경산시|가동|경산시|계양동|경산시|남산면|경산시|남천면|경산시|대평동
emd,15157767,경상북도 영천시_공장 현황,산업·통상·중소기업 - 산업·중소기업일반,lotAddr,33,15157832,경상북도 영천시_경질유 중질유 사용업체현황,환경 - 대기,addr,7,7,1.0,26,0,영천시|고경면|영천시|금호읍|영천시|대창면|영천시|북안면|영천시|신녕면,영천시|괴연동|영천시|금노동|영천시|녹전동|영천시|대전동|영천시|도남동
emd,15157767,경상북도 영천시_공장 현황,산업·통상·중소기업 - 산업·중소기업일반,lotAddr,33,ep_YeongchoenSeniorwelfare,경상북도 영천시_노인복지시설 현황,사회복지 - 노인·청소년,roadAddr,7,7,1.0,26,0,영천시|고경면|영천시|금호읍|영천시|북안면|영천시|임고면|영천시|청통면,영천시|괴연동|영천시|금노동|영천시|녹전동|영천시|대전동|영천시|대창면
emd,15157788,경상북도 영천시_사업장폐기물배출자신고 현황,환경 - 폐기물,lotAddr,27,15157832,경상북도 영천시_경질유 중질유 사용업체현황,환경 - 대기,addr,7,7,1.0,20,0,영천시|고경면|영천시|금호읍|영천시|대창면|영천시|북안면|영천시|신녕면,영천시|금노동|영천시|녹전동|영천시|대전동|영천시|도남동|영천시|도동
emd,15157788,경상북도 영천시_사업장폐기물배출자신고 현황,환경 - 폐기물,lotAddr,27,ep_YeongchoenSeniorwelfare,경상북도 영천시_노인복지시설 현황,사회복지 - 노인·청소년,roadAddr,7,7,1.0,20,0,영천시|고경면|영천시|금호읍|영천시|북안면|영천시|임고면|영천시|청통면,영천시|금노동|영천시|녹전동|영천시|대전동|영천시|대창면|영천시|도남동
emd,15157792,경상북도 영천시_지진재난 이재민수용시설 현황,공공질서및안전 - 안전관리,addr,13,15157809,경상북도 영천시_직업소개소 현황,지역개발 - 지역및도시,roadAddr,7,7,1.0,6,0,영천시|고경면|영천시|구읍|영천시|금호읍|영천시|신녕면|영천시|중앙동,영천시|대창면|영천시|북안면|영천시|임고면|영천시|자양면|영천시|화북면
emd,15157792,경상북도 영천시_지진재난 이재민수용시설 현황,공공질서및안전 - 안전관리,addr,13,15157832,경상북도 영천시_경질유 중질유 사용업체현황,환경 - 대기,addr,7,7,1.0,6,0,영천시|고경면|영천시|금호읍|영천시|대창면|영천시|북안면|영천시|신녕면,영천시|구읍|영천시|임고면|영천시|자양면|영천시|중앙동|영천시|화남면
emd,15157792,경상북도 영천시_지진재난 이재민수용시설 현황,공공질서및안전 - 안전관리,addr,13,ep_YeongchoenSeniorwelfare,경상북도 영천시_노인복지시설 현황,사회복지 - 노인·청소년,roadAddr,7,7,1.0,6,0,영천시|고경면|영천시|금호읍|영천시|북안면|영천시|임고면|영천시|청통면,영천시|구읍|영천시|대창면|영천시|신녕면|영천시|자양면|영천시|중앙동
emd,15157799,경상북도 영천시_미용업현황,보건 - 보건의료,roadAddr,23,15157809,경상북도 영천시_직업소개소 현황,지역개발 - 지역및도시,roadAddr,7,7,1.0,16,0,영천시|고경면|영천시|구읍|영천시|금호읍|영천시|신녕면|영천시|중앙동,영천시|가동|영천시|대창면|영천시|망정동|영천시|문내동|영천시|바동
emd,15157799,경상북도 영천시_미용업현황,보건 - 보건의료,roadAddr,23,15157832,경상북도 영천시_경질유 중질유 사용업체현황,환경 - 대기,addr,7,7,1.0,16,0,영천시|고경면|영천시|금호읍|영천시|대창면|영천시|북안면|영천시|신녕면,영천시|가동|영천시|구읍|영천시|망정동|영천시|문내동|영천시|바동
emd,15157799,경상북도 영천시_미용업현황,보건 - 보건의료,roadAddr,23,ep_YeongchoenSeniorwelfare,경상북도 영천시_노인복지시설 현황,사회복지 - 노인·청소년,roadAddr,7,7,1.0,16,0,영천시|고경면|영천시|금호읍|영천시|북안면|영천시|임고면|영천시|청통면,영천시|가동|영천시|구읍|영천시|대창면|영천시|망정동|영천시|문내동
emd,15157800,경상북도 영천시_의료기기판매업소 현황,보건 - 보건의료,addr,16,15157832,경상북도 영천시_경질유 중질유 사용업체현황,환경 - 대기,addr,7,7,1.0,9,0,영천시|고경면|영천시|금호읍|영천시|대창면|영천시|북안면|영천시|신녕면,영천시|망정동|영천시|문외동|영천시|봉동|영천시|상가동|영천시|야사동
emd,15157807,경상북도 영천시_동네 체육시설 현황,문화체육관광 - 체육,lotAddr,39,15157832,경상북도 영천시_경질유 중질유 사용업체현황,환경 - 대기,addr,7,7,1.0,32,0,영천시|고경면|영천시|금호읍|영천시|대창면|영천시|북안면|영천시|신녕면,영천시|과전동|영천시|교촌동|영천시|금노동|영천시|남부동|영천시|녹전동
emd,15157807,경상북도 영천시_동네 체육시설 현황,문화체육관광 - 체육,lotAddr,39,ep_YeongchoenSeniorwelfare,경상북도 영천시_노인복지시설 현황,사회복지 - 노인·청소년,roadAddr,7,7,1.0,32,0,영천시|고경면|영천시|금호읍|영천시|북안면|영천시|임고면|영천시|청통면,영천시|과전동|영천시|교촌동|영천시|금노동|영천시|남부동|영천시|녹전동
emd,15157809,경상북도 영천시_직업소개소 현황,지역개발 - 지역및도시,roadAddr,7,15157822,경상북도 영천시_부동산중개업 현황,지역개발 - 지역및도시,addr,21,7,1.0,0,14,영천시|고경면|영천시|구읍|영천시|금호읍|영천시|신녕면|영천시|중앙동,영천시|금노동|영천시|대창면|영천시|도동|영천시|망정동|영천시|문내동
emd,15157812,경상북도 영천시_제설(모래) 배치현황,공공질서및안전 - 안전관리,dept,11,15157832,경상북도 영천시_경질유 중질유 사용업체현황,환경 - 대기,addr,7,7,1.0,4,0,영천시|고경면|영천시|금호읍|영천시|대창면|영천시|북안면|영천시|신녕면,영천시|임고면|영천시|자양면|영천시|화남면|영천시|화북면
emd,15157812,경상북도 영천시_제설(모래) 배치현황,공공질서및안전 - 안전관리,dept,11,ep_YeongchoenSeniorwelfare,경상북도 영천시_노인복지시설 현황,사회복지 - 노인·청소년,roadAddr,7,7,1.0,4,0,영천시|고경면|영천시|금호읍|영천시|북안면|영천시|임고면|영천시|청통면,영천시|대창면|영천시|신녕면|영천시|자양면|영천시|화북면
emd,15157816,경상북도 영천시_강우량시설 현황,환경 - 대기,lotAddr,13,15157832,경상북도 영천시_경질유 중질유 사용업체현황,환경 - 대기,addr,7,7,1.0,6,0,영천시|고경면|영천시|금호읍|영천시|대창면|영천시|북안면|영천시|신녕면,영천시|문외동|영천시|범어동|영천시|임고면|영천시|자양면|영천시|화남면
emd,15157816,경상북도 영천시_강우량시설 현황,환경 - 대기,lotAddr,13,ep_YeongchoenSeniorwelfare,경상북도 영천시_노인복지시설 현황,사회복지 - 노인·청소년,roadAddr,7,7,1.0,6,0,영천시|고경면|영천시|금호읍|영천시|북안면|영천시|임고면|영천시|청통면,영천시|대창면|영천시|문외동|영천시|범어동|영천시|신녕면|영천시|자양면
emd,15157817,경상북도 영천시_면직물 생산공장 현황,산업·통상·중소기업 - 산업·중소기업일반,lotAddr,14,15157832,경상북도 영천시_경질유 중질유 사용업체현황,환경 - 대기,addr,7,7,1.0,7,0,영천시|고경면|영천시|금호읍|영천시|대창면|영천시|북안면|영천시|신녕면,영천시|녹전동|영천시|망정동|영천시|신기동|영천시|언하동|영천시|임고면
emd,15157817,경상북도 영천시_면직물 생산공장 현황,산업·통상·중소기업 - 산업·중소기업일반,lotAddr,14,ep_YeongchoenSeniorwelfare,경상북도 영천시_노인복지시설 현황,사회복지 - 노인·청소년,roadAddr,7,7,1.0,7,0,영천시|고경면|영천시|금호읍|영천시|북안면|영천시|임고면|영천시|청통면,영천시|녹전동|영천시|대창면|영천시|망정동|영천시|신기동|영천시|신녕면
emd,15157822,경상북도 영천시_부동산중개업 현황,지역개발 - 지역및도시,addr,21,15157832,경상북도 영천시_경질유 중질유 사용업체현황,환경 - 대기,addr,7,7,1.0,14,0,영천시|고경면|영천시|금호읍|영천시|대창면|영천시|북안면|영천시|신녕면,영천시|구읍|영천시|금노동|영천시|도동|영천시|망정동|영천시|문내동
emd,15157822,경상북도 영천시_부동산중개업 현황,지역개발 - 지역및도시,addr,21,ep_YeongchoenSeniorwelfare,경상북도 영천시_노인복지시설 현황,사회복지 - 노인·청소년,roadAddr,7,7,1.0,14,0,영천시|고경면|영천시|금호읍|영천시|북안면|영천시|임고면|영천시|청통면,영천시|구읍|영천시|금노동|영천시|대창면|영천시|도동|영천시|망정동
emd,15157824,경상북도 영천시_마을회관현황,사회복지 - 사회복지일반,addr,11,15157832,경상북도 영천시_경질유 중질유 사용업체현황,환경 - 대기,addr,7,7,1.0,4,0,영천시|고경면|영천시|금호읍|영천시|대창면|영천시|북안면|영천시|신녕면,영천시|임고면|영천시|자양면|영천시|화남면|영천시|화북면
emd,15157824,경상북도 영천시_마을회관현황,사회복지 - 사회복지일반,addr,11,ep_YeongchoenSeniorwelfare,경상북도 영천시_노인복지시설 현황,사회복지 - 노인·청소년,roadAddr,7,7,1.0,4,0,영천시|고경면|영천시|금호읍|영천시|북안면|영천시|임고면|영천시|청통면,영천시|대창면|영천시|신녕면|영천시|자양면|영천시|화북면
emd,15157827,경상북도 영천시_전문건설업 현황,지역개발 - 산업단지,roadAddr,13,15157832,경상북도 영천시_경질유 중질유 사용업체현황,환경 - 대기,addr,7,7,1.0,6,0,영천시|고경면|영천시|금호읍|영천시|대창면|영천시|북안면|영천시|신녕면,영천시|도동|영천시|석동|영천시|임고면|영천시|중앙동|영천시|화남면
emd,15157827,경상북도 영천시_전문건설업 현황,지역개발 - 산업단지,roadAddr,13,ep_YeongchoenSeniorwelfare,경상북도 영천시_노인복지시설 현황,사회복지 - 노인·청소년,roadAddr,7,7,1.0,6,0,영천시|고경면|영천시|금호읍|영천시|북안면|영천시|임고면|영천시|청통면,영천시|대창면|영천시|도동|영천시|석동|영천시|신녕면|영천시|중앙동
emd,15157829,경상북도 영천시_상수도원격검침 지역별 현황,지역개발 - 수자원,area,16,15157832,경상북도 영천시_경질유 중질유 사용업체현황,환경 - 대기,addr,7,7,1.0,9,0,영천시|고경면|영천시|금호읍|영천시|대창면|영천시|북안면|영천시|신녕면,영천시|남부동|영천시|동부동|영천시|서부동|영천시|완산동|영천시|임고면
emd,15157829,경상북도 영천시_상수도원격검침 지역별 현황,지역개발 - 수자원,area,16,ep_YeongchoenSeniorwelfare,경상북도 영천시_노인복지시설 현황,사회복지 - 노인·청소년,roadAddr,7,7,1.0,9,0,영천시|고경면|영천시|금호읍|영천시|북안면|영천시|임고면|영천시|청통면,영천시|남부동|영천시|대창면|영천시|동부동|영천시|서부동|영천시|신녕면
emd,15157832,경상북도 영천시_경질유 중질유 사용업체현황,환경 - 대기,addr,7,15157833,경상북도 영천시_저수지 보수보강 현황,농림 - 농업·농촌,addr,21,7,1.0,0,14,영천시|고경면|영천시|금호읍|영천시|대창면|영천시|북안면|영천시|신녕면,영천시|괴연동|영천시|금노동|영천시|도림동|영천시|망정동|영천시|본촌동
emd,15157832,경상북도 영천시_경질유 중질유 사용업체현황,환경 - 대기,addr,7,15157837,경상북도 영천시_새마을회관 현황,일반공공행정 - 일반행정,lotAddr,23,7,1.0,0,16,영천시|고경면|영천시|금호읍|영천시|대창면|영천시|북안면|영천시|신녕면,영천시|교촌동|영천시|대전동|영천시|도남동|영천시|범어동|영천시|서산동
emd,15157832,경상북도 영천시_경질유 중질유 사용업체현황,환경 - 대기,addr,7,ep_YeongcheonCCTV,경상북도 영천시_CCTV 현황,일반공공행정 - 일반행정,lotAddr,40,7,1.0,0,33,영천시|고경면|영천시|금호읍|영천시|대창면|영천시|북안면|영천시|신녕면,영천시|과전동|영천시|괴연동|영천시|교촌동|영천시|금노동|영천시|녹전동
emd,15157832,경상북도 영천시_경질유 중질유 사용업체현황,환경 - 대기,addr,7,ep_YeongcheonRestaurants,경상북도 영천시_일반음식점현황,보건 - 식품의약안전,lotAddr,37,7,1.0,0,30,영천시|고경면|영천시|금호읍|영천시|대창면|영천시|북안면|영천시|신녕면,영천시|과전동|영천시|괴연동|영천시|교촌동|영천시|금노동|영천시|도남동
emd,15157833,경상북도 영천시_저수지 보수보강 현황,농림 - 농업·농촌,addr,21,ep_YeongchoenSeniorwelfare,경상북도 영천시_노인복지시설 현황,사회복지 - 노인·청소년,roadAddr,7,7,1.0,14,0,영천시|고경면|영천시|금호읍|영천시|북안면|영천시|임고면|영천시|청통면,영천시|괴연동|영천시|금노동|영천시|대창면|영천시|도림동|영천시|망정동
emd,15157837,경상북도 영천시_새마을회관 현황,일반공공행정 - 일반행정,lotAddr,23,ep_YeongchoenSeniorwelfare,경상북도 영천시_노인복지시설 현황,사회복지 - 노인·청소년,roadAddr,7,7,1.0,16,0,영천시|고경면|영천시|금호읍|영천시|북안면|영천시|임고면|영천시|청통면,영천시|교촌동|영천시|대전동|영천시|대창면|영천시|도남동|영천시|범어동
emd,ep_YeongcheonCCTV,경상북도 영천시_CCTV 현황,일반공공행정 - 일반행정,lotAddr,40,ep_YeongchoenSeniorwelfare,경상북도 영천시_노인복지시설 현황,사회복지 - 노인·청소년,roadAddr,7,7,1.0,33,0,영천시|고경면|영천시|금호읍|영천시|북안면|영천시|임고면|영천시|청통면,영천시|과전동|영천시|괴연동|영천시|교촌동|영천시|금노동|영천시|녹전동
emd,ep_YeongcheonRestaurants,경상북도 영천시_일반음식점현황,보건 - 식품의약안전,lotAddr,37,ep_YeongchoenSeniorwelfare,경상북도 영천시_노인복지시설 현황,사회복지 - 노인·청소년,roadAddr,7,7,1.0,30,0,영천시|고경면|영천시|금호읍|영천시|북안면|영천시|임고면|영천시|청통면,영천시|과전동|영천시|괴연동|영천시|교촌동|영천시|금노동|영천시|대창면
sgg,15000736_getHsptlBassInfoInqire,국립중앙의료원_전국 병·의원 찾기 서비스,보건 - 보건의료,dutyAddr,22,15124609,경상북도 상주시_일반 음식점,문화체육관광 - 관광,BSSH_NM,6,6,1.0,16,0,문경시|상주시|성주군|안동시|영양군,경산시|경주시|고령군|구미시|김천시
sgg,15000736_getHsptlMdcncFullDown,국립중앙의료원_전국 병·의원 찾기 서비스,보건 - 보건의료,dutyAddr,22,15124609,경상북도 상주시_일반 음식점,문화체육관광 - 관광,BSSH_NM,6,6,1.0,16,0,문경시|상주시|성주군|안동시|영양군,경산시|경주시|고령군|구미시|김천시
sgg,15000736_getHsptlMdcncListInfoInqire,국립중앙의료원_전국 병·의원 찾기 서비스,보건 - 보건의료,dutyAddr,22,15124609,경상북도 상주시_일반 음식점,문화체육관광 - 관광,BSSH_NM,6,6,1.0,16,0,문경시|상주시|성주군|안동시|영양군,경산시|경주시|고령군|구미시|김천시
sgg,15124609,경상북도 상주시_일반 음식점,문화체육관광 - 관광,BSSH_NM,6,15124615,경상북도 상주시_계약 정보,일반공공행정 - 일반행정,CNTRCT_TRGET_LC,23,6,1.0,0,17,문경시|상주시|성주군|안동시|영양군,경산시|경주시|고령군|구미시|군위군
sgg,15124609,경상북도 상주시_일반 음식점,문화체육관광 - 관광,BSSH_NM,6,15139566,경상북도 포항시_방문 거주지 현황,일반공공행정 - 지방행정·재정지원,signgu,22,6,1.0,0,16,문경시|상주시|성주군|안동시|영양군,경산시|경주시|고령군|구미시|김천시
sgg,15124609,경상북도 상주시_일반 음식점,문화체육관광 - 관광,BSSH_NM,6,15139573,경상북도 포항시_생활 인구 거주지 현황,일반공공행정 - 지방행정·재정지원,signgu,22,6,1.0,0,16,문경시|상주시|성주군|안동시|영양군,경산시|경주시|고령군|구미시|김천시
sgg,15124609,경상북도 상주시_일반 음식점,문화체육관광 - 관광,BSSH_NM,6,15143263,경상북도_마을기업 조회 현황,교통및물류 - 물류등기타,area,22,6,1.0,0,16,문경시|상주시|성주군|안동시|영양군,경산시|경주시|고령군|구미시|김천시
sgg,15124609,경상북도 상주시_일반 음식점,문화체육관광 - 관광,BSSH_NM,6,15143264,경상북도_시군별 주민센터 현황,일반공공행정 - 일반행정,addr,22,6,1.0,0,16,문경시|상주시|성주군|안동시|영양군,경산시|경주시|고령군|구미시|김천시
sgg,15124609,경상북도 상주시_일반 음식점,문화체육관광 - 관광,BSSH_NM,6,15143265,경상북도_공중화장실 정보 조회,보건 - 보건의료,roadaddr,22,6,1.0,0,16,문경시|상주시|성주군|안동시|영양군,경산시|경주시|고령군|구미시|김천시
sgg,15124609,경상북도 상주시_일반 음식점,문화체육관광 - 관광,BSSH_NM,6,15143756,경상북도_사회적기업 현황조회,교통및물류 - 물류등기타,roadaddr,22,6,1.0,0,16,문경시|상주시|성주군|안동시|영양군,경산시|경주시|고령군|구미시|김천시
sgg,15124609,경상북도 상주시_일반 음식점,문화체육관광 - 관광,BSSH_NM,6,15143780,경상북도_어린이보호구역 정보조회,사회복지 - 보육·가족및여성,roadaddr,22,6,1.0,0,16,문경시|상주시|성주군|안동시|영양군,경산시|경주시|고령군|구미시|김천시
sgg,15124609,경상북도 상주시_일반 음식점,문화체육관광 - 관광,BSSH_NM,6,15143795,경상북도_노인복지시설 현황조회,사회복지 - 노인·청소년,fcltAddr,22,6,1.0,0,16,문경시|상주시|성주군|안동시|영양군,경산시|경주시|고령군|구미시|김천시
emd,15000736_getHsptlBassInfoInqire,국립중앙의료원_전국 병·의원 찾기 서비스,보건 - 보건의료,dutyAddr,286,15110877,경상북도 영주시_영주맛집 현황,문화체육관광 - 관광,ADRES,6,6,1.0,280,0,영주시|문수면|영주시|봉현면|영주시|부석면|영주시|순흥면|영주시|안정면,경산시|남산면|경산시|남천면|경산시|사동|경산시|삼풍동|경산시|압량면
emd,15000736_getHsptlMdcncFullDown,국립중앙의료원_전국 병·의원 찾기 서비스,보건 - 보건의료,dutyAddr,288,15110877,경상북도 영주시_영주맛집 현황,문화체육관광 - 관광,ADRES,6,6,1.0,282,0,영주시|문수면|영주시|봉현면|영주시|부석면|영주시|순흥면|영주시|안정면,경산시|남산면|경산시|남천면|경산시|사동|경산시|삼풍동|경산시|압량면
emd,15000736_getHsptlMdcncListInfoInqire,국립중앙의료원_전국 병·의원 찾기 서비스,보건 - 보건의료,dutyAddr,308,15110877,경상북도 영주시_영주맛집 현황,문화체육관광 - 관광,ADRES,6,6,1.0,302,0,영주시|문수면|영주시|봉현면|영주시|부석면|영주시|순흥면|영주시|안정면,경산시|남산면|경산시|남천면|경산시|사동|경산시|삼풍동|경산시|압량면
emd,15109381,경상북도 경주시_관광지 현황,문화체육관광 - 관광,ADRES,33,15109581,경상북도 경주시_전망포인트,문화체육관광 - 관광,LC,6,6,1.0,27,0,경주시|감포읍|경주시|배동|경주시|산내면|경주시|서악동|경주시|석장동,경주시|강동면|경주시|건천읍|경주시|교동|경주시|구황동|경주시|남산동
emd,15109581,경상북도 경주시_전망포인트,문화체육관광 - 관광,LC,6,15143265,경상북도_공중화장실 정보 조회,보건 - 보건의료,addr,437,6,1.0,0,431,경주시|감포읍|경주시|배동|경주시|산내면|경주시|서악동|경주시|석장동,경산시|갑제동|경산시|계양동|경산시|남산면|경산시|남천면|경산시|대평동
emd,15110872,경상북도 영주시_안심식당 현황,문화체육관광 - 관광,ADRES,9,15110877,경상북도 영주시_영주맛집 현황,문화체육관광 - 관광,ADRES,6,6,1.0,3,0,영주시|문수면|영주시|봉현면|영주시|부석면|영주시|순흥면|영주시|안정면,영주시|단산면|영주시|이산면|영주시|장수면
emd,15110877,경상북도 영주시_영주맛집 현황,문화체육관광 - 관광,ADRES,6,15110883,경상북도 영주시_보건지소 및 진료소 현황,보건 - 보건의료,LC,10,6,1.0,0,4,영주시|문수면|영주시|봉현면|영주시|부석면|영주시|순흥면|영주시|안정면,영주시|단산면|영주시|이산면|영주시|장수면|영주시|평은면
emd,15110877,경상북도 영주시_영주맛집 현황,문화체육관광 - 관광,ADRES,6,15110884,경상북도 영주시_모자보건사업실적,보건 - 보건의료,SIGNGU_NM,12,6,1.0,0,6,영주시|문수면|영주시|봉현면|영주시|부석면|영주시|순흥면|영주시|안정면,영주시|단산면|영주시|상망동|영주시|이산면|영주시|장수면|영주시|평은면
emd,15110877,경상북도 영주시_영주맛집 현황,문화체육관광 - 관광,ADRES,6,15110916,경상북도 영주시_건물재산,지역개발 - 지역및도시,LOCPLC,23,6,1.0,0,17,영주시|문수면|영주시|봉현면|영주시|부석면|영주시|순흥면|영주시|안정면,영주시|가흥동|영주시|고현동|영주시|단산면|영주시|문정동|영주시|상망동
emd,15110877,경상북도 영주시_영주맛집 현황,문화체육관광 - 관광,ADRES,6,15110920,경상북도 영주시_태양광발전사업 허가내역,산업·통상·중소기업 - 에너지및자원개발,INSTL_PLACE,19,6,1.0,0,13,영주시|문수면|영주시|봉현면|영주시|부석면|영주시|순흥면|영주시|안정면,영주시|가흥동|영주시|고현동|영주시|단산면|영주시|문정동|영주시|상망동
emd,15110877,경상북도 영주시_영주맛집 현황,문화체육관광 - 관광,ADRES,6,15110924,경상북도 영주시_농어촌민박 신고대장,문화체육관광 - 문화체육관광일반,RDNMADR,9,6,1.0,0,3,영주시|문수면|영주시|봉현면|영주시|부석면|영주시|순흥면|영주시|안정면,영주시|단산면|영주시|이산면|영주시|평은면
emd,15110877,경상북도 영주시_영주맛집 현황,문화체육관광 - 관광,ADRES,6,15143264,경상북도_시군별 주민센터 현황,일반공공행정 - 일반행정,addr,230,6,1.0,0,224,영주시|문수면|영주시|봉현면|영주시|부석면|영주시|순흥면|영주시|안정면,경산시|남산면|경산시|남천면|경산시|압량읍|경산시|와촌면|경산시|용성면
emd,15110877,경상북도 영주시_영주맛집 현황,문화체육관광 - 관광,ADRES,6,15143265,경상북도_공중화장실 정보 조회,보건 - 보건의료,addr,437,6,1.0,0,431,영주시|문수면|영주시|봉현면|영주시|부석면|영주시|순흥면|영주시|안정면,경산시|갑제동|경산시|계양동|경산시|남산면|경산시|남천면|경산시|대평동
emd,15110877,경상북도 영주시_영주맛집 현황,문화체육관광 - 관광,ADRES,6,15143756,경상북도_사회적기업 현황조회,교통및물류 - 물류등기타,roadaddr,124,6,1.0,0,118,영주시|문수면|영주시|봉현면|영주시|부석면|영주시|순흥면|영주시|안정면,경산시|남산면|경산시|압량읍|경산시|와촌면|경산시|용성면|경산시|자인면
emd,15110877,경상북도 영주시_영주맛집 현황,문화체육관광 - 관광,ADRES,6,15143780,경상북도_어린이보호구역 정보조회,사회복지 - 보육·가족및여성,addr,227,6,1.0,0,221,영주시|문수면|영주시|봉현면|영주시|부석면|영주시|순흥면|영주시|안정면,김천시|감문면|김천시|감천면|김천시|개령면|김천시|구성면|김천시|남면
emd,15000736_getHsptlBassInfoInqire,국립중앙의료원_전국 병·의원 찾기 서비스,보건 - 보건의료,dutyAddr,286,15097251,경상북도 구미시_가축분뇨 배출시설 설치 허가 농가,환경 - 환경일반,locplc,5,5,1.0,281,0,구미시|고아읍|구미시|도개면|구미시|산동읍|구미시|선산읍|구미시|해평면,경산시|남산면|경산시|남천면|경산시|사동|경산시|삼풍동|경산시|압량면
emd,15000736_getHsptlBassInfoInqire,국립중앙의료원_전국 병·의원 찾기 서비스,보건 - 보건의료,dutyAddr,286,15110898,경상북도 영주시_장기요양시설,사회복지 - 사회복지일반,ADRES,5,5,1.0,281,0,영주시|문수면|영주시|순흥면|영주시|영주동|영주시|풍기읍|영주시|휴천동,경산시|남산면|경산시|남천면|경산시|사동|경산시|삼풍동|경산시|압량면
emd,15000736_getHsptlBassInfoInqire,국립중앙의료원_전국 병·의원 찾기 서비스,보건 - 보건의료,dutyAddr,286,15110899,경상북도 영주시_장애인복지시설,사회복지 - 사회복지일반,RDNMADR,5,5,1.0,281,0,영주시|단산면|영주시|문수면|영주시|안정면|영주시|이산면|영주시|풍기읍,경산시|남산면|경산시|남천면|경산시|사동|경산시|삼풍동|경산시|압량면
emd,15000736_getHsptlBassInfoInqire,국립중앙의료원_전국 병·의원 찾기 서비스,보건 - 보건의료,dutyAddr,286,ep_YeongcheonMedicalfacility,경상북도 영천시_의료기관현황,보건 - 식품의약안전,addr,5,5,1.0,281,0,영천시|고경면|영천시|금호읍|영천시|북안면|영천시|신녕면|영천시|완산동,경산시|남산면|경산시|남천면|경산시|사동|경산시|삼풍동|경산시|압량면
emd,15000736_getHsptlMdcncFullDown,국립중앙의료원_전국 병·의원 찾기 서비스,보건 - 보건의료,dutyAddr,288,15097251,경상북도 구미시_가축분뇨 배출시설 설치 허가 농가,환경 - 환경일반,locplc,5,5,1.0,283,0,구미시|고아읍|구미시|도개면|구미시|산동읍|구미시|선산읍|구미시|해평면,경산시|남산면|경산시|남천면|경산시|사동|경산시|삼풍동|경산시|압량면
emd,15000736_getHsptlMdcncFullDown,국립중앙의료원_전국 병·의원 찾기 서비스,보건 - 보건의료,dutyAddr,288,15110898,경상북도 영주시_장기요양시설,사회복지 - 사회복지일반,ADRES,5,5,1.0,283,0,영주시|문수면|영주시|순흥면|영주시|영주동|영주시|풍기읍|영주시|휴천동,경산시|남산면|경산시|남천면|경산시|사동|경산시|삼풍동|경산시|압량면
emd,15000736_getHsptlMdcncFullDown,국립중앙의료원_전국 병·의원 찾기 서비스,보건 - 보건의료,dutyAddr,288,15110899,경상북도 영주시_장애인복지시설,사회복지 - 사회복지일반,RDNMADR,5,5,1.0,283,0,영주시|단산면|영주시|문수면|영주시|안정면|영주시|이산면|영주시|풍기읍,경산시|남산면|경산시|남천면|경산시|사동|경산시|삼풍동|경산시|압량면
emd,15000736_getHsptlMdcncFullDown,국립중앙의료원_전국 병·의원 찾기 서비스,보건 - 보건의료,dutyAddr,288,ep_YeongcheonMedicalfacility,경상북도 영천시_의료기관현황,보건 - 식품의약안전,addr,5,5,1.0,283,0,영천시|고경면|영천시|금호읍|영천시|북안면|영천시|신녕면|영천시|완산동,경산시|남산면|경산시|남천면|경산시|사동|경산시|삼풍동|경산시|압량면
emd,15000736_getHsptlMdcncListInfoInqire,국립중앙의료원_전국 병·의원 찾기 서비스,보건 - 보건의료,dutyAddr,308,15097251,경상북도 구미시_가축분뇨 배출시설 설치 허가 농가,환경 - 환경일반,locplc,5,5,1.0,303,0,구미시|고아읍|구미시|도개면|구미시|산동읍|구미시|선산읍|구미시|해평면,경산시|남산면|경산시|남천면|경산시|사동|경산시|삼풍동|경산시|압량면
emd,15000736_getHsptlMdcncListInfoInqire,국립중앙의료원_전국 병·의원 찾기 서비스,보건 - 보건의료,dutyAddr,308,15110898,경상북도 영주시_장기요양시설,사회복지 - 사회복지일반,ADRES,5,5,1.0,303,0,영주시|문수면|영주시|순흥면|영주시|영주동|영주시|풍기읍|영주시|휴천동,경산시|남산면|경산시|남천면|경산시|사동|경산시|삼풍동|경산시|압량면
emd,15000736_getHsptlMdcncListInfoInqire,국립중앙의료원_전국 병·의원 찾기 서비스,보건 - 보건의료,dutyAddr,308,15110899,경상북도 영주시_장애인복지시설,사회복지 - 사회복지일반,RDNMADR,5,5,1.0,303,0,영주시|단산면|영주시|문수면|영주시|안정면|영주시|이산면|영주시|풍기읍,경산시|남산면|경산시|남천면|경산시|사동|경산시|삼풍동|경산시|압량면
emd,15000736_getHsptlMdcncListInfoInqire,국립중앙의료원_전국 병·의원 찾기 서비스,보건 - 보건의료,dutyAddr,308,15157805,경상북도 영천시_임신부 할인업소 현황,보건 - 식품의약안전,addr,5,5,1.0,303,0,영천시|금호읍|영천시|북안면|영천시|신녕면|영천시|임고면|영천시|청통면,경산시|남산면|경산시|남천면|경산시|사동|경산시|삼풍동|경산시|압량면
emd,15000736_getHsptlMdcncListInfoInqire,국립중앙의료원_전국 병·의원 찾기 서비스,보건 - 보건의료,dutyAddr,308,ep_YeongcheonFarmproduction,경상북도 영천시_농산물산지 현황,,addr,5,5,1.0,303,0,영천시|금호읍|영천시|신녕면|영천시|임고면|영천시|청통면|영천시|화남면,경산시|남산면|경산시|남천면|경산시|사동|경산시|삼풍동|경산시|압량면
emd,15000736_getHsptlMdcncListInfoInqire,국립중앙의료원_전국 병·의원 찾기 서비스,보건 - 보건의료,dutyAddr,308,ep_YeongcheonMedicalfacility,경상북도 영천시_의료기관현황,보건 - 식품의약안전,addr,5,5,1.0,303,0,영천시|고경면|영천시|금호읍|영천시|북안면|영천시|신녕면|영천시|완산동,경산시|남산면|경산시|남천면|경산시|사동|경산시|삼풍동|경산시|압량면
emd,15000736_getHsptlMdcncListInfoInqire,국립중앙의료원_전국 병·의원 찾기 서비스,보건 - 보건의료,dutyAddr,308,ep_YeongcheonPharmacy,경상북도 영천시_약국 현황,보건 - 식품의약안전,roadAddr,5,5,1.0,303,0,영천시|금호읍|영천시|대창면|영천시|북안면|영천시|신녕면|영천시|청통면,경산시|남산면|경산시|남천면|경산시|사동|경산시|삼풍동|경산시|압량면
emd,15097237,경상북도 구미시_농경지 용수 공급 시설,농림 - 농업·농촌,adreslnm,20,15097251,경상북도 구미시_가축분뇨 배출시설 설치 허가 농가,환경 - 환경일반,locplc,5,5,1.0,15,0,구미시|고아읍|구미시|도개면|구미시|산동읍|구미시|선산읍|구미시|해평면,구미시|감문면|구미시|거의동|구미시|구포동|구미시|무을면|구미시|부곡동
emd,15097245,경상북도 구미시_축산 농가 현황,농림 - 농업·농촌,bplc_adreslnm,11,15097251,경상북도 구미시_가축분뇨 배출시설 설치 허가 농가,환경 - 환경일반,locplc,5,5,1.0,6,0,구미시|고아읍|구미시|도개면|구미시|산동읍|구미시|선산읍|구미시|해평면,구미시|무을면|구미시|산동면|구미시|양호동|구미시|옥성면|구미시|장천면
emd,15097246,경상북도 구미시_일반 음식점,문화체육관광 - 관광,locplcrn,50,15097251,경상북도 구미시_가축분뇨 배출시설 설치 허가 농가,환경 - 환경일반,locplc,5,5,1.0,45,0,구미시|고아읍|구미시|도개면|구미시|산동읍|구미시|선산읍|구미시|해평면,구미시|가동|구미시|가동동|구미시|거의동|구미시|공단동|구미시|광평동
emd,15097247,경상북도 구미시_저수지 현황,농림 - 농업·농촌,adres,13,15097251,경상북도 구미시_가축분뇨 배출시설 설치 허가 농가,환경 - 환경일반,locplc,5,5,1.0,8,0,구미시|고아읍|구미시|도개면|구미시|산동읍|구미시|선산읍|구미시|해평면,구미시|도량동|구미시|무을면|구미시|선주원남동|구미시|양포동|구미시|옥성면
emd,15097248,경상북도 구미시_어린이 보호 구역,공공질서및안전 - 안전관리,lnm_adres,32,15097251,경상북도 구미시_가축분뇨 배출시설 설치 허가 농가,환경 - 환경일반,locplc,5,5,1.0,27,0,구미시|고아읍|구미시|도개면|구미시|산동읍|구미시|선산읍|구미시|해평면,구미시|공단동|구미시|광평동|구미시|구평동|구미시|구포동|구미시|금전동
emd,15097249,경상북도 구미시_경로당,사회복지 - 노인·청소년,lnm_adres,36,15097251,경상북도 구미시_가축분뇨 배출시설 설치 허가 농가,환경 - 환경일반,locplc,5,5,1.0,31,0,구미시|고아읍|구미시|도개면|구미시|산동읍|구미시|선산읍|구미시|해평면,구미시|거의동|구미시|공단동|구미시|광평동|구미시|구평동|구미시|구포동
emd,15097250,경상북도 구미시_공공와이파이 현황,통신 - 방송통신,locplc_rdnmadr,35,15097251,경상북도 구미시_가축분뇨 배출시설 설치 허가 농가,환경 - 환경일반,locplc,5,5,1.0,30,0,구미시|고아읍|구미시|도개면|구미시|산동읍|구미시|선산읍|구미시|해평면,구미시|거의동|구미시|공단동|구미시|광평동|구미시|구평동|구미시|구포동
emd,15097251,경상북도 구미시_가축분뇨 배출시설 설치 허가 농가,환경 - 환경일반,locplc,5,15143264,경상북도_시군별 주민센터 현황,일반공공행정 - 일반행정,addr,230,5,1.0,0,225,구미시|고아읍|구미시|도개면|구미시|산동읍|구미시|선산읍|구미시|해평면,경산시|남산면|경산시|남천면|경산시|압량읍|경산시|와촌면|경산시|용성면
emd,15097251,경상북도 구미시_가축분뇨 배출시설 설치 허가 농가,환경 - 환경일반,locplc,5,15143265,경상북도_공중화장실 정보 조회,보건 - 보건의료,addr,437,5,1.0,0,432,구미시|고아읍|구미시|도개면|구미시|산동읍|구미시|선산읍|구미시|해평면,경산시|갑제동|경산시|계양동|경산시|남산면|경산시|남천면|경산시|대평동
emd,15097251,경상북도 구미시_가축분뇨 배출시설 설치 허가 농가,환경 - 환경일반,locplc,5,15143795,경상북도_노인복지시설 현황조회,사회복지 - 노인·청소년,fcltAddr,203,5,1.0,0,198,구미시|고아읍|구미시|도개면|구미시|산동읍|구미시|선산읍|구미시|해평면,경산시|가동|경산시|계양동|경산시|남산면|경산시|남천면|경산시|대평동
emd,15109381,경상북도 경주시_관광지 현황,문화체육관광 - 관광,ADRES,33,15109586,경상북도 경주시_걷기길 정보,문화체육관광 - 문화체육관광일반,SEARCH,5,5,1.0,28,0,경주시|감포읍|경주시|교동|경주시|문무대왕면|경주시|북군동|경주시|양남면,경주시|강동면|경주시|건천읍|경주시|구황동|경주시|남산동|경주시|내남면
emd,15109586,경상북도 경주시_걷기길 정보,문화체육관광 - 문화체육관광일반,SEARCH,5,15143265,경상북도_공중화장실 정보 조회,보건 - 보건의료,addr,437,5,1.0,0,432,경주시|감포읍|경주시|교동|경주시|문무대왕면|경주시|북군동|경주시|양남면,경산시|갑제동|경산시|계양동|경산시|남산면|경산시|남천면|경산시|대평동
emd,15110872,경상북도 영주시_안심식당 현황,문화체육관광 - 관광,ADRES,9,15110899,경상북도 영주시_장애인복지시설,사회복지 - 사회복지일반,RDNMADR,5,5,1.0,4,0,영주시|단산면|영주시|문수면|영주시|안정면|영주시|이산면|영주시|풍기읍,영주시|봉현면|영주시|부석면|영주시|순흥면|영주시|장수면
emd,15110880,경상북도 영주시_농지전용허가 현황,농림 - 농업·농촌,LOCPLC,10,15110899,경상북도 영주시_장애인복지시설,사회복지 - 사회복지일반,RDNMADR,5,5,1.0,5,0,영주시|단산면|영주시|문수면|영주시|안정면|영주시|이산면|영주시|풍기읍,영주시|고현동|영주시|봉현면|영주시|부석면|영주시|장수면|영주시|평은면
emd,15110883,경상북도 영주시_보건지소 및 진료소 현황,보건 - 보건의료,LC,10,15110899,경상북도 영주시_장애인복지시설,사회복지 - 사회복지일반,RDNMADR,5,5,1.0,5,0,영주시|단산면|영주시|문수면|영주시|안정면|영주시|이산면|영주시|풍기읍,영주시|봉현면|영주시|부석면|영주시|순흥면|영주시|장수면|영주시|평은면
emd,15110884,경상북도 영주시_모자보건사업실적,보건 - 보건의료,SIGNGU_NM,12,15110899,경상북도 영주시_장애인복지시설,사회복지 - 사회복지일반,RDNMADR,5,5,1.0,7,0,영주시|단산면|영주시|문수면|영주시|안정면|영주시|이산면|영주시|풍기읍,영주시|봉현면|영주시|부석면|영주시|상망동|영주시|순흥면|영주시|장수면
emd,15110898,경상북도 영주시_장기요양시설,사회복지 - 사회복지일반,ADRES,5,15110916,경상북도 영주시_건물재산,지역개발 - 지역및도시,LOCPLC,23,5,1.0,0,18,영주시|문수면|영주시|순흥면|영주시|영주동|영주시|풍기읍|영주시|휴천동,영주시|가흥동|영주시|고현동|영주시|단산면|영주시|문정동|영주시|봉현면
emd,15110898,경상북도 영주시_장기요양시설,사회복지 - 사회복지일반,ADRES,5,15143265,경상북도_공중화장실 정보 조회,보건 - 보건의료,addr,437,5,1.0,0,432,영주시|문수면|영주시|순흥면|영주시|영주동|영주시|풍기읍|영주시|휴천동,경산시|갑제동|경산시|계양동|경산시|남산면|경산시|남천면|경산시|대평동
emd,15110898,경상북도 영주시_장기요양시설,사회복지 - 사회복지일반,ADRES,5,15143780,경상북도_어린이보호구역 정보조회,사회복지 - 보육·가족및여성,addr,227,5,1.0,0,222,영주시|문수면|영주시|순흥면|영주시|영주동|영주시|풍기읍|영주시|휴천동,김천시|감문면|김천시|감천면|김천시|개령면|김천시|구성면|김천시|남면
emd,15110899,경상북도 영주시_장애인복지시설,사회복지 - 사회복지일반,RDNMADR,5,15110916,경상북도 영주시_건물재산,지역개발 - 지역및도시,LOCPLC,23,5,1.0,0,18,영주시|단산면|영주시|문수면|영주시|안정면|영주시|이산면|영주시|풍기읍,영주시|가흥동|영주시|고현동|영주시|문정동|영주시|봉현면|영주시|부석면
emd,15110899,경상북도 영주시_장애인복지시설,사회복지 - 사회복지일반,RDNMADR,5,15110920,경상북도 영주시_태양광발전사업 허가내역,산업·통상·중소기업 - 에너지및자원개발,INSTL_PLACE,19,5,1.0,0,14,영주시|단산면|영주시|문수면|영주시|안정면|영주시|이산면|영주시|풍기읍,영주시|가흥동|영주시|고현동|영주시|문정동|영주시|봉현면|영주시|부석면
emd,15110899,경상북도 영주시_장애인복지시설,사회복지 - 사회복지일반,RDNMADR,5,15110924,경상북도 영주시_농어촌민박 신고대장,문화체육관광 - 문화체육관광일반,RDNMADR,9,5,1.0,0,4,영주시|단산면|영주시|문수면|영주시|안정면|영주시|이산면|영주시|풍기읍,영주시|봉현면|영주시|부석면|영주시|순흥면|영주시|평은면
emd,15110899,경상북도 영주시_장애인복지시설,사회복지 - 사회복지일반,RDNMADR,5,15143264,경상북도_시군별 주민센터 현황,일반공공행정 - 일반행정,addr,230,5,1.0,0,225,영주시|단산면|영주시|문수면|영주시|안정면|영주시|이산면|영주시|풍기읍,경산시|남산면|경산시|남천면|경산시|압량읍|경산시|와촌면|경산시|용성면
emd,15110899,경상북도 영주시_장애인복지시설,사회복지 - 사회복지일반,RDNMADR,5,15143265,경상북도_공중화장실 정보 조회,보건 - 보건의료,addr,437,5,1.0,0,432,영주시|단산면|영주시|문수면|영주시|안정면|영주시|이산면|영주시|풍기읍,경산시|갑제동|경산시|계양동|경산시|남산면|경산시|남천면|경산시|대평동
emd,15110899,경상북도 영주시_장애인복지시설,사회복지 - 사회복지일반,RDNMADR,5,15143780,경상북도_어린이보호구역 정보조회,사회복지 - 보육·가족및여성,addr,227,5,1.0,0,222,영주시|단산면|영주시|문수면|영주시|안정면|영주시|이산면|영주시|풍기읍,김천시|감문면|김천시|감천면|김천시|개령면|김천시|구성면|김천시|남면
emd,15124615,경상북도 상주시_계약 정보,일반공공행정 - 일반행정,CNTRCT_TRGET_LC,190,ep_YeongcheonFarmproduction,경상북도 영천시_농산물산지 현황,,addr,5,5,1.0,185,0,영천시|금호읍|영천시|신녕면|영천시|임고면|영천시|청통면|영천시|화남면,경산시|계양동|경산시|남천면|경산시|사정동|경산시|삼풍동|경산시|신교동
emd,15143264,경상북도_시군별 주민센터 현황,일반공공행정 - 일반행정,addr,230,15157805,경상북도 영천시_임신부 할인업소 현황,보건 - 식품의약안전,addr,5,5,1.0,225,0,영천시|금호읍|영천시|북안면|영천시|신녕면|영천시|임고면|영천시|청통면,경산시|남산면|경산시|남천면|경산시|압량읍|경산시|와촌면|경산시|용성면
emd,15143264,경상북도_시군별 주민센터 현황,일반공공행정 - 일반행정,addr,230,ep_YeongcheonFarmproduction,경상북도 영천시_농산물산지 현황,,addr,5,5,1.0,225,0,영천시|금호읍|영천시|신녕면|영천시|임고면|영천시|청통면|영천시|화남면,경산시|남산면|경산시|남천면|경산시|압량읍|경산시|와촌면|경산시|용성면
emd,15143264,경상북도_시군별 주민센터 현황,일반공공행정 - 일반행정,addr,230,ep_YeongcheonPharmacy,경상북도 영천시_약국 현황,보건 - 식품의약안전,roadAddr,5,5,1.0,225,0,영천시|금호읍|영천시|대창면|영천시|북안면|영천시|신녕면|영천시|청통면,경산시|남산면|경산시|남천면|경산시|압량읍|경산시|와촌면|경산시|용성면
emd,15143265,경상북도_공중화장실 정보 조회,보건 - 보건의료,addr,437,15157805,경상북도 영천시_임신부 할인업소 현황,보건 - 식품의약안전,addr,5,5,1.0,432,0,영천시|금호읍|영천시|북안면|영천시|신녕면|영천시|임고면|영천시|청통면,경산시|갑제동|경산시|계양동|경산시|남산면|경산시|남천면|경산시|대평동
emd,15143265,경상북도_공중화장실 정보 조회,보건 - 보건의료,addr,437,ep_YeongcheonFarmproduction,경상북도 영천시_농산물산지 현황,,addr,5,5,1.0,432,0,영천시|금호읍|영천시|신녕면|영천시|임고면|영천시|청통면|영천시|화남면,경산시|갑제동|경산시|계양동|경산시|남산면|경산시|남천면|경산시|대평동
emd,15143265,경상북도_공중화장실 정보 조회,보건 - 보건의료,addr,437,ep_YeongcheonMedicalfacility,경상북도 영천시_의료기관현황,보건 - 식품의약안전,addr,5,5,1.0,432,0,영천시|고경면|영천시|금호읍|영천시|북안면|영천시|신녕면|영천시|완산동,경산시|갑제동|경산시|계양동|경산시|남산면|경산시|남천면|경산시|대평동
emd,15143265,경상북도_공중화장실 정보 조회,보건 - 보건의료,addr,437,ep_YeongcheonPharmacy,경상북도 영천시_약국 현황,보건 - 식품의약안전,roadAddr,5,5,1.0,432,0,영천시|금호읍|영천시|대창면|영천시|북안면|영천시|신녕면|영천시|청통면,경산시|갑제동|경산시|계양동|경산시|남산면|경산시|남천면|경산시|대평동
emd,15143780,경상북도_어린이보호구역 정보조회,사회복지 - 보육·가족및여성,addr,227,ep_YeongcheonMedicalfacility,경상북도 영천시_의료기관현황,보건 - 식품의약안전,addr,5,5,1.0,222,0,영천시|고경면|영천시|금호읍|영천시|북안면|영천시|신녕면|영천시|완산동,김천시|감문면|김천시|감천면|김천시|개령면|김천시|구성면|김천시|남면
emd,15143795,경상북도_노인복지시설 현황조회,사회복지 - 노인·청소년,fcltAddr,203,15157805,경상북도 영천시_임신부 할인업소 현황,보건 - 식품의약안전,addr,5,5,1.0,198,0,영천시|금호읍|영천시|북안면|영천시|신녕면|영천시|임고면|영천시|청통면,경산시|가동|경산시|계양동|경산시|남산면|경산시|남천면|경산시|대평동
emd,15143795,경상북도_노인복지시설 현황조회,사회복지 - 노인·청소년,fcltAddr,203,ep_YeongcheonFarmproduction,경상북도 영천시_농산물산지 현황,,addr,5,5,1.0,198,0,영천시|금호읍|영천시|신녕면|영천시|임고면|영천시|청통면|영천시|화남면,경산시|가동|경산시|계양동|경산시|남산면|경산시|남천면|경산시|대평동
emd,15143795,경상북도_노인복지시설 현황조회,사회복지 - 노인·청소년,fcltAddr,203,ep_YeongcheonMedicalfacility,경상북도 영천시_의료기관현황,보건 - 식품의약안전,addr,5,5,1.0,198,0,영천시|고경면|영천시|금호읍|영천시|북안면|영천시|신녕면|영천시|완산동,경산시|가동|경산시|계양동|경산시|남산면|경산시|남천면|경산시|대평동
emd,15143795,경상북도_노인복지시설 현황조회,사회복지 - 노인·청소년,fcltAddr,203,ep_YeongcheonPharmacy,경상북도 영천시_약국 현황,보건 - 식품의약안전,roadAddr,5,5,1.0,198,0,영천시|금호읍|영천시|대창면|영천시|북안면|영천시|신녕면|영천시|청통면,경산시|가동|경산시|계양동|경산시|남산면|경산시|남천면|경산시|대평동
emd,15157767,경상북도 영천시_공장 현황,산업·통상·중소기업 - 산업·중소기업일반,lotAddr,33,15157805,경상북도 영천시_임신부 할인업소 현황,보건 - 식품의약안전,addr,5,5,1.0,28,0,영천시|금호읍|영천시|북안면|영천시|신녕면|영천시|임고면|영천시|청통면,영천시|고경면|영천시|괴연동|영천시|금노동|영천시|녹전동|영천시|대전동
emd,15157767,경상북도 영천시_공장 현황,산업·통상·중소기업 - 산업·중소기업일반,lotAddr,33,ep_YeongcheonFarmproduction,경상북도 영천시_농산물산지 현황,,addr,5,5,1.0,28,0,영천시|금호읍|영천시|신녕면|영천시|임고면|영천시|청통면|영천시|화남면,영천시|고경면|영천시|괴연동|영천시|금노동|영천시|녹전동|영천시|대전동
emd,15157767,경상북도 영천시_공장 현황,산업·통상·중소기업 - 산업·중소기업일반,lotAddr,33,ep_YeongcheonMedicalfacility,경상북도 영천시_의료기관현황,보건 - 식품의약안전,addr,5,5,1.0,28,0,영천시|고경면|영천시|금호읍|영천시|북안면|영천시|신녕면|영천시|완산동,영천시|괴연동|영천시|금노동|영천시|녹전동|영천시|대전동|영천시|대창면
emd,15157767,경상북도 영천시_공장 현황,산업·통상·중소기업 - 산업·중소기업일반,lotAddr,33,ep_YeongcheonPharmacy,경상북도 영천시_약국 현황,보건 - 식품의약안전,roadAddr,5,5,1.0,28,0,영천시|금호읍|영천시|대창면|영천시|북안면|영천시|신녕면|영천시|청통면,영천시|고경면|영천시|괴연동|영천시|금노동|영천시|녹전동|영천시|대전동
emd,15157773,경상북도 영천시_착한가격업소 현황,지역개발 - 지역및도시,roadAddr,5,15157800,경상북도 영천시_의료기기판매업소 현황,보건 - 보건의료,addr,16,5,1.0,0,11,영천시|고경면|영천시|문외동|영천시|신녕면|영천시|중앙동|영천시|화북면,영천시|금호읍|영천시|대창면|영천시|망정동|영천시|봉동|영천시|북안면
emd,15157788,경상북도 영천시_사업장폐기물배출자신고 현황,환경 - 폐기물,lotAddr,27,15157805,경상북도 영천시_임신부 할인업소 현황,보건 - 식품의약안전,addr,5,5,1.0,22,0,영천시|금호읍|영천시|북안면|영천시|신녕면|영천시|임고면|영천시|청통면,영천시|고경면|영천시|금노동|영천시|녹전동|영천시|대전동|영천시|대창면
emd,15157788,경상북도 영천시_사업장폐기물배출자신고 현황,환경 - 폐기물,lotAddr,27,ep_YeongcheonFarmproduction,경상북도 영천시_농산물산지 현황,,addr,5,5,1.0,22,0,영천시|금호읍|영천시|신녕면|영천시|임고면|영천시|청통면|영천시|화남면,영천시|고경면|영천시|금노동|영천시|녹전동|영천시|대전동|영천시|대창면
emd,15157788,경상북도 영천시_사업장폐기물배출자신고 현황,환경 - 폐기물,lotAddr,27,ep_YeongcheonMedicalfacility,경상북도 영천시_의료기관현황,보건 - 식품의약안전,addr,5,5,1.0,22,0,영천시|고경면|영천시|금호읍|영천시|북안면|영천시|신녕면|영천시|완산동,영천시|금노동|영천시|녹전동|영천시|대전동|영천시|대창면|영천시|도남동
emd,15157788,경상북도 영천시_사업장폐기물배출자신고 현황,환경 - 폐기물,lotAddr,27,ep_YeongcheonPharmacy,경상북도 영천시_약국 현황,보건 - 식품의약안전,roadAddr,5,5,1.0,22,0,영천시|금호읍|영천시|대창면|영천시|북안면|영천시|신녕면|영천시|청통면,영천시|고경면|영천시|금노동|영천시|녹전동|영천시|대전동|영천시|도남동
emd,15157792,경상북도 영천시_지진재난 이재민수용시설 현황,공공질서및안전 - 안전관리,addr,13,15157805,경상북도 영천시_임신부 할인업소 현황,보건 - 식품의약안전,addr,5,5,1.0,8,0,영천시|금호읍|영천시|북안면|영천시|신녕면|영천시|임고면|영천시|청통면,영천시|고경면|영천시|구읍|영천시|대창면|영천시|자양면|영천시|중앙동
emd,15157792,경상북도 영천시_지진재난 이재민수용시설 현황,공공질서및안전 - 안전관리,addr,13,ep_YeongcheonFarmproduction,경상북도 영천시_농산물산지 현황,,addr,5,5,1.0,8,0,영천시|금호읍|영천시|신녕면|영천시|임고면|영천시|청통면|영천시|화남면,영천시|고경면|영천시|구읍|영천시|대창면|영천시|북안면|영천시|자양면
emd,15157792,경상북도 영천시_지진재난 이재민수용시설 현황,공공질서및안전 - 안전관리,addr,13,ep_YeongcheonPharmacy,경상북도 영천시_약국 현황,보건 - 식품의약안전,roadAddr,5,5,1.0,8,0,영천시|금호읍|영천시|대창면|영천시|북안면|영천시|신녕면|영천시|청통면,영천시|고경면|영천시|구읍|영천시|임고면|영천시|자양면|영천시|중앙동
emd,15157794,경상북도 영천시_체육시설업현황,문화체육관광 - 체육,lotAddr,16,ep_YeongcheonFarmproduction,경상북도 영천시_농산물산지 현황,,addr,5,5,1.0,11,0,영천시|금호읍|영천시|신녕면|영천시|임고면|영천시|청통면|영천시|화남면,영천시|고경면|영천시|교촌동|영천시|망정동|영천시|문내동|영천시|문외동
emd,15157799,경상북도 영천시_미용업현황,보건 - 보건의료,roadAddr,23,15157805,경상북도 영천시_임신부 할인업소 현황,보건 - 식품의약안전,addr,5,5,1.0,18,0,영천시|금호읍|영천시|북안면|영천시|신녕면|영천시|임고면|영천시|청통면,영천시|가동|영천시|고경면|영천시|구읍|영천시|대창면|영천시|망정동
emd,15157799,경상북도 영천시_미용업현황,보건 - 보건의료,roadAddr,23,ep_YeongcheonFarmproduction,경상북도 영천시_농산물산지 현황,,addr,5,5,1.0,18,0,영천시|금호읍|영천시|신녕면|영천시|임고면|영천시|청통면|영천시|화남면,영천시|가동|영천시|고경면|영천시|구읍|영천시|대창면|영천시|망정동
emd,15157799,경상북도 영천시_미용업현황,보건 - 보건의료,roadAddr,23,ep_YeongcheonMedicalfacility,경상북도 영천시_의료기관현황,보건 - 식품의약안전,addr,5,5,1.0,18,0,영천시|고경면|영천시|금호읍|영천시|북안면|영천시|신녕면|영천시|완산동,영천시|가동|영천시|구읍|영천시|대창면|영천시|망정동|영천시|문내동
emd,15157799,경상북도 영천시_미용업현황,보건 - 보건의료,roadAddr,23,ep_YeongcheonPharmacy,경상북도 영천시_약국 현황,보건 - 식품의약안전,roadAddr,5,5,1.0,18,0,영천시|금호읍|영천시|대창면|영천시|북안면|영천시|신녕면|영천시|청통면,영천시|가동|영천시|고경면|영천시|구읍|영천시|망정동|영천시|문내동
emd,15157800,경상북도 영천시_의료기기판매업소 현황,보건 - 보건의료,addr,16,15157805,경상북도 영천시_임신부 할인업소 현황,보건 - 식품의약안전,addr,5,5,1.0,11,0,영천시|금호읍|영천시|북안면|영천시|신녕면|영천시|임고면|영천시|청통면,영천시|고경면|영천시|대창면|영천시|망정동|영천시|문외동|영천시|봉동
emd,15157800,경상북도 영천시_의료기기판매업소 현황,보건 - 보건의료,addr,16,ep_YeongcheonMedicalfacility,경상북도 영천시_의료기관현황,보건 - 식품의약안전,addr,5,5,1.0,11,0,영천시|고경면|영천시|금호읍|영천시|북안면|영천시|신녕면|영천시|완산동,영천시|대창면|영천시|망정동|영천시|문외동|영천시|봉동|영천시|상가동
emd,15157800,경상북도 영천시_의료기기판매업소 현황,보건 - 보건의료,addr,16,ep_YeongcheonPharmacy,경상북도 영천시_약국 현황,보건 - 식품의약안전,roadAddr,5,5,1.0,11,0,영천시|금호읍|영천시|대창면|영천시|북안면|영천시|신녕면|영천시|청통면,영천시|고경면|영천시|망정동|영천시|문외동|영천시|봉동|영천시|상가동
emd,15157805,경상북도 영천시_임신부 할인업소 현황,보건 - 식품의약안전,addr,5,15157807,경상북도 영천시_동네 체육시설 현황,문화체육관광 - 체육,lotAddr,39,5,1.0,0,34,영천시|금호읍|영천시|북안면|영천시|신녕면|영천시|임고면|영천시|청통면,영천시|고경면|영천시|과전동|영천시|교촌동|영천시|금노동|영천시|남부동
emd,15157805,경상북도 영천시_임신부 할인업소 현황,보건 - 식품의약안전,addr,5,15157812,경상북도 영천시_제설(모래) 배치현황,공공질서및안전 - 안전관리,dept,11,5,1.0,0,6,영천시|금호읍|영천시|북안면|영천시|신녕면|영천시|임고면|영천시|청통면,영천시|고경면|영천시|대창면|영천시|자양면|영천시|화남면|영천시|화북면
emd,15157805,경상북도 영천시_임신부 할인업소 현황,보건 - 식품의약안전,addr,5,15157816,경상북도 영천시_강우량시설 현황,환경 - 대기,lotAddr,13,5,1.0,0,8,영천시|금호읍|영천시|북안면|영천시|신녕면|영천시|임고면|영천시|청통면,영천시|고경면|영천시|대창면|영천시|문외동|영천시|범어동|영천시|자양면
emd,15157805,경상북도 영천시_임신부 할인업소 현황,보건 - 식품의약안전,addr,5,15157817,경상북도 영천시_면직물 생산공장 현황,산업·통상·중소기업 - 산업·중소기업일반,lotAddr,14,5,1.0,0,9,영천시|금호읍|영천시|북안면|영천시|신녕면|영천시|임고면|영천시|청통면,영천시|고경면|영천시|녹전동|영천시|대창면|영천시|망정동|영천시|신기동
emd,15157805,경상북도 영천시_임신부 할인업소 현황,보건 - 식품의약안전,addr,5,15157822,경상북도 영천시_부동산중개업 현황,지역개발 - 지역및도시,addr,21,5,1.0,0,16,영천시|금호읍|영천시|북안면|영천시|신녕면|영천시|임고면|영천시|청통면,영천시|고경면|영천시|구읍|영천시|금노동|영천시|대창면|영천시|도동
emd,15157805,경상북도 영천시_임신부 할인업소 현황,보건 - 식품의약안전,addr,5,15157824,경상북도 영천시_마을회관현황,사회복지 - 사회복지일반,addr,11,5,1.0,0,6,영천시|금호읍|영천시|북안면|영천시|신녕면|영천시|임고면|영천시|청통면,영천시|고경면|영천시|대창면|영천시|자양면|영천시|화남면|영천시|화북면
emd,15157805,경상북도 영천시_임신부 할인업소 현황,보건 - 식품의약안전,addr,5,15157827,경상북도 영천시_전문건설업 현황,지역개발 - 산업단지,roadAddr,13,5,1.0,0,8,영천시|금호읍|영천시|북안면|영천시|신녕면|영천시|임고면|영천시|청통면,영천시|고경면|영천시|대창면|영천시|도동|영천시|석동|영천시|중앙동
emd,15157805,경상북도 영천시_임신부 할인업소 현황,보건 - 식품의약안전,addr,5,15157829,경상북도 영천시_상수도원격검침 지역별 현황,지역개발 - 수자원,area,16,5,1.0,0,11,영천시|금호읍|영천시|북안면|영천시|신녕면|영천시|임고면|영천시|청통면,영천시|고경면|영천시|남부동|영천시|대창면|영천시|동부동|영천시|서부동
emd,15157805,경상북도 영천시_임신부 할인업소 현황,보건 - 식품의약안전,addr,5,15157833,경상북도 영천시_저수지 보수보강 현황,농림 - 농업·농촌,addr,21,5,1.0,0,16,영천시|금호읍|영천시|북안면|영천시|신녕면|영천시|임고면|영천시|청통면,영천시|고경면|영천시|괴연동|영천시|금노동|영천시|대창면|영천시|도림동
emd,15157805,경상북도 영천시_임신부 할인업소 현황,보건 - 식품의약안전,addr,5,15157837,경상북도 영천시_새마을회관 현황,일반공공행정 - 일반행정,lotAddr,23,5,1.0,0,18,영천시|금호읍|영천시|북안면|영천시|신녕면|영천시|임고면|영천시|청통면,영천시|고경면|영천시|교촌동|영천시|대전동|영천시|대창면|영천시|도남동
emd,15157805,경상북도 영천시_임신부 할인업소 현황,보건 - 식품의약안전,addr,5,ep_YeongcheonCCTV,경상북도 영천시_CCTV 현황,일반공공행정 - 일반행정,lotAddr,40,5,1.0,0,35,영천시|금호읍|영천시|북안면|영천시|신녕면|영천시|임고면|영천시|청통면,영천시|고경면|영천시|과전동|영천시|괴연동|영천시|교촌동|영천시|금노동
emd,15157805,경상북도 영천시_임신부 할인업소 현황,보건 - 식품의약안전,addr,5,ep_YeongcheonRestaurants,경상북도 영천시_일반음식점현황,보건 - 식품의약안전,lotAddr,37,5,1.0,0,32,영천시|금호읍|영천시|북안면|영천시|신녕면|영천시|임고면|영천시|청통면,영천시|고경면|영천시|과전동|영천시|괴연동|영천시|교촌동|영천시|금노동
emd,15157807,경상북도 영천시_동네 체육시설 현황,문화체육관광 - 체육,lotAddr,39,ep_YeongcheonFarmproduction,경상북도 영천시_농산물산지 현황,,addr,5,5,1.0,34,0,영천시|금호읍|영천시|신녕면|영천시|임고면|영천시|청통면|영천시|화남면,영천시|고경면|영천시|과전동|영천시|교촌동|영천시|금노동|영천시|남부동
emd,15157807,경상북도 영천시_동네 체육시설 현황,문화체육관광 - 체육,lotAddr,39,ep_YeongcheonMedicalfacility,경상북도 영천시_의료기관현황,보건 - 식품의약안전,addr,5,5,1.0,34,0,영천시|고경면|영천시|금호읍|영천시|북안면|영천시|신녕면|영천시|완산동,영천시|과전동|영천시|교촌동|영천시|금노동|영천시|남부동|영천시|녹전동
emd,15157807,경상북도 영천시_동네 체육시설 현황,문화체육관광 - 체육,lotAddr,39,ep_YeongcheonPharmacy,경상북도 영천시_약국 현황,보건 - 식품의약안전,roadAddr,5,5,1.0,34,0,영천시|금호읍|영천시|대창면|영천시|북안면|영천시|신녕면|영천시|청통면,영천시|고경면|영천시|과전동|영천시|교촌동|영천시|금노동|영천시|남부동
emd,15157811,경상북도 영천시_안전상비의약품 판매업 현황,보건 - 보건의료,addr,12,ep_YeongcheonFarmproduction,경상북도 영천시_농산물산지 현황,,addr,5,5,1.0,7,0,영천시|금호읍|영천시|신녕면|영천시|임고면|영천시|청통면|영천시|화남면,영천시|대창면|영천시|망정동|영천시|봉동|영천시|상가동|영천시|완산동
emd,15157812,경상북도 영천시_제설(모래) 배치현황,공공질서및안전 - 안전관리,dept,11,ep_YeongcheonFarmproduction,경상북도 영천시_농산물산지 현황,,addr,5,5,1.0,6,0,영천시|금호읍|영천시|신녕면|영천시|임고면|영천시|청통면|영천시|화남면,영천시|고경면|영천시|대창면|영천시|북안면|영천시|자양면|영천시|화북면
emd,15157812,경상북도 영천시_제설(모래) 배치현황,공공질서및안전 - 안전관리,dept,11,ep_YeongcheonPharmacy,경상북도 영천시_약국 현황,보건 - 식품의약안전,roadAddr,5,5,1.0,6,0,영천시|금호읍|영천시|대창면|영천시|북안면|영천시|신녕면|영천시|청통면,영천시|고경면|영천시|임고면|영천시|자양면|영천시|화남면|영천시|화북면
emd,15157816,경상북도 영천시_강우량시설 현황,환경 - 대기,lotAddr,13,ep_YeongcheonFarmproduction,경상북도 영천시_농산물산지 현황,,addr,5,5,1.0,8,0,영천시|금호읍|영천시|신녕면|영천시|임고면|영천시|청통면|영천시|화남면,영천시|고경면|영천시|대창면|영천시|문외동|영천시|범어동|영천시|북안면
emd,15157816,경상북도 영천시_강우량시설 현황,환경 - 대기,lotAddr,13,ep_YeongcheonPharmacy,경상북도 영천시_약국 현황,보건 - 식품의약안전,roadAddr,5,5,1.0,8,0,영천시|금호읍|영천시|대창면|영천시|북안면|영천시|신녕면|영천시|청통면,영천시|고경면|영천시|문외동|영천시|범어동|영천시|임고면|영천시|자양면
emd,15157817,경상북도 영천시_면직물 생산공장 현황,산업·통상·중소기업 - 산업·중소기업일반,lotAddr,14,ep_YeongcheonFarmproduction,경상북도 영천시_농산물산지 현황,,addr,5,5,1.0,9,0,영천시|금호읍|영천시|신녕면|영천시|임고면|영천시|청통면|영천시|화남면,영천시|고경면|영천시|녹전동|영천시|대창면|영천시|망정동|영천시|북안면
emd,15157817,경상북도 영천시_면직물 생산공장 현황,산업·통상·중소기업 - 산업·중소기업일반,lotAddr,14,ep_YeongcheonPharmacy,경상북도 영천시_약국 현황,보건 - 식품의약안전,roadAddr,5,5,1.0,9,0,영천시|금호읍|영천시|대창면|영천시|북안면|영천시|신녕면|영천시|청통면,영천시|고경면|영천시|녹전동|영천시|망정동|영천시|신기동|영천시|언하동
emd,15157822,경상북도 영천시_부동산중개업 현황,지역개발 - 지역및도시,addr,21,ep_YeongcheonFarmproduction,경상북도 영천시_농산물산지 현황,,addr,5,5,1.0,16,0,영천시|금호읍|영천시|신녕면|영천시|임고면|영천시|청통면|영천시|화남면,영천시|고경면|영천시|구읍|영천시|금노동|영천시|대창면|영천시|도동
emd,15157822,경상북도 영천시_부동산중개업 현황,지역개발 - 지역및도시,addr,21,ep_YeongcheonMedicalfacility,경상북도 영천시_의료기관현황,보건 - 식품의약안전,addr,5,5,1.0,16,0,영천시|고경면|영천시|금호읍|영천시|북안면|영천시|신녕면|영천시|완산동,영천시|구읍|영천시|금노동|영천시|대창면|영천시|도동|영천시|망정동
emd,15157822,경상북도 영천시_부동산중개업 현황,지역개발 - 지역및도시,addr,21,ep_YeongcheonPharmacy,경상북도 영천시_약국 현황,보건 - 식품의약안전,roadAddr,5,5,1.0,16,0,영천시|금호읍|영천시|대창면|영천시|북안면|영천시|신녕면|영천시|청통면,영천시|고경면|영천시|구읍|영천시|금노동|영천시|도동|영천시|망정동
emd,15157824,경상북도 영천시_마을회관현황,사회복지 - 사회복지일반,addr,11,ep_YeongcheonFarmproduction,경상북도 영천시_농산물산지 현황,,addr,5,5,1.0,6,0,영천시|금호읍|영천시|신녕면|영천시|임고면|영천시|청통면|영천시|화남면,영천시|고경면|영천시|대창면|영천시|북안면|영천시|자양면|영천시|화북면
emd,15157824,경상북도 영천시_마을회관현황,사회복지 - 사회복지일반,addr,11,ep_YeongcheonPharmacy,경상북도 영천시_약국 현황,보건 - 식품의약안전,roadAddr,5,5,1.0,6,0,영천시|금호읍|영천시|대창면|영천시|북안면|영천시|신녕면|영천시|청통면,영천시|고경면|영천시|임고면|영천시|자양면|영천시|화남면|영천시|화북면
emd,15157827,경상북도 영천시_전문건설업 현황,지역개발 - 산업단지,roadAddr,13,ep_YeongcheonFarmproduction,경상북도 영천시_농산물산지 현황,,addr,5,5,1.0,8,0,영천시|금호읍|영천시|신녕면|영천시|임고면|영천시|청통면|영천시|화남면,영천시|고경면|영천시|대창면|영천시|도동|영천시|북안면|영천시|석동
emd,15157827,경상북도 영천시_전문건설업 현황,지역개발 - 산업단지,roadAddr,13,ep_YeongcheonPharmacy,경상북도 영천시_약국 현황,보건 - 식품의약안전,roadAddr,5,5,1.0,8,0,영천시|금호읍|영천시|대창면|영천시|북안면|영천시|신녕면|영천시|청통면,영천시|고경면|영천시|도동|영천시|석동|영천시|임고면|영천시|중앙동
emd,15157829,경상북도 영천시_상수도원격검침 지역별 현황,지역개발 - 수자원,area,16,ep_YeongcheonFarmproduction,경상북도 영천시_농산물산지 현황,,addr,5,5,1.0,11,0,영천시|금호읍|영천시|신녕면|영천시|임고면|영천시|청통면|영천시|화남면,영천시|고경면|영천시|남부동|영천시|대창면|영천시|동부동|영천시|북안면
emd,15157829,경상북도 영천시_상수도원격검침 지역별 현황,지역개발 - 수자원,area,16,ep_YeongcheonMedicalfacility,경상북도 영천시_의료기관현황,보건 - 식품의약안전,addr,5,5,1.0,11,0,영천시|고경면|영천시|금호읍|영천시|북안면|영천시|신녕면|영천시|완산동,영천시|남부동|영천시|대창면|영천시|동부동|영천시|서부동|영천시|임고면
emd,15157829,경상북도 영천시_상수도원격검침 지역별 현황,지역개발 - 수자원,area,16,ep_YeongcheonPharmacy,경상북도 영천시_약국 현황,보건 - 식품의약안전,roadAddr,5,5,1.0,11,0,영천시|금호읍|영천시|대창면|영천시|북안면|영천시|신녕면|영천시|청통면,영천시|고경면|영천시|남부동|영천시|동부동|영천시|서부동|영천시|완산동
emd,15157832,경상북도 영천시_경질유 중질유 사용업체현황,환경 - 대기,addr,7,ep_YeongcheonPharmacy,경상북도 영천시_약국 현황,보건 - 식품의약안전,roadAddr,5,5,1.0,2,0,영천시|금호읍|영천시|대창면|영천시|북안면|영천시|신녕면|영천시|청통면,영천시|고경면|영천시|화산면
emd,15157833,경상북도 영천시_저수지 보수보강 현황,농림 - 농업·농촌,addr,21,ep_YeongcheonFarmproduction,경상북도 영천시_농산물산지 현황,,addr,5,5,1.0,16,0,영천시|금호읍|영천시|신녕면|영천시|임고면|영천시|청통면|영천시|화남면,영천시|고경면|영천시|괴연동|영천시|금노동|영천시|대창면|영천시|도림동
emd,15157833,경상북도 영천시_저수지 보수보강 현황,농림 - 농업·농촌,addr,21,ep_YeongcheonPharmacy,경상북도 영천시_약국 현황,보건 - 식품의약안전,roadAddr,5,5,1.0,16,0,영천시|금호읍|영천시|대창면|영천시|북안면|영천시|신녕면|영천시|청통면,영천시|고경면|영천시|괴연동|영천시|금노동|영천시|도림동|영천시|망정동
emd,15157837,경상북도 영천시_새마을회관 현황,일반공공행정 - 일반행정,lotAddr,23,ep_YeongcheonFarmproduction,경상북도 영천시_농산물산지 현황,,addr,5,5,1.0,18,0,영천시|금호읍|영천시|신녕면|영천시|임고면|영천시|청통면|영천시|화남면,영천시|고경면|영천시|교촌동|영천시|대전동|영천시|대창면|영천시|도남동
emd,15157837,경상북도 영천시_새마을회관 현황,일반공공행정 - 일반행정,lotAddr,23,ep_YeongcheonMedicalfacility,경상북도 영천시_의료기관현황,보건 - 식품의약안전,addr,5,5,1.0,18,0,영천시|고경면|영천시|금호읍|영천시|북안면|영천시|신녕면|영천시|완산동,영천시|교촌동|영천시|대전동|영천시|대창면|영천시|도남동|영천시|범어동
emd,15157837,경상북도 영천시_새마을회관 현황,일반공공행정 - 일반행정,lotAddr,23,ep_YeongcheonPharmacy,경상북도 영천시_약국 현황,보건 - 식품의약안전,roadAddr,5,5,1.0,18,0,영천시|금호읍|영천시|대창면|영천시|북안면|영천시|신녕면|영천시|청통면,영천시|고경면|영천시|교촌동|영천시|대전동|영천시|도남동|영천시|범어동
emd,15157838,경상북도 영천시_농어촌민박 현황,문화체육관광 - 관광,lotAddr,12,ep_YeongcheonFarmproduction,경상북도 영천시_농산물산지 현황,,addr,5,5,1.0,7,0,영천시|금호읍|영천시|신녕면|영천시|임고면|영천시|청통면|영천시|화남면,영천시|고경면|영천시|대창면|영천시|오미동|영천시|완산동|영천시|자양면
emd,ep_YeongcheonCCTV,경상북도 영천시_CCTV 현황,일반공공행정 - 일반행정,lotAddr,40,ep_YeongcheonFarmproduction,경상북도 영천시_농산물산지 현황,,addr,5,5,1.0,35,0,영천시|금호읍|영천시|신녕면|영천시|임고면|영천시|청통면|영천시|화남면,영천시|고경면|영천시|과전동|영천시|괴연동|영천시|교촌동|영천시|금노동
emd,ep_YeongcheonCCTV,경상북도 영천시_CCTV 현황,일반공공행정 - 일반행정,lotAddr,40,ep_YeongcheonMedicalfacility,경상북도 영천시_의료기관현황,보건 - 식품의약안전,addr,5,5,1.0,35,0,영천시|고경면|영천시|금호읍|영천시|북안면|영천시|신녕면|영천시|완산동,영천시|과전동|영천시|괴연동|영천시|교촌동|영천시|금노동|영천시|녹전동
emd,ep_YeongcheonCCTV,경상북도 영천시_CCTV 현황,일반공공행정 - 일반행정,lotAddr,40,ep_YeongcheonPharmacy,경상북도 영천시_약국 현황,보건 - 식품의약안전,roadAddr,5,5,1.0,35,0,영천시|금호읍|영천시|대창면|영천시|북안면|영천시|신녕면|영천시|청통면,영천시|고경면|영천시|과전동|영천시|괴연동|영천시|교촌동|영천시|금노동
emd,ep_YeongcheonFarmproduction,경상북도 영천시_농산물산지 현황,,addr,5,ep_YeongcheonRestaurants,경상북도 영천시_일반음식점현황,보건 - 식품의약안전,lotAddr,37,5,1.0,0,32,영천시|금호읍|영천시|신녕면|영천시|임고면|영천시|청통면|영천시|화남면,영천시|고경면|영천시|과전동|영천시|괴연동|영천시|교촌동|영천시|금노동
emd,ep_YeongcheonMedicalfacility,경상북도 영천시_의료기관현황,보건 - 식품의약안전,addr,5,ep_YeongcheonRestaurants,경상북도 영천시_일반음식점현황,보건 - 식품의약안전,lotAddr,37,5,1.0,0,32,영천시|고경면|영천시|금호읍|영천시|북안면|영천시|신녕면|영천시|완산동,영천시|과전동|영천시|괴연동|영천시|교촌동|영천시|금노동|영천시|대창면
emd,ep_YeongcheonPharmacy,경상북도 영천시_약국 현황,보건 - 식품의약안전,roadAddr,5,ep_YeongcheonRestaurants,경상북도 영천시_일반음식점현황,보건 - 식품의약안전,lotAddr,37,5,1.0,0,32,영천시|금호읍|영천시|대창면|영천시|북안면|영천시|신녕면|영천시|청통면,영천시|고경면|영천시|과전동|영천시|괴연동|영천시|교촌동|영천시|금노동
sgg,15000736_getBabyListInfoInqire,국립중앙의료원_전국 병·의원 찾기 서비스,보건 - 보건의료,dutyAddr,4,15124615,경상북도 상주시_계약 정보,일반공공행정 - 일반행정,CNTRCT_TRGET_LC,23,4,1.0,0,19,경주시|구미시|안동시|포항시,경산시|고령군|군위군|김천시|문경시
sgg,15000736_getBabyListInfoInqire,국립중앙의료원_전국 병·의원 찾기 서비스,보건 - 보건의료,dutyAddr,4,15139504,경상북도 포항시_광역 교통 월별 행선지 분석 전체,교통및물류 - 물류등기타,area,14,4,1.0,0,10,경주시|구미시|안동시|포항시,경산시|김천시|문경시|상주시|영덕군
sgg,15000736_getBabyListInfoInqire,국립중앙의료원_전국 병·의원 찾기 서비스,보건 - 보건의료,dutyAddr,4,15139566,경상북도 포항시_방문 거주지 현황,일반공공행정 - 지방행정·재정지원,signgu,22,4,1.0,0,18,경주시|구미시|안동시|포항시,경산시|고령군|김천시|문경시|봉화군
sgg,15000736_getBabyListInfoInqire,국립중앙의료원_전국 병·의원 찾기 서비스,보건 - 보건의료,dutyAddr,4,15139573,경상북도 포항시_생활 인구 거주지 현황,일반공공행정 - 지방행정·재정지원,signgu,22,4,1.0,0,18,경주시|구미시|안동시|포항시,경산시|고령군|김천시|문경시|봉화군
sgg,15000736_getBabyListInfoInqire,국립중앙의료원_전국 병·의원 찾기 서비스,보건 - 보건의료,dutyAddr,4,15143263,경상북도_마을기업 조회 현황,교통및물류 - 물류등기타,area,22,4,1.0,0,18,경주시|구미시|안동시|포항시,경산시|고령군|김천시|문경시|봉화군
sgg,15000736_getBabyListInfoInqire,국립중앙의료원_전국 병·의원 찾기 서비스,보건 - 보건의료,dutyAddr,4,15143264,경상북도_시군별 주민센터 현황,일반공공행정 - 일반행정,addr,22,4,1.0,0,18,경주시|구미시|안동시|포항시,경산시|고령군|김천시|문경시|봉화군
sgg,15000736_getBabyListInfoInqire,국립중앙의료원_전국 병·의원 찾기 서비스,보건 - 보건의료,dutyAddr,4,15143265,경상북도_공중화장실 정보 조회,보건 - 보건의료,roadaddr,22,4,1.0,0,18,경주시|구미시|안동시|포항시,경산시|고령군|김천시|문경시|봉화군
sgg,15000736_getBabyListInfoInqire,국립중앙의료원_전국 병·의원 찾기 서비스,보건 - 보건의료,dutyAddr,4,15143756,경상북도_사회적기업 현황조회,교통및물류 - 물류등기타,roadaddr,22,4,1.0,0,18,경주시|구미시|안동시|포항시,경산시|고령군|김천시|문경시|봉화군
sgg,15000736_getBabyListInfoInqire,국립중앙의료원_전국 병·의원 찾기 서비스,보건 - 보건의료,dutyAddr,4,15143780,경상북도_어린이보호구역 정보조회,사회복지 - 보육·가족및여성,roadaddr,22,4,1.0,0,18,경주시|구미시|안동시|포항시,경산시|고령군|김천시|문경시|봉화군
sgg,15000736_getBabyListInfoInqire,국립중앙의료원_전국 병·의원 찾기 서비스,보건 - 보건의료,dutyAddr,4,15143795,경상북도_노인복지시설 현황조회,사회복지 - 노인·청소년,fcltAddr,22,4,1.0,0,18,경주시|구미시|안동시|포항시,경산시|고령군|김천시|문경시|봉화군
sgg,15000736_getHsptlBassInfoInqire,국립중앙의료원_전국 병·의원 찾기 서비스,보건 - 보건의료,dutyAddr,22,15114465,경상북도 경주시_경주문화관광_메뉴별음식점,문화체육관광 - 관광,CON_SUMMARY,4,4,1.0,18,0,경주시|상주시|영양군|영주시,경산시|고령군|구미시|김천시|문경시
sgg,15000736_getHsptlBassInfoInqire,국립중앙의료원_전국 병·의원 찾기 서비스,보건 - 보건의료,dutyAddr,22,15139505,경상북도 포항시_교통 이슈 현황 리스트 지도,교통및물류 - 도로,area,4,4,1.0,18,0,경주시|상주시|영덕군|포항시,경산시|고령군|구미시|김천시|문경시
sgg,15000736_getHsptlMdcncFullDown,국립중앙의료원_전국 병·의원 찾기 서비스,보건 - 보건의료,dutyAddr,22,15114465,경상북도 경주시_경주문화관광_메뉴별음식점,문화체육관광 - 관광,CON_SUMMARY,4,4,1.0,18,0,경주시|상주시|영양군|영주시,경산시|고령군|구미시|김천시|문경시
sgg,15000736_getHsptlMdcncFullDown,국립중앙의료원_전국 병·의원 찾기 서비스,보건 - 보건의료,dutyAddr,22,15139505,경상북도 포항시_교통 이슈 현황 리스트 지도,교통및물류 - 도로,area,4,4,1.0,18,0,경주시|상주시|영덕군|포항시,경산시|고령군|구미시|김천시|문경시
sgg,15000736_getHsptlMdcncListInfoInqire,국립중앙의료원_전국 병·의원 찾기 서비스,보건 - 보건의료,dutyAddr,22,15114465,경상북도 경주시_경주문화관광_메뉴별음식점,문화체육관광 - 관광,CON_SUMMARY,4,4,1.0,18,0,경주시|상주시|영양군|영주시,경산시|고령군|구미시|김천시|문경시
sgg,15000736_getHsptlMdcncListInfoInqire,국립중앙의료원_전국 병·의원 찾기 서비스,보건 - 보건의료,dutyAddr,22,15139505,경상북도 포항시_교통 이슈 현황 리스트 지도,교통및물류 - 도로,area,4,4,1.0,18,0,경주시|상주시|영덕군|포항시,경산시|고령군|구미시|김천시|문경시
sgg,15114465,경상북도 경주시_경주문화관광_메뉴별음식점,문화체육관광 - 관광,CON_SUMMARY,4,15124615,경상북도 상주시_계약 정보,일반공공행정 - 일반행정,CNTRCT_TRGET_LC,23,4,1.0,0,19,경주시|상주시|영양군|영주시,경산시|고령군|구미시|군위군|김천시
sgg,15114465,경상북도 경주시_경주문화관광_메뉴별음식점,문화체육관광 - 관광,CON_SUMMARY,4,15139566,경상북도 포항시_방문 거주지 현황,일반공공행정 - 지방행정·재정지원,signgu,22,4,1.0,0,18,경주시|상주시|영양군|영주시,경산시|고령군|구미시|김천시|문경시
sgg,15114465,경상북도 경주시_경주문화관광_메뉴별음식점,문화체육관광 - 관광,CON_SUMMARY,4,15139573,경상북도 포항시_생활 인구 거주지 현황,일반공공행정 - 지방행정·재정지원,signgu,22,4,1.0,0,18,경주시|상주시|영양군|영주시,경산시|고령군|구미시|김천시|문경시
sgg,15114465,경상북도 경주시_경주문화관광_메뉴별음식점,문화체육관광 - 관광,CON_SUMMARY,4,15143263,경상북도_마을기업 조회 현황,교통및물류 - 물류등기타,area,22,4,1.0,0,18,경주시|상주시|영양군|영주시,경산시|고령군|구미시|김천시|문경시
sgg,15114465,경상북도 경주시_경주문화관광_메뉴별음식점,문화체육관광 - 관광,CON_SUMMARY,4,15143264,경상북도_시군별 주민센터 현황,일반공공행정 - 일반행정,addr,22,4,1.0,0,18,경주시|상주시|영양군|영주시,경산시|고령군|구미시|김천시|문경시
sgg,15114465,경상북도 경주시_경주문화관광_메뉴별음식점,문화체육관광 - 관광,CON_SUMMARY,4,15143265,경상북도_공중화장실 정보 조회,보건 - 보건의료,roadaddr,22,4,1.0,0,18,경주시|상주시|영양군|영주시,경산시|고령군|구미시|김천시|문경시
sgg,15114465,경상북도 경주시_경주문화관광_메뉴별음식점,문화체육관광 - 관광,CON_SUMMARY,4,15143756,경상북도_사회적기업 현황조회,교통및물류 - 물류등기타,roadaddr,22,4,1.0,0,18,경주시|상주시|영양군|영주시,경산시|고령군|구미시|김천시|문경시
sgg,15114465,경상북도 경주시_경주문화관광_메뉴별음식점,문화체육관광 - 관광,CON_SUMMARY,4,15143780,경상북도_어린이보호구역 정보조회,사회복지 - 보육·가족및여성,roadaddr,22,4,1.0,0,18,경주시|상주시|영양군|영주시,경산시|고령군|구미시|김천시|문경시
sgg,15114465,경상북도 경주시_경주문화관광_메뉴별음식점,문화체육관광 - 관광,CON_SUMMARY,4,15143795,경상북도_노인복지시설 현황조회,사회복지 - 노인·청소년,fcltAddr,22,4,1.0,0,18,경주시|상주시|영양군|영주시,경산시|고령군|구미시|김천시|문경시
sgg,15114465,경상북도 경주시_경주문화관광_메뉴별음식점,문화체육관광 - 관광,CON_SUMMARY,4,15160485,경상북도_반려동물동반관광지정보 현황조회,문화체육관광 - 관광,loc,19,4,1.0,0,15,경주시|상주시|영양군|영주시,경산시|고령군|문경시|봉화군|성주군
sgg,15124615,경상북도 상주시_계약 정보,일반공공행정 - 일반행정,CNTRCT_TRGET_LC,23,15139505,경상북도 포항시_교통 이슈 현황 리스트 지도,교통및물류 - 도로,area,4,4,1.0,19,0,경주시|상주시|영덕군|포항시,경산시|고령군|구미시|군위군|김천시
sgg,15139504,경상북도 포항시_광역 교통 월별 행선지 분석 전체,교통및물류 - 물류등기타,area,14,15139505,경상북도 포항시_교통 이슈 현황 리스트 지도,교통및물류 - 도로,area,4,4,1.0,10,0,경주시|상주시|영덕군|포항시,경산시|구미시|김천시|문경시|안동시
sgg,15139505,경상북도 포항시_교통 이슈 현황 리스트 지도,교통및물류 - 도로,area,4,15139519,경상북도 포항시_생활 지도 시설 현황,사회복지 - 사회복지일반,addr,10,4,1.0,0,6,경주시|상주시|영덕군|포항시,군위군|봉화군|안동시|영주시|영천시
sgg,15139505,경상북도 포항시_교통 이슈 현황 리스트 지도,교통및물류 - 도로,area,4,15139566,경상북도 포항시_방문 거주지 현황,일반공공행정 - 지방행정·재정지원,signgu,22,4,1.0,0,18,경주시|상주시|영덕군|포항시,경산시|고령군|구미시|김천시|문경시
sgg,15139505,경상북도 포항시_교통 이슈 현황 리스트 지도,교통및물류 - 도로,area,4,15139573,경상북도 포항시_생활 인구 거주지 현황,일반공공행정 - 지방행정·재정지원,signgu,22,4,1.0,0,18,경주시|상주시|영덕군|포항시,경산시|고령군|구미시|김천시|문경시
sgg,15139505,경상북도 포항시_교통 이슈 현황 리스트 지도,교통및물류 - 도로,area,4,15143263,경상북도_마을기업 조회 현황,교통및물류 - 물류등기타,area,22,4,1.0,0,18,경주시|상주시|영덕군|포항시,경산시|고령군|구미시|김천시|문경시
sgg,15139505,경상북도 포항시_교통 이슈 현황 리스트 지도,교통및물류 - 도로,area,4,15143264,경상북도_시군별 주민센터 현황,일반공공행정 - 일반행정,addr,22,4,1.0,0,18,경주시|상주시|영덕군|포항시,경산시|고령군|구미시|김천시|문경시
sgg,15139505,경상북도 포항시_교통 이슈 현황 리스트 지도,교통및물류 - 도로,area,4,15143265,경상북도_공중화장실 정보 조회,보건 - 보건의료,roadaddr,22,4,1.0,0,18,경주시|상주시|영덕군|포항시,경산시|고령군|구미시|김천시|문경시
sgg,15139505,경상북도 포항시_교통 이슈 현황 리스트 지도,교통및물류 - 도로,area,4,15143756,경상북도_사회적기업 현황조회,교통및물류 - 물류등기타,roadaddr,22,4,1.0,0,18,경주시|상주시|영덕군|포항시,경산시|고령군|구미시|김천시|문경시
sgg,15139505,경상북도 포항시_교통 이슈 현황 리스트 지도,교통및물류 - 도로,area,4,15143780,경상북도_어린이보호구역 정보조회,사회복지 - 보육·가족및여성,roadaddr,22,4,1.0,0,18,경주시|상주시|영덕군|포항시,경산시|고령군|구미시|김천시|문경시
sgg,15139505,경상북도 포항시_교통 이슈 현황 리스트 지도,교통및물류 - 도로,area,4,15143795,경상북도_노인복지시설 현황조회,사회복지 - 노인·청소년,fcltAddr,22,4,1.0,0,18,경주시|상주시|영덕군|포항시,경산시|고령군|구미시|김천시|문경시
sgg,15139505,경상북도 포항시_교통 이슈 현황 리스트 지도,교통및물류 - 도로,area,4,15160485,경상북도_반려동물동반관광지정보 현황조회,문화체육관광 - 관광,loc,19,4,1.0,0,15,경주시|상주시|영덕군|포항시,경산시|고령군|문경시|봉화군|성주군
emd,15000736_getBabyListInfoInqire,국립중앙의료원_전국 병·의원 찾기 서비스,보건 - 보건의료,dutyAddr,4,15143265,경상북도_공중화장실 정보 조회,보건 - 보건의료,addr,437,4,1.0,0,433,경주시|황성동|구미시|산동읍|포항시|오천읍|포항시|흥해읍,경산시|갑제동|경산시|계양동|경산시|남산면|경산시|남천면|경산시|대평동
emd,15000736_getBabyListInfoInqire,국립중앙의료원_전국 병·의원 찾기 서비스,보건 - 보건의료,dutyAddr,4,15143795,경상북도_노인복지시설 현황조회,사회복지 - 노인·청소년,fcltAddr,203,4,1.0,0,199,경주시|황성동|구미시|산동읍|포항시|오천읍|포항시|흥해읍,경산시|가동|경산시|계양동|경산시|남산면|경산시|남천면|경산시|대평동
emd,15000736_getHsptlBassInfoInqire,국립중앙의료원_전국 병·의원 찾기 서비스,보건 - 보건의료,dutyAddr,286,15109383,경상북도 경주시_전망 좋은 카페 현황,문화체육관광 - 관광,ADRES,4,4,1.0,282,0,경주시|감포읍|경주시|강동면|경주시|양남면|경주시|외동읍,경산시|남산면|경산시|남천면|경산시|사동|경산시|삼풍동|경산시|압량면
emd,15000736_getHsptlBassInfoInqire,국립중앙의료원_전국 병·의원 찾기 서비스,보건 - 보건의료,dutyAddr,286,15109545,경상북도 경주시_농촌교육장 체험마을 정보,문화체육관광 - 문화예술,ADRES,4,4,1.0,282,0,경주시|감포읍|경주시|문무대왕면|경주시|산내면|경주시|안강읍,경산시|남산면|경산시|남천면|경산시|사동|경산시|삼풍동|경산시|압량면
emd,15000736_getHsptlBassInfoInqire,국립중앙의료원_전국 병·의원 찾기 서비스,보건 - 보건의료,dutyAddr,286,15110888,경상북도 영주시_드림스타트 시설현황,일반공공행정 - 일반행정,INST_ADRES,4,4,1.0,282,0,영주시|문수면|영주시|순흥면|영주시|안정면|영주시|풍기읍,경산시|남산면|경산시|남천면|경산시|사동|경산시|삼풍동|경산시|압량면
emd,15000736_getHsptlMdcncFullDown,국립중앙의료원_전국 병·의원 찾기 서비스,보건 - 보건의료,dutyAddr,288,15109383,경상북도 경주시_전망 좋은 카페 현황,문화체육관광 - 관광,ADRES,4,4,1.0,284,0,경주시|감포읍|경주시|강동면|경주시|양남면|경주시|외동읍,경산시|남산면|경산시|남천면|경산시|사동|경산시|삼풍동|경산시|압량면
emd,15000736_getHsptlMdcncFullDown,국립중앙의료원_전국 병·의원 찾기 서비스,보건 - 보건의료,dutyAddr,288,15109545,경상북도 경주시_농촌교육장 체험마을 정보,문화체육관광 - 문화예술,ADRES,4,4,1.0,284,0,경주시|감포읍|경주시|문무대왕면|경주시|산내면|경주시|안강읍,경산시|남산면|경산시|남천면|경산시|사동|경산시|삼풍동|경산시|압량면
emd,15000736_getHsptlMdcncFullDown,국립중앙의료원_전국 병·의원 찾기 서비스,보건 - 보건의료,dutyAddr,288,15110888,경상북도 영주시_드림스타트 시설현황,일반공공행정 - 일반행정,INST_ADRES,4,4,1.0,284,0,영주시|문수면|영주시|순흥면|영주시|안정면|영주시|풍기읍,경산시|남산면|경산시|남천면|경산시|사동|경산시|삼풍동|경산시|압량면
emd,15000736_getHsptlMdcncListInfoInqire,국립중앙의료원_전국 병·의원 찾기 서비스,보건 - 보건의료,dutyAddr,308,15109383,경상북도 경주시_전망 좋은 카페 현황,문화체육관광 - 관광,ADRES,4,4,1.0,304,0,경주시|감포읍|경주시|강동면|경주시|양남면|경주시|외동읍,경산시|남산면|경산시|남천면|경산시|사동|경산시|삼풍동|경산시|압량면
emd,15000736_getHsptlMdcncListInfoInqire,국립중앙의료원_전국 병·의원 찾기 서비스,보건 - 보건의료,dutyAddr,308,15109545,경상북도 경주시_농촌교육장 체험마을 정보,문화체육관광 - 문화예술,ADRES,4,4,1.0,304,0,경주시|감포읍|경주시|문무대왕면|경주시|산내면|경주시|안강읍,경산시|남산면|경산시|남천면|경산시|사동|경산시|삼풍동|경산시|압량면
emd,15000736_getHsptlMdcncListInfoInqire,국립중앙의료원_전국 병·의원 찾기 서비스,보건 - 보건의료,dutyAddr,308,15110888,경상북도 영주시_드림스타트 시설현황,일반공공행정 - 일반행정,INST_ADRES,4,4,1.0,304,0,영주시|문수면|영주시|순흥면|영주시|안정면|영주시|풍기읍,경산시|남산면|경산시|남천면|경산시|사동|경산시|삼풍동|경산시|압량면
emd,15109381,경상북도 경주시_관광지 현황,문화체육관광 - 관광,ADRES,33,15109383,경상북도 경주시_전망 좋은 카페 현황,문화체육관광 - 관광,ADRES,4,4,1.0,29,0,경주시|감포읍|경주시|강동면|경주시|양남면|경주시|외동읍,경주시|건천읍|경주시|교동|경주시|구황동|경주시|남산동|경주시|내남면
emd,15109381,경상북도 경주시_관광지 현황,문화체육관광 - 관광,ADRES,33,15109545,경상북도 경주시_농촌교육장 체험마을 정보,문화체육관광 - 문화예술,ADRES,4,4,1.0,29,0,경주시|감포읍|경주시|문무대왕면|경주시|산내면|경주시|안강읍,경주시|강동면|경주시|건천읍|경주시|교동|경주시|구황동|경주시|남산동
emd,15109381,경상북도 경주시_관광지 현황,문화체육관광 - 관광,ADRES,33,15109575,경상북도 경주시_야경 정보,문화체육관광 - 문화예술,LC,4,4,1.0,29,0,경주시|교동|경주시|노동동|경주시|석장동|경주시|인왕동,경주시|감포읍|경주시|강동면|경주시|건천읍|경주시|구황동|경주시|남산동
emd,15109383,경상북도 경주시_전망 좋은 카페 현황,문화체육관광 - 관광,ADRES,4,15124615,경상북도 상주시_계약 정보,일반공공행정 - 일반행정,CNTRCT_TRGET_LC,190,4,1.0,0,186,경주시|감포읍|경주시|강동면|경주시|양남면|경주시|외동읍,경산시|계양동|경산시|남천면|경산시|사정동|경산시|삼풍동|경산시|신교동
emd,15109383,경상북도 경주시_전망 좋은 카페 현황,문화체육관광 - 관광,ADRES,4,15143264,경상북도_시군별 주민센터 현황,일반공공행정 - 일반행정,addr,230,4,1.0,0,226,경주시|감포읍|경주시|강동면|경주시|양남면|경주시|외동읍,경산시|남산면|경산시|남천면|경산시|압량읍|경산시|와촌면|경산시|용성면
emd,15109383,경상북도 경주시_전망 좋은 카페 현황,문화체육관광 - 관광,ADRES,4,15143265,경상북도_공중화장실 정보 조회,보건 - 보건의료,addr,437,4,1.0,0,433,경주시|감포읍|경주시|강동면|경주시|양남면|경주시|외동읍,경산시|갑제동|경산시|계양동|경산시|남산면|경산시|남천면|경산시|대평동
emd,15109399,경상북도 경주시_축제 현황,문화체육관광 - 관광,ADRES,4,15143265,경상북도_공중화장실 정보 조회,보건 - 보건의료,addr,437,4,1.0,0,433,경주시|감포읍|경주시|교동|경주시|노동동|경주시|황성동,경산시|갑제동|경산시|계양동|경산시|남산면|경산시|남천면|경산시|대평동
emd,15109545,경상북도 경주시_농촌교육장 체험마을 정보,문화체육관광 - 문화예술,ADRES,4,15143264,경상북도_시군별 주민센터 현황,일반공공행정 - 일반행정,addr,230,4,1.0,0,226,경주시|감포읍|경주시|문무대왕면|경주시|산내면|경주시|안강읍,경산시|남산면|경산시|남천면|경산시|압량읍|경산시|와촌면|경산시|용성면
emd,15109545,경상북도 경주시_농촌교육장 체험마을 정보,문화체육관광 - 문화예술,ADRES,4,15143265,경상북도_공중화장실 정보 조회,보건 - 보건의료,addr,437,4,1.0,0,433,경주시|감포읍|경주시|문무대왕면|경주시|산내면|경주시|안강읍,경산시|갑제동|경산시|계양동|경산시|남산면|경산시|남천면|경산시|대평동
emd,15109575,경상북도 경주시_야경 정보,문화체육관광 - 문화예술,LC,4,15143265,경상북도_공중화장실 정보 조회,보건 - 보건의료,addr,437,4,1.0,0,433,경주시|교동|경주시|노동동|경주시|석장동|경주시|인왕동,경산시|갑제동|경산시|계양동|경산시|남산면|경산시|남천면|경산시|대평동
emd,15110872,경상북도 영주시_안심식당 현황,문화체육관광 - 관광,ADRES,9,15110888,경상북도 영주시_드림스타트 시설현황,일반공공행정 - 일반행정,INST_ADRES,4,4,1.0,5,0,영주시|문수면|영주시|순흥면|영주시|안정면|영주시|풍기읍,영주시|단산면|영주시|봉현면|영주시|부석면|영주시|이산면|영주시|장수면
emd,15110877,경상북도 영주시_영주맛집 현황,문화체육관광 - 관광,ADRES,6,15110888,경상북도 영주시_드림스타트 시설현황,일반공공행정 - 일반행정,INST_ADRES,4,4,1.0,2,0,영주시|문수면|영주시|순흥면|영주시|안정면|영주시|풍기읍,영주시|봉현면|영주시|부석면
emd,15110883,경상북도 영주시_보건지소 및 진료소 현황,보건 - 보건의료,LC,10,15110888,경상북도 영주시_드림스타트 시설현황,일반공공행정 - 일반행정,INST_ADRES,4,4,1.0,6,0,영주시|문수면|영주시|순흥면|영주시|안정면|영주시|풍기읍,영주시|단산면|영주시|봉현면|영주시|부석면|영주시|이산면|영주시|장수면
emd,15110884,경상북도 영주시_모자보건사업실적,보건 - 보건의료,SIGNGU_NM,12,15110888,경상북도 영주시_드림스타트 시설현황,일반공공행정 - 일반행정,INST_ADRES,4,4,1.0,8,0,영주시|문수면|영주시|순흥면|영주시|안정면|영주시|풍기읍,영주시|단산면|영주시|봉현면|영주시|부석면|영주시|상망동|영주시|이산면
emd,15110888,경상북도 영주시_드림스타트 시설현황,일반공공행정 - 일반행정,INST_ADRES,4,15110897,경상북도 영주시_노인복지시설,사회복지 - 사회복지일반,RDNMADR,9,4,1.0,0,5,영주시|문수면|영주시|순흥면|영주시|안정면|영주시|풍기읍,영주시|봉현면|영주시|장수면|영주시|평은면|영주시|하망동|영주시|휴천동
emd,15110888,경상북도 영주시_드림스타트 시설현황,일반공공행정 - 일반행정,INST_ADRES,4,15110916,경상북도 영주시_건물재산,지역개발 - 지역및도시,LOCPLC,23,4,1.0,0,19,영주시|문수면|영주시|순흥면|영주시|안정면|영주시|풍기읍,영주시|가흥동|영주시|고현동|영주시|단산면|영주시|문정동|영주시|봉현면
emd,15110888,경상북도 영주시_드림스타트 시설현황,일반공공행정 - 일반행정,INST_ADRES,4,15110920,경상북도 영주시_태양광발전사업 허가내역,산업·통상·중소기업 - 에너지및자원개발,INSTL_PLACE,19,4,1.0,0,15,영주시|문수면|영주시|순흥면|영주시|안정면|영주시|풍기읍,영주시|가흥동|영주시|고현동|영주시|단산면|영주시|문정동|영주시|봉현면
emd,15110888,경상북도 영주시_드림스타트 시설현황,일반공공행정 - 일반행정,INST_ADRES,4,15110924,경상북도 영주시_농어촌민박 신고대장,문화체육관광 - 문화체육관광일반,RDNMADR,9,4,1.0,0,5,영주시|문수면|영주시|순흥면|영주시|안정면|영주시|풍기읍,영주시|단산면|영주시|봉현면|영주시|부석면|영주시|이산면|영주시|평은면
emd,15110888,경상북도 영주시_드림스타트 시설현황,일반공공행정 - 일반행정,INST_ADRES,4,15143264,경상북도_시군별 주민센터 현황,일반공공행정 - 일반행정,addr,230,4,1.0,0,226,영주시|문수면|영주시|순흥면|영주시|안정면|영주시|풍기읍,경산시|남산면|경산시|남천면|경산시|압량읍|경산시|와촌면|경산시|용성면
emd,15110888,경상북도 영주시_드림스타트 시설현황,일반공공행정 - 일반행정,INST_ADRES,4,15143265,경상북도_공중화장실 정보 조회,보건 - 보건의료,addr,437,4,1.0,0,433,영주시|문수면|영주시|순흥면|영주시|안정면|영주시|풍기읍,경산시|갑제동|경산시|계양동|경산시|남산면|경산시|남천면|경산시|대평동
emd,15110888,경상북도 영주시_드림스타트 시설현황,일반공공행정 - 일반행정,INST_ADRES,4,15143756,경상북도_사회적기업 현황조회,교통및물류 - 물류등기타,roadaddr,124,4,1.0,0,120,영주시|문수면|영주시|순흥면|영주시|안정면|영주시|풍기읍,경산시|남산면|경산시|압량읍|경산시|와촌면|경산시|용성면|경산시|자인면
emd,15110888,경상북도 영주시_드림스타트 시설현황,일반공공행정 - 일반행정,INST_ADRES,4,15143780,경상북도_어린이보호구역 정보조회,사회복지 - 보육·가족및여성,addr,227,4,1.0,0,223,영주시|문수면|영주시|순흥면|영주시|안정면|영주시|풍기읍,김천시|감문면|김천시|감천면|김천시|개령면|김천시|구성면|김천시|남면
emd,15110888,경상북도 영주시_드림스타트 시설현황,일반공공행정 - 일반행정,INST_ADRES,4,15143795,경상북도_노인복지시설 현황조회,사회복지 - 노인·청소년,fcltAddr,203,4,1.0,0,199,영주시|문수면|영주시|순흥면|영주시|안정면|영주시|풍기읍,경산시|가동|경산시|계양동|경산시|남산면|경산시|남천면|경산시|대평동
sgg,15000736_getBabyListInfoInqire,국립중앙의료원_전국 병·의원 찾기 서비스,보건 - 보건의료,dutyAddr,4,15109381,경상북도 경주시_관광지 현황,문화체육관광 - 관광,TRRSRT,3,3,1.0,1,0,경주시|구미시|포항시,안동시
sgg,15000736_getHsptlBassInfoInqire,국립중앙의료원_전국 병·의원 찾기 서비스,보건 - 보건의료,dutyAddr,22,15094915_getTourContentList,경상북도 경산시_관광자료 조회 서비스,문화체육관광 - 관광,contents,3,3,1.0,19,0,경산시|경주시|문경시,고령군|구미시|김천시|봉화군|상주시
sgg,15000736_getHsptlBassInfoInqire,국립중앙의료원_전국 병·의원 찾기 서비스,보건 - 보건의료,dutyAddr,22,15097249,경상북도 구미시_경로당,사회복지 - 노인·청소년,hsfhg_nm,3,3,1.0,19,0,구미시|문경시|영주시,경산시|경주시|고령군|김천시|봉화군
sgg,15000736_getHsptlBassInfoInqire,국립중앙의료원_전국 병·의원 찾기 서비스,보건 - 보건의료,dutyAddr,22,15109381,경상북도 경주시_관광지 현황,문화체육관광 - 관광,TRRSRT,3,3,1.0,19,0,경주시|구미시|포항시,경산시|고령군|김천시|문경시|봉화군
sgg,15000736_getHsptlBassInfoInqire,국립중앙의료원_전국 병·의원 찾기 서비스,보건 - 보건의료,dutyAddr,22,15124614,경상북도 상주시_일반 건축물 시가 표준액,일반공공행정 - 일반행정,ADRES,3,3,1.0,19,0,구미시|상주시|성주군,경산시|경주시|고령군|김천시|문경시
sgg,15000736_getHsptlBassInfoInqire,국립중앙의료원_전국 병·의원 찾기 서비스,보건 - 보건의료,dutyAddr,22,15157815,경상북도 영천시_위생관리등급평가 결과,보건 - 식품의약안전,storeNm,3,3,1.0,19,0,영양군|영천시|울릉군,경산시|경주시|고령군|구미시|김천시
sgg,15000736_getHsptlMdcncFullDown,국립중앙의료원_전국 병·의원 찾기 서비스,보건 - 보건의료,dutyAddr,22,15094915_getTourContentList,경상북도 경산시_관광자료 조회 서비스,문화체육관광 - 관광,contents,3,3,1.0,19,0,경산시|경주시|문경시,고령군|구미시|김천시|봉화군|상주시
sgg,15000736_getHsptlMdcncFullDown,국립중앙의료원_전국 병·의원 찾기 서비스,보건 - 보건의료,dutyAddr,22,15097249,경상북도 구미시_경로당,사회복지 - 노인·청소년,hsfhg_nm,3,3,1.0,19,0,구미시|문경시|영주시,경산시|경주시|고령군|김천시|봉화군
sgg,15000736_getHsptlMdcncFullDown,국립중앙의료원_전국 병·의원 찾기 서비스,보건 - 보건의료,dutyAddr,22,15109381,경상북도 경주시_관광지 현황,문화체육관광 - 관광,TRRSRT,3,3,1.0,19,0,경주시|구미시|포항시,경산시|고령군|김천시|문경시|봉화군
sgg,15000736_getHsptlMdcncFullDown,국립중앙의료원_전국 병·의원 찾기 서비스,보건 - 보건의료,dutyAddr,22,15124614,경상북도 상주시_일반 건축물 시가 표준액,일반공공행정 - 일반행정,ADRES,3,3,1.0,19,0,구미시|상주시|성주군,경산시|경주시|고령군|김천시|문경시
sgg,15000736_getHsptlMdcncFullDown,국립중앙의료원_전국 병·의원 찾기 서비스,보건 - 보건의료,dutyAddr,22,15157815,경상북도 영천시_위생관리등급평가 결과,보건 - 식품의약안전,storeNm,3,3,1.0,19,0,영양군|영천시|울릉군,경산시|경주시|고령군|구미시|김천시
sgg,15000736_getHsptlMdcncListInfoInqire,국립중앙의료원_전국 병·의원 찾기 서비스,보건 - 보건의료,dutyAddr,22,15094915_getTourContentList,경상북도 경산시_관광자료 조회 서비스,문화체육관광 - 관광,contents,3,3,1.0,19,0,경산시|경주시|문경시,고령군|구미시|김천시|봉화군|상주시
sgg,15000736_getHsptlMdcncListInfoInqire,국립중앙의료원_전국 병·의원 찾기 서비스,보건 - 보건의료,dutyAddr,22,15097249,경상북도 구미시_경로당,사회복지 - 노인·청소년,hsfhg_nm,3,3,1.0,19,0,구미시|문경시|영주시,경산시|경주시|고령군|김천시|봉화군
sgg,15000736_getHsptlMdcncListInfoInqire,국립중앙의료원_전국 병·의원 찾기 서비스,보건 - 보건의료,dutyAddr,22,15109381,경상북도 경주시_관광지 현황,문화체육관광 - 관광,TRRSRT,3,3,1.0,19,0,경주시|구미시|포항시,경산시|고령군|김천시|문경시|봉화군
sgg,15000736_getHsptlMdcncListInfoInqire,국립중앙의료원_전국 병·의원 찾기 서비스,보건 - 보건의료,dutyAddr,22,15124614,경상북도 상주시_일반 건축물 시가 표준액,일반공공행정 - 일반행정,ADRES,3,3,1.0,19,0,구미시|상주시|성주군,경산시|경주시|고령군|김천시|문경시
sgg,15000736_getHsptlMdcncListInfoInqire,국립중앙의료원_전국 병·의원 찾기 서비스,보건 - 보건의료,dutyAddr,22,15157815,경상북도 영천시_위생관리등급평가 결과,보건 - 식품의약안전,storeNm,3,3,1.0,19,0,영양군|영천시|울릉군,경산시|경주시|고령군|구미시|김천시
sgg,15094915_getTourContentList,경상북도 경산시_관광자료 조회 서비스,문화체육관광 - 관광,contents,3,15124615,경상북도 상주시_계약 정보,일반공공행정 - 일반행정,CNTRCT_TRGET_LC,23,3,1.0,0,20,경산시|경주시|문경시,고령군|구미시|군위군|김천시|봉화군
sgg,15094915_getTourContentList,경상북도 경산시_관광자료 조회 서비스,문화체육관광 - 관광,contents,3,15139504,경상북도 포항시_광역 교통 월별 행선지 분석 전체,교통및물류 - 물류등기타,area,14,3,1.0,0,11,경산시|경주시|문경시,구미시|김천시|상주시|안동시|영덕군
sgg,15094915_getTourContentList,경상북도 경산시_관광자료 조회 서비스,문화체육관광 - 관광,contents,3,15139566,경상북도 포항시_방문 거주지 현황,일반공공행정 - 지방행정·재정지원,signgu,22,3,1.0,0,19,경산시|경주시|문경시,고령군|구미시|김천시|봉화군|상주시
sgg,15094915_getTourContentList,경상북도 경산시_관광자료 조회 서비스,문화체육관광 - 관광,contents,3,15139573,경상북도 포항시_생활 인구 거주지 현황,일반공공행정 - 지방행정·재정지원,signgu,22,3,1.0,0,19,경산시|경주시|문경시,고령군|구미시|김천시|봉화군|상주시
sgg,15094915_getTourContentList,경상북도 경산시_관광자료 조회 서비스,문화체육관광 - 관광,contents,3,15143263,경상북도_마을기업 조회 현황,교통및물류 - 물류등기타,area,22,3,1.0,0,19,경산시|경주시|문경시,고령군|구미시|김천시|봉화군|상주시
sgg,15094915_getTourContentList,경상북도 경산시_관광자료 조회 서비스,문화체육관광 - 관광,contents,3,15143264,경상북도_시군별 주민센터 현황,일반공공행정 - 일반행정,addr,22,3,1.0,0,19,경산시|경주시|문경시,고령군|구미시|김천시|봉화군|상주시
sgg,15094915_getTourContentList,경상북도 경산시_관광자료 조회 서비스,문화체육관광 - 관광,contents,3,15143265,경상북도_공중화장실 정보 조회,보건 - 보건의료,roadaddr,22,3,1.0,0,19,경산시|경주시|문경시,고령군|구미시|김천시|봉화군|상주시
sgg,15094915_getTourContentList,경상북도 경산시_관광자료 조회 서비스,문화체육관광 - 관광,contents,3,15143756,경상북도_사회적기업 현황조회,교통및물류 - 물류등기타,roadaddr,22,3,1.0,0,19,경산시|경주시|문경시,고령군|구미시|김천시|봉화군|상주시
sgg,15094915_getTourContentList,경상북도 경산시_관광자료 조회 서비스,문화체육관광 - 관광,contents,3,15143780,경상북도_어린이보호구역 정보조회,사회복지 - 보육·가족및여성,roadaddr,22,3,1.0,0,19,경산시|경주시|문경시,고령군|구미시|김천시|봉화군|상주시
sgg,15094915_getTourContentList,경상북도 경산시_관광자료 조회 서비스,문화체육관광 - 관광,contents,3,15143795,경상북도_노인복지시설 현황조회,사회복지 - 노인·청소년,fcltAddr,22,3,1.0,0,19,경산시|경주시|문경시,고령군|구미시|김천시|봉화군|상주시
sgg,15094915_getTourContentList,경상북도 경산시_관광자료 조회 서비스,문화체육관광 - 관광,contents,3,15157788,경상북도 영천시_사업장폐기물배출자신고 현황,환경 - 폐기물,procStoreNm,10,3,1.0,0,7,경산시|경주시|문경시,고령군|구미시|김천시|봉화군|영천시
sgg,15094915_getTourContentList,경상북도 경산시_관광자료 조회 서비스,문화체육관광 - 관광,contents,3,15160485,경상북도_반려동물동반관광지정보 현황조회,문화체육관광 - 관광,loc,19,3,1.0,0,16,경산시|경주시|문경시,고령군|봉화군|상주시|성주군|안동시
sgg,15097246,경상북도 구미시_일반 음식점,문화체육관광 - 관광,bssh_nm,16,15097249,경상북도 구미시_경로당,사회복지 - 노인·청소년,hsfhg_nm,3,3,1.0,13,0,구미시|문경시|영주시,고령군|김천시|성주군|안동시|영덕군
sgg,15097249,경상북도 구미시_경로당,사회복지 - 노인·청소년,hsfhg_nm,3,15124615,경상북도 상주시_계약 정보,일반공공행정 - 일반행정,CNTRCT_TRGET_LC,23,3,1.0,0,20,구미시|문경시|영주시,경산시|경주시|고령군|군위군|김천시
sgg,15097249,경상북도 구미시_경로당,사회복지 - 노인·청소년,hsfhg_nm,3,15139504,경상북도 포항시_광역 교통 월별 행선지 분석 전체,교통및물류 - 물류등기타,area,14,3,1.0,0,11,구미시|문경시|영주시,경산시|경주시|김천시|상주시|안동시
sgg,15097249,경상북도 구미시_경로당,사회복지 - 노인·청소년,hsfhg_nm,3,15139566,경상북도 포항시_방문 거주지 현황,일반공공행정 - 지방행정·재정지원,signgu,22,3,1.0,0,19,구미시|문경시|영주시,경산시|경주시|고령군|김천시|봉화군
sgg,15097249,경상북도 구미시_경로당,사회복지 - 노인·청소년,hsfhg_nm,3,15139573,경상북도 포항시_생활 인구 거주지 현황,일반공공행정 - 지방행정·재정지원,signgu,22,3,1.0,0,19,구미시|문경시|영주시,경산시|경주시|고령군|김천시|봉화군
sgg,15097249,경상북도 구미시_경로당,사회복지 - 노인·청소년,hsfhg_nm,3,15143263,경상북도_마을기업 조회 현황,교통및물류 - 물류등기타,area,22,3,1.0,0,19,구미시|문경시|영주시,경산시|경주시|고령군|김천시|봉화군
sgg,15097249,경상북도 구미시_경로당,사회복지 - 노인·청소년,hsfhg_nm,3,15143264,경상북도_시군별 주민센터 현황,일반공공행정 - 일반행정,addr,22,3,1.0,0,19,구미시|문경시|영주시,경산시|경주시|고령군|김천시|봉화군
sgg,15097249,경상북도 구미시_경로당,사회복지 - 노인·청소년,hsfhg_nm,3,15143265,경상북도_공중화장실 정보 조회,보건 - 보건의료,roadaddr,22,3,1.0,0,19,구미시|문경시|영주시,경산시|경주시|고령군|김천시|봉화군
sgg,15097249,경상북도 구미시_경로당,사회복지 - 노인·청소년,hsfhg_nm,3,15143756,경상북도_사회적기업 현황조회,교통및물류 - 물류등기타,roadaddr,22,3,1.0,0,19,구미시|문경시|영주시,경산시|경주시|고령군|김천시|봉화군
sgg,15097249,경상북도 구미시_경로당,사회복지 - 노인·청소년,hsfhg_nm,3,15143780,경상북도_어린이보호구역 정보조회,사회복지 - 보육·가족및여성,roadaddr,22,3,1.0,0,19,구미시|문경시|영주시,경산시|경주시|고령군|김천시|봉화군
sgg,15097249,경상북도 구미시_경로당,사회복지 - 노인·청소년,hsfhg_nm,3,15143795,경상북도_노인복지시설 현황조회,사회복지 - 노인·청소년,fcltAddr,22,3,1.0,0,19,구미시|문경시|영주시,경산시|경주시|고령군|김천시|봉화군
sgg,15109381,경상북도 경주시_관광지 현황,문화체육관광 - 관광,TRRSRT,3,15124615,경상북도 상주시_계약 정보,일반공공행정 - 일반행정,CNTRCT_TRGET_LC,23,3,1.0,0,20,경주시|구미시|포항시,경산시|고령군|군위군|김천시|문경시
sgg,15109381,경상북도 경주시_관광지 현황,문화체육관광 - 관광,TRRSRT,3,15139504,경상북도 포항시_광역 교통 월별 행선지 분석 전체,교통및물류 - 물류등기타,area,14,3,1.0,0,11,경주시|구미시|포항시,경산시|김천시|문경시|상주시|안동시
sgg,15109381,경상북도 경주시_관광지 현황,문화체육관광 - 관광,TRRSRT,3,15139566,경상북도 포항시_방문 거주지 현황,일반공공행정 - 지방행정·재정지원,signgu,22,3,1.0,0,19,경주시|구미시|포항시,경산시|고령군|김천시|문경시|봉화군
sgg,15109381,경상북도 경주시_관광지 현황,문화체육관광 - 관광,TRRSRT,3,15139573,경상북도 포항시_생활 인구 거주지 현황,일반공공행정 - 지방행정·재정지원,signgu,22,3,1.0,0,19,경주시|구미시|포항시,경산시|고령군|김천시|문경시|봉화군
sgg,15109381,경상북도 경주시_관광지 현황,문화체육관광 - 관광,TRRSRT,3,15143263,경상북도_마을기업 조회 현황,교통및물류 - 물류등기타,area,22,3,1.0,0,19,경주시|구미시|포항시,경산시|고령군|김천시|문경시|봉화군
sgg,15109381,경상북도 경주시_관광지 현황,문화체육관광 - 관광,TRRSRT,3,15143264,경상북도_시군별 주민센터 현황,일반공공행정 - 일반행정,addr,22,3,1.0,0,19,경주시|구미시|포항시,경산시|고령군|김천시|문경시|봉화군
sgg,15109381,경상북도 경주시_관광지 현황,문화체육관광 - 관광,TRRSRT,3,15143265,경상북도_공중화장실 정보 조회,보건 - 보건의료,roadaddr,22,3,1.0,0,19,경주시|구미시|포항시,경산시|고령군|김천시|문경시|봉화군
sgg,15109381,경상북도 경주시_관광지 현황,문화체육관광 - 관광,TRRSRT,3,15143756,경상북도_사회적기업 현황조회,교통및물류 - 물류등기타,roadaddr,22,3,1.0,0,19,경주시|구미시|포항시,경산시|고령군|김천시|문경시|봉화군
sgg,15109381,경상북도 경주시_관광지 현황,문화체육관광 - 관광,TRRSRT,3,15143780,경상북도_어린이보호구역 정보조회,사회복지 - 보육·가족및여성,roadaddr,22,3,1.0,0,19,경주시|구미시|포항시,경산시|고령군|김천시|문경시|봉화군
sgg,15109381,경상북도 경주시_관광지 현황,문화체육관광 - 관광,TRRSRT,3,15143795,경상북도_노인복지시설 현황조회,사회복지 - 노인·청소년,fcltAddr,22,3,1.0,0,19,경주시|구미시|포항시,경산시|고령군|김천시|문경시|봉화군
sgg,15109381,경상북도 경주시_관광지 현황,문화체육관광 - 관광,TRRSRT,3,15157788,경상북도 영천시_사업장폐기물배출자신고 현황,환경 - 폐기물,procStoreNm,10,3,1.0,0,7,경주시|구미시|포항시,경산시|고령군|김천시|문경시|봉화군
sgg,15124614,경상북도 상주시_일반 건축물 시가 표준액,일반공공행정 - 일반행정,ADRES,3,15124615,경상북도 상주시_계약 정보,일반공공행정 - 일반행정,CNTRCT_TRGET_LC,23,3,1.0,0,20,구미시|상주시|성주군,경산시|경주시|고령군|군위군|김천시
sgg,15124614,경상북도 상주시_일반 건축물 시가 표준액,일반공공행정 - 일반행정,ADRES,3,15139566,경상북도 포항시_방문 거주지 현황,일반공공행정 - 지방행정·재정지원,signgu,22,3,1.0,0,19,구미시|상주시|성주군,경산시|경주시|고령군|김천시|문경시
sgg,15124614,경상북도 상주시_일반 건축물 시가 표준액,일반공공행정 - 일반행정,ADRES,3,15139573,경상북도 포항시_생활 인구 거주지 현황,일반공공행정 - 지방행정·재정지원,signgu,22,3,1.0,0,19,구미시|상주시|성주군,경산시|경주시|고령군|김천시|문경시
sgg,15124614,경상북도 상주시_일반 건축물 시가 표준액,일반공공행정 - 일반행정,ADRES,3,15143263,경상북도_마을기업 조회 현황,교통및물류 - 물류등기타,area,22,3,1.0,0,19,구미시|상주시|성주군,경산시|경주시|고령군|김천시|문경시
sgg,15124614,경상북도 상주시_일반 건축물 시가 표준액,일반공공행정 - 일반행정,ADRES,3,15143264,경상북도_시군별 주민센터 현황,일반공공행정 - 일반행정,addr,22,3,1.0,0,19,구미시|상주시|성주군,경산시|경주시|고령군|김천시|문경시
sgg,15124614,경상북도 상주시_일반 건축물 시가 표준액,일반공공행정 - 일반행정,ADRES,3,15143265,경상북도_공중화장실 정보 조회,보건 - 보건의료,roadaddr,22,3,1.0,0,19,구미시|상주시|성주군,경산시|경주시|고령군|김천시|문경시
sgg,15124614,경상북도 상주시_일반 건축물 시가 표준액,일반공공행정 - 일반행정,ADRES,3,15143756,경상북도_사회적기업 현황조회,교통및물류 - 물류등기타,roadaddr,22,3,1.0,0,19,구미시|상주시|성주군,경산시|경주시|고령군|김천시|문경시
sgg,15124614,경상북도 상주시_일반 건축물 시가 표준액,일반공공행정 - 일반행정,ADRES,3,15143780,경상북도_어린이보호구역 정보조회,사회복지 - 보육·가족및여성,roadaddr,22,3,1.0,0,19,구미시|상주시|성주군,경산시|경주시|고령군|김천시|문경시
sgg,15124614,경상북도 상주시_일반 건축물 시가 표준액,일반공공행정 - 일반행정,ADRES,3,15143795,경상북도_노인복지시설 현황조회,사회복지 - 노인·청소년,fcltAddr,22,3,1.0,0,19,구미시|상주시|성주군,경산시|경주시|고령군|김천시|문경시
sgg,15124615,경상북도 상주시_계약 정보,일반공공행정 - 일반행정,CNTRCT_TRGET_LC,23,15157815,경상북도 영천시_위생관리등급평가 결과,보건 - 식품의약안전,storeNm,3,3,1.0,20,0,영양군|영천시|울릉군,경산시|경주시|고령군|구미시|군위군
sgg,15139566,경상북도 포항시_방문 거주지 현황,일반공공행정 - 지방행정·재정지원,signgu,22,15157815,경상북도 영천시_위생관리등급평가 결과,보건 - 식품의약안전,storeNm,3,3,1.0,19,0,영양군|영천시|울릉군,경산시|경주시|고령군|구미시|김천시
sgg,15139573,경상북도 포항시_생활 인구 거주지 현황,일반공공행정 - 지방행정·재정지원,signgu,22,15157815,경상북도 영천시_위생관리등급평가 결과,보건 - 식품의약안전,storeNm,3,3,1.0,19,0,영양군|영천시|울릉군,경산시|경주시|고령군|구미시|김천시
sgg,15143263,경상북도_마을기업 조회 현황,교통및물류 - 물류등기타,area,22,15157815,경상북도 영천시_위생관리등급평가 결과,보건 - 식품의약안전,storeNm,3,3,1.0,19,0,영양군|영천시|울릉군,경산시|경주시|고령군|구미시|김천시
sgg,15143264,경상북도_시군별 주민센터 현황,일반공공행정 - 일반행정,addr,22,15157815,경상북도 영천시_위생관리등급평가 결과,보건 - 식품의약안전,storeNm,3,3,1.0,19,0,영양군|영천시|울릉군,경산시|경주시|고령군|구미시|김천시
sgg,15143265,경상북도_공중화장실 정보 조회,보건 - 보건의료,roadaddr,22,15157815,경상북도 영천시_위생관리등급평가 결과,보건 - 식품의약안전,storeNm,3,3,1.0,19,0,영양군|영천시|울릉군,경산시|경주시|고령군|구미시|김천시
sgg,15143756,경상북도_사회적기업 현황조회,교통및물류 - 물류등기타,roadaddr,22,15157815,경상북도 영천시_위생관리등급평가 결과,보건 - 식품의약안전,storeNm,3,3,1.0,19,0,영양군|영천시|울릉군,경산시|경주시|고령군|구미시|김천시
sgg,15143780,경상북도_어린이보호구역 정보조회,사회복지 - 보육·가족및여성,roadaddr,22,15157815,경상북도 영천시_위생관리등급평가 결과,보건 - 식품의약안전,storeNm,3,3,1.0,19,0,영양군|영천시|울릉군,경산시|경주시|고령군|구미시|김천시
sgg,15143795,경상북도_노인복지시설 현황조회,사회복지 - 노인·청소년,fcltAddr,22,15157815,경상북도 영천시_위생관리등급평가 결과,보건 - 식품의약안전,storeNm,3,3,1.0,19,0,영양군|영천시|울릉군,경산시|경주시|고령군|구미시|김천시
sgg,15157815,경상북도 영천시_위생관리등급평가 결과,보건 - 식품의약안전,storeNm,3,15160485,경상북도_반려동물동반관광지정보 현황조회,문화체육관광 - 관광,loc,19,3,1.0,0,16,영양군|영천시|울릉군,경산시|경주시|고령군|문경시|봉화군
emd,15000736_getHsptlBassInfoInqire,국립중앙의료원_전국 병·의원 찾기 서비스,보건 - 보건의료,dutyAddr,286,15109394,경상북도 경주시_콘도 현황,문화체육관광 - 관광,ADRES,3,3,1.0,283,0,경주시|감포읍|경주시|양남면|경주시|외동읍,경산시|남산면|경산시|남천면|경산시|사동|경산시|삼풍동|경산시|압량면
emd,15000736_getHsptlBassInfoInqire,국립중앙의료원_전국 병·의원 찾기 서비스,보건 - 보건의료,dutyAddr,286,15109464,경상북도 경주시_무장애 여행 정보,문화체육관광 - 관광,LC,3,3,1.0,283,0,경주시|감포읍|경주시|문무대왕면|경주시|양남면,경산시|남산면|경산시|남천면|경산시|사동|경산시|삼풍동|경산시|압량면
emd,15000736_getHsptlBassInfoInqire,국립중앙의료원_전국 병·의원 찾기 서비스,보건 - 보건의료,dutyAddr,286,15157821,경상북도 영천시_동물약국현황,농림 - 농업·농촌,addr,3,3,1.0,283,0,영천시|금호읍|영천시|망정동|영천시|신녕면,경산시|남산면|경산시|남천면|경산시|사동|경산시|삼풍동|경산시|압량면
emd,15000736_getHsptlMdcncFullDown,국립중앙의료원_전국 병·의원 찾기 서비스,보건 - 보건의료,dutyAddr,288,15109394,경상북도 경주시_콘도 현황,문화체육관광 - 관광,ADRES,3,3,1.0,285,0,경주시|감포읍|경주시|양남면|경주시|외동읍,경산시|남산면|경산시|남천면|경산시|사동|경산시|삼풍동|경산시|압량면
emd,15000736_getHsptlMdcncFullDown,국립중앙의료원_전국 병·의원 찾기 서비스,보건 - 보건의료,dutyAddr,288,15109464,경상북도 경주시_무장애 여행 정보,문화체육관광 - 관광,LC,3,3,1.0,285,0,경주시|감포읍|경주시|문무대왕면|경주시|양남면,경산시|남산면|경산시|남천면|경산시|사동|경산시|삼풍동|경산시|압량면
emd,15000736_getHsptlMdcncFullDown,국립중앙의료원_전국 병·의원 찾기 서비스,보건 - 보건의료,dutyAddr,288,15157821,경상북도 영천시_동물약국현황,농림 - 농업·농촌,addr,3,3,1.0,285,0,영천시|금호읍|영천시|망정동|영천시|신녕면,경산시|남산면|경산시|남천면|경산시|사동|경산시|삼풍동|경산시|압량면
emd,15000736_getHsptlMdcncListInfoInqire,국립중앙의료원_전국 병·의원 찾기 서비스,보건 - 보건의료,dutyAddr,308,15109394,경상북도 경주시_콘도 현황,문화체육관광 - 관광,ADRES,3,3,1.0,305,0,경주시|감포읍|경주시|양남면|경주시|외동읍,경산시|남산면|경산시|남천면|경산시|사동|경산시|삼풍동|경산시|압량면
emd,15000736_getHsptlMdcncListInfoInqire,국립중앙의료원_전국 병·의원 찾기 서비스,보건 - 보건의료,dutyAddr,308,15109464,경상북도 경주시_무장애 여행 정보,문화체육관광 - 관광,LC,3,3,1.0,305,0,경주시|감포읍|경주시|문무대왕면|경주시|양남면,경산시|남산면|경산시|남천면|경산시|사동|경산시|삼풍동|경산시|압량면
emd,15000736_getHsptlMdcncListInfoInqire,국립중앙의료원_전국 병·의원 찾기 서비스,보건 - 보건의료,dutyAddr,308,15157821,경상북도 영천시_동물약국현황,농림 - 농업·농촌,addr,3,3,1.0,305,0,영천시|금호읍|영천시|망정동|영천시|신녕면,경산시|남산면|경산시|남천면|경산시|사동|경산시|삼풍동|경산시|압량면
emd,15109381,경상북도 경주시_관광지 현황,문화체육관광 - 관광,ADRES,33,15109394,경상북도 경주시_콘도 현황,문화체육관광 - 관광,ADRES,3,3,1.0,30,0,경주시|감포읍|경주시|양남면|경주시|외동읍,경주시|강동면|경주시|건천읍|경주시|교동|경주시|구황동|경주시|남산동
emd,15109381,경상북도 경주시_관광지 현황,문화체육관광 - 관광,ADRES,33,15109464,경상북도 경주시_무장애 여행 정보,문화체육관광 - 관광,LC,3,3,1.0,30,0,경주시|감포읍|경주시|문무대왕면|경주시|양남면,경주시|강동면|경주시|건천읍|경주시|교동|경주시|구황동|경주시|남산동
emd,15109381,경상북도 경주시_관광지 현황,문화체육관광 - 관광,ADRES,33,15109481,경상북도 경주시_고택 체험 정보,문화체육관광 - 관광,ADRES,3,3,1.0,30,0,경주시|강동면|경주시|손곡동|경주시|안강읍,경주시|감포읍|경주시|건천읍|경주시|교동|경주시|구황동|경주시|남산동
emd,15109383,경상북도 경주시_전망 좋은 카페 현황,문화체육관광 - 관광,ADRES,4,15109394,경상북도 경주시_콘도 현황,문화체육관광 - 관광,ADRES,3,3,1.0,1,0,경주시|감포읍|경주시|양남면|경주시|외동읍,경주시|강동면
emd,15109394,경상북도 경주시_콘도 현황,문화체육관광 - 관광,ADRES,3,15124615,경상북도 상주시_계약 정보,일반공공행정 - 일반행정,CNTRCT_TRGET_LC,190,3,1.0,0,187,경주시|감포읍|경주시|양남면|경주시|외동읍,경산시|계양동|경산시|남천면|경산시|사정동|경산시|삼풍동|경산시|신교동
emd,15109394,경상북도 경주시_콘도 현황,문화체육관광 - 관광,ADRES,3,15143264,경상북도_시군별 주민센터 현황,일반공공행정 - 일반행정,addr,230,3,1.0,0,227,경주시|감포읍|경주시|양남면|경주시|외동읍,경산시|남산면|경산시|남천면|경산시|압량읍|경산시|와촌면|경산시|용성면
emd,15109394,경상북도 경주시_콘도 현황,문화체육관광 - 관광,ADRES,3,15143265,경상북도_공중화장실 정보 조회,보건 - 보건의료,addr,437,3,1.0,0,434,경주시|감포읍|경주시|양남면|경주시|외동읍,경산시|갑제동|경산시|계양동|경산시|남산면|경산시|남천면|경산시|대평동
emd,15109464,경상북도 경주시_무장애 여행 정보,문화체육관광 - 관광,LC,3,15109586,경상북도 경주시_걷기길 정보,문화체육관광 - 문화체육관광일반,SEARCH,5,3,1.0,0,2,경주시|감포읍|경주시|문무대왕면|경주시|양남면,경주시|교동|경주시|북군동
emd,15109464,경상북도 경주시_무장애 여행 정보,문화체육관광 - 관광,LC,3,15143264,경상북도_시군별 주민센터 현황,일반공공행정 - 일반행정,addr,230,3,1.0,0,227,경주시|감포읍|경주시|문무대왕면|경주시|양남면,경산시|남산면|경산시|남천면|경산시|압량읍|경산시|와촌면|경산시|용성면
emd,15109464,경상북도 경주시_무장애 여행 정보,문화체육관광 - 관광,LC,3,15143265,경상북도_공중화장실 정보 조회,보건 - 보건의료,addr,437,3,1.0,0,434,경주시|감포읍|경주시|문무대왕면|경주시|양남면,경산시|갑제동|경산시|계양동|경산시|남산면|경산시|남천면|경산시|대평동
emd,15143265,경상북도_공중화장실 정보 조회,보건 - 보건의료,addr,437,15157821,경상북도 영천시_동물약국현황,농림 - 농업·농촌,addr,3,3,1.0,434,0,영천시|금호읍|영천시|망정동|영천시|신녕면,경산시|갑제동|경산시|계양동|경산시|남산면|경산시|남천면|경산시|대평동
emd,15143795,경상북도_노인복지시설 현황조회,사회복지 - 노인·청소년,fcltAddr,203,15157801,경상북도 영천시_노인교실 현황,사회복지 - 노인·청소년,addr,3,3,1.0,200,0,영천시|북안면|영천시|중앙동|영천시|화산면,경산시|가동|경산시|계양동|경산시|남산면|경산시|남천면|경산시|대평동
emd,15157767,경상북도 영천시_공장 현황,산업·통상·중소기업 - 산업·중소기업일반,lotAddr,33,15157821,경상북도 영천시_동물약국현황,농림 - 농업·농촌,addr,3,3,1.0,30,0,영천시|금호읍|영천시|망정동|영천시|신녕면,영천시|고경면|영천시|괴연동|영천시|금노동|영천시|녹전동|영천시|대전동
emd,15157788,경상북도 영천시_사업장폐기물배출자신고 현황,환경 - 폐기물,lotAddr,27,15157821,경상북도 영천시_동물약국현황,농림 - 농업·농촌,addr,3,3,1.0,24,0,영천시|금호읍|영천시|망정동|영천시|신녕면,영천시|고경면|영천시|금노동|영천시|녹전동|영천시|대전동|영천시|대창면
emd,15157792,경상북도 영천시_지진재난 이재민수용시설 현황,공공질서및안전 - 안전관리,addr,13,15157801,경상북도 영천시_노인교실 현황,사회복지 - 노인·청소년,addr,3,3,1.0,10,0,영천시|북안면|영천시|중앙동|영천시|화산면,영천시|고경면|영천시|구읍|영천시|금호읍|영천시|대창면|영천시|신녕면
emd,15157794,경상북도 영천시_체육시설업현황,문화체육관광 - 체육,lotAddr,16,15157821,경상북도 영천시_동물약국현황,농림 - 농업·농촌,addr,3,3,1.0,13,0,영천시|금호읍|영천시|망정동|영천시|신녕면,영천시|고경면|영천시|교촌동|영천시|문내동|영천시|문외동|영천시|성내동
emd,15157799,경상북도 영천시_미용업현황,보건 - 보건의료,roadAddr,23,15157801,경상북도 영천시_노인교실 현황,사회복지 - 노인·청소년,addr,3,3,1.0,20,0,영천시|북안면|영천시|중앙동|영천시|화산면,영천시|가동|영천시|고경면|영천시|구읍|영천시|금호읍|영천시|대창면
emd,15157799,경상북도 영천시_미용업현황,보건 - 보건의료,roadAddr,23,15157821,경상북도 영천시_동물약국현황,농림 - 농업·농촌,addr,3,3,1.0,20,0,영천시|금호읍|영천시|망정동|영천시|신녕면,영천시|가동|영천시|고경면|영천시|구읍|영천시|대창면|영천시|문내동
emd,15157800,경상북도 영천시_의료기기판매업소 현황,보건 - 보건의료,addr,16,15157801,경상북도 영천시_노인교실 현황,사회복지 - 노인·청소년,addr,3,3,1.0,13,0,영천시|북안면|영천시|중앙동|영천시|화산면,영천시|고경면|영천시|금호읍|영천시|대창면|영천시|망정동|영천시|문외동
emd,15157800,경상북도 영천시_의료기기판매업소 현황,보건 - 보건의료,addr,16,15157821,경상북도 영천시_동물약국현황,농림 - 농업·농촌,addr,3,3,1.0,13,0,영천시|금호읍|영천시|망정동|영천시|신녕면,영천시|고경면|영천시|대창면|영천시|문외동|영천시|봉동|영천시|북안면
emd,15157801,경상북도 영천시_노인교실 현황,사회복지 - 노인·청소년,addr,3,15157822,경상북도 영천시_부동산중개업 현황,지역개발 - 지역및도시,addr,21,3,1.0,0,18,영천시|북안면|영천시|중앙동|영천시|화산면,영천시|고경면|영천시|구읍|영천시|금노동|영천시|금호읍|영천시|대창면
emd,15157801,경상북도 영천시_노인교실 현황,사회복지 - 노인·청소년,addr,3,15157827,경상북도 영천시_전문건설업 현황,지역개발 - 산업단지,roadAddr,13,3,1.0,0,10,영천시|북안면|영천시|중앙동|영천시|화산면,영천시|고경면|영천시|금호읍|영천시|대창면|영천시|도동|영천시|석동
emd,15157801,경상북도 영천시_노인교실 현황,사회복지 - 노인·청소년,addr,3,15157829,경상북도 영천시_상수도원격검침 지역별 현황,지역개발 - 수자원,area,16,3,1.0,0,13,영천시|북안면|영천시|중앙동|영천시|화산면,영천시|고경면|영천시|금호읍|영천시|남부동|영천시|대창면|영천시|동부동
emd,15157807,경상북도 영천시_동네 체육시설 현황,문화체육관광 - 체육,lotAddr,39,15157821,경상북도 영천시_동물약국현황,농림 - 농업·농촌,addr,3,3,1.0,36,0,영천시|금호읍|영천시|망정동|영천시|신녕면,영천시|고경면|영천시|과전동|영천시|교촌동|영천시|금노동|영천시|남부동
emd,15157811,경상북도 영천시_안전상비의약품 판매업 현황,보건 - 보건의료,addr,12,15157821,경상북도 영천시_동물약국현황,농림 - 농업·농촌,addr,3,3,1.0,9,0,영천시|금호읍|영천시|망정동|영천시|신녕면,영천시|대창면|영천시|봉동|영천시|상가동|영천시|완산동|영천시|임고면
emd,15157817,경상북도 영천시_면직물 생산공장 현황,산업·통상·중소기업 - 산업·중소기업일반,lotAddr,14,15157821,경상북도 영천시_동물약국현황,농림 - 농업·농촌,addr,3,3,1.0,11,0,영천시|금호읍|영천시|망정동|영천시|신녕면,영천시|고경면|영천시|녹전동|영천시|대창면|영천시|북안면|영천시|신기동
emd,15157821,경상북도 영천시_동물약국현황,농림 - 농업·농촌,addr,3,15157822,경상북도 영천시_부동산중개업 현황,지역개발 - 지역및도시,addr,21,3,1.0,0,18,영천시|금호읍|영천시|망정동|영천시|신녕면,영천시|고경면|영천시|구읍|영천시|금노동|영천시|대창면|영천시|도동
emd,15157821,경상북도 영천시_동물약국현황,농림 - 농업·농촌,addr,3,15157833,경상북도 영천시_저수지 보수보강 현황,농림 - 농업·농촌,addr,21,3,1.0,0,18,영천시|금호읍|영천시|망정동|영천시|신녕면,영천시|고경면|영천시|괴연동|영천시|금노동|영천시|대창면|영천시|도림동
emd,15157821,경상북도 영천시_동물약국현황,농림 - 농업·농촌,addr,3,ep_YeongcheonCCTV,경상북도 영천시_CCTV 현황,일반공공행정 - 일반행정,lotAddr,40,3,1.0,0,37,영천시|금호읍|영천시|망정동|영천시|신녕면,영천시|고경면|영천시|과전동|영천시|괴연동|영천시|교촌동|영천시|금노동
emd,15157821,경상북도 영천시_동물약국현황,농림 - 농업·농촌,addr,3,ep_YeongcheonRestaurants,경상북도 영천시_일반음식점현황,보건 - 식품의약안전,lotAddr,37,3,1.0,0,34,영천시|금호읍|영천시|망정동|영천시|신녕면,영천시|고경면|영천시|과전동|영천시|괴연동|영천시|교촌동|영천시|금노동
emd,15000736_getHsptlMdcncListInfoInqire,국립중앙의료원_전국 병·의원 찾기 서비스,보건 - 보건의료,dutyAddr,308,15143264,경상북도_시군별 주민센터 현황,일반공공행정 - 일반행정,addr,230,226,0.983,82,4,경산시|남산면|경산시|남천면|경산시|압량읍|경산시|와촌면|경산시|용성면,경산시|사동|경산시|삼풍동|경산시|압량면|경산시|옥산동|경산시|정평동
emd,15143264,경상북도_시군별 주민센터 현황,일반공공행정 - 일반행정,addr,230,15143265,경상북도_공중화장실 정보 조회,보건 - 보건의료,addr,437,226,0.983,4,211,경산시|남산면|경산시|남천면|경산시|압량읍|경산시|와촌면|경산시|용성면,경산시|갑제동|경산시|계양동|경산시|대평동|경산시|백천동|경산시|사동
emd,15139519,경상북도 포항시_생활 지도 시설 현황,사회복지 - 사회복지일반,addr,84,15139564,경상북도 포항시_대피 장소 목록,공공질서및안전 - 안전관리,addr,42,41,0.976,43,1,포항시|구룡포읍|포항시|기계면|포항시|기북면|포항시|대도동|포항시|대송면,경주시|강동면|군위군|군위읍|봉화군|봉화읍|봉화군|신내동|상주시|공성면
emd,15097246,경상북도 구미시_일반 음식점,문화체육관광 - 관광,locplcrn,50,15097249,경상북도 구미시_경로당,사회복지 - 노인·청소년,lnm_adres,36,35,0.972,15,1,구미시|거의동|구미시|고아읍|구미시|공단동|구미시|광평동|구미시|구평동,구미시|가동|구미시|가동동|구미시|나동|구미시|나호동|구미시|낙동상가동
emd,15097231,경상북도 구미시_체육시설업 현황,문화체육관광 - 체육,fclty_adres_lnm,32,15097249,경상북도 구미시_경로당,사회복지 - 노인·청소년,lnm_adres,36,31,0.969,1,5,구미시|거의동|구미시|고아읍|구미시|공단동|구미시|광평동|구미시|구평동,구미시|금전동|구미시|도개면|구미시|무을면|구미시|산동면|구미시|산동읍
emd,15157767,경상북도 영천시_공장 현황,산업·통상·중소기업 - 산업·중소기업일반,lotAddr,33,15157788,경상북도 영천시_사업장폐기물배출자신고 현황,환경 - 폐기물,lotAddr,27,26,0.963,7,1,영천시|고경면|영천시|금노동|영천시|금호읍|영천시|녹전동|영천시|대전동,영천시|괴연동|영천시|도림동|영천시|매산동|영천시|문내동|영천시|서산동
emd,15157788,경상북도 영천시_사업장폐기물배출자신고 현황,환경 - 폐기물,lotAddr,27,15157807,경상북도 영천시_동네 체육시설 현황,문화체육관광 - 체육,lotAddr,39,26,0.963,1,13,영천시|고경면|영천시|금노동|영천시|금호읍|영천시|녹전동|영천시|대전동,영천시|과전동|영천시|교촌동|영천시|남부동|영천시|도림동|영천시|매산동
emd,15157823,경상북도 영천시_태양광발전사업 허가 현황,산업·통상·중소기업 - 에너지및자원개발,ridong,26,ep_YeongcheonCCTV,경상북도 영천시_CCTV 현황,일반공공행정 - 일반행정,lotAddr,40,25,0.962,1,15,영천시|괴연동|영천시|금노동|영천시|녹전동|영천시|대전동|영천시|도남동,영천시|고경면|영천시|과전동|영천시|교촌동|영천시|금호읍|영천시|대창면
emd,15157837,경상북도 영천시_새마을회관 현황,일반공공행정 - 일반행정,lotAddr,23,ep_YeongcheonCCTV,경상북도 영천시_CCTV 현황,일반공공행정 - 일반행정,lotAddr,40,22,0.957,1,18,영천시|고경면|영천시|교촌동|영천시|금호읍|영천시|대전동|영천시|대창면,영천시|과전동|영천시|괴연동|영천시|금노동|영천시|녹전동|영천시|도동
emd,15143265,경상북도_공중화장실 정보 조회,보건 - 보건의료,addr,437,15143780,경상북도_어린이보호구역 정보조회,사회복지 - 보육·가족및여성,addr,227,217,0.956,220,10,김천시|감문면|김천시|감천면|김천시|개령면|김천시|구성면|김천시|남면,경산시|갑제동|경산시|계양동|경산시|남산면|경산시|남천면|경산시|대평동
emd,15143265,경상북도_공중화장실 정보 조회,보건 - 보건의료,addr,437,15143756,경상북도_사회적기업 현황조회,교통및물류 - 물류등기타,roadaddr,124,118,0.952,319,6,경산시|남산면|경산시|압량읍|경산시|와촌면|경산시|용성면|경산시|자인면,경산시|갑제동|경산시|계양동|경산시|남천면|경산시|대평동|경산시|백천동
emd,15139542,경상북도 포항시_인구 건물 위치,사회복지 - 노인·청소년,sigun,43,15139564,경상북도 포항시_대피 장소 목록,공공질서및안전 - 안전관리,addr,42,40,0.952,3,2,포항시|구룡포읍|포항시|기계면|포항시|기북면|포항시|대도동|포항시|대송면,포항시|대보면|포항시|대흥동|포항시|신흥동|포항시|우창동|포항시|환여동
emd,15097234,경상북도 구미시_문화재 정보,문화체육관광 - 문화재,locplc,21,15097246,경상북도 구미시_일반 음식점,문화체육관광 - 관광,locplcrn,50,20,0.952,1,30,구미시|고아읍|구미시|구평동|구미시|구포동|구미시|남통동|구미시|도개면,구미시|가동|구미시|가동동|구미시|거의동|구미시|공단동|구미시|광평동
emd,15097234,경상북도 구미시_문화재 정보,문화체육관광 - 문화재,locplc,21,15097248,경상북도 구미시_어린이 보호 구역,공공질서및안전 - 안전관리,lnm_adres,32,20,0.952,1,12,구미시|고아읍|구미시|구평동|구미시|구포동|구미시|남통동|구미시|도개면,구미시|공단동|구미시|광평동|구미시|금전동|구미시|도량동|구미시|비산동
emd,15097234,경상북도 구미시_문화재 정보,문화체육관광 - 문화재,locplc,21,15097249,경상북도 구미시_경로당,사회복지 - 노인·청소년,lnm_adres,36,20,0.952,1,16,구미시|고아읍|구미시|구평동|구미시|구포동|구미시|남통동|구미시|도개면,구미시|거의동|구미시|공단동|구미시|광평동|구미시|금전동|구미시|도량동
emd,15097234,경상북도 구미시_문화재 정보,문화체육관광 - 문화재,locplc,21,15097250,경상북도 구미시_공공와이파이 현황,통신 - 방송통신,locplc_rdnmadr,35,20,0.952,1,15,구미시|고아읍|구미시|구평동|구미시|구포동|구미시|남통동|구미시|도개면,구미시|거의동|구미시|공단동|구미시|광평동|구미시|도량동|구미시|비산동
emd,15157807,경상북도 영천시_동네 체육시설 현황,문화체육관광 - 체육,lotAddr,39,15157833,경상북도 영천시_저수지 보수보강 현황,농림 - 농업·농촌,addr,21,20,0.952,19,1,영천시|고경면|영천시|금노동|영천시|금호읍|영천시|대창면|영천시|도림동,영천시|과전동|영천시|괴연동|영천시|교촌동|영천시|남부동|영천시|녹전동
emd,15157807,경상북도 영천시_동네 체육시설 현황,문화체육관광 - 체육,lotAddr,39,ep_YeongcheonCCTV,경상북도 영천시_CCTV 현황,일반공공행정 - 일반행정,lotAddr,40,37,0.949,2,3,영천시|고경면|영천시|과전동|영천시|교촌동|영천시|금노동|영천시|금호읍,영천시|괴연동|영천시|남부동|영천시|범어동|영천시|봉동|영천시|창구동
emd,15110920,경상북도 영주시_태양광발전사업 허가내역,산업·통상·중소기업 - 에너지및자원개발,INSTL_PLACE,19,15143265,경상북도_공중화장실 정보 조회,보건 - 보건의료,addr,437,18,0.947,1,419,영주시|가흥동|영주시|고현동|영주시|단산면|영주시|문수면|영주시|봉현면,경산시|갑제동|경산시|계양동|경산시|남산면|경산시|남천면|경산시|대평동
emd,15097246,경상북도 구미시_일반 음식점,문화체육관광 - 관광,locplcrn,50,15097250,경상북도 구미시_공공와이파이 현황,통신 - 방송통신,locplc_rdnmadr,35,33,0.943,17,2,구미시|거의동|구미시|고아읍|구미시|공단동|구미시|광평동|구미시|구평동,구미시|가동|구미시|가동동|구미시|금전동|구미시|나동|구미시|나호동
emd,15000736_getHsptlMdcncFullDown,국립중앙의료원_전국 병·의원 찾기 서비스,보건 - 보건의료,dutyAddr,288,15143265,경상북도_공중화장실 정보 조회,보건 - 보건의료,addr,437,271,0.941,17,166,경산시|남산면|경산시|남천면|경산시|사동|경산시|압량면|경산시|압량읍,경산시|갑제동|경산시|계양동|경산시|대평동|경산시|백천동|경산시|사정동
emd,15000736_getHsptlBassInfoInqire,국립중앙의료원_전국 병·의원 찾기 서비스,보건 - 보건의료,dutyAddr,286,15143265,경상북도_공중화장실 정보 조회,보건 - 보건의료,addr,437,269,0.941,17,168,경산시|남산면|경산시|남천면|경산시|사동|경산시|압량면|경산시|압량읍,경산시|갑제동|경산시|계양동|경산시|대평동|경산시|백천동|경산시|사정동
emd,15109381,경상북도 경주시_관광지 현황,문화체육관광 - 관광,ADRES,33,15143265,경상북도_공중화장실 정보 조회,보건 - 보건의료,addr,437,31,0.939,2,406,경주시|감포읍|경주시|강동면|경주시|건천읍|경주시|교동|경주시|구황동,경산시|갑제동|경산시|계양동|경산시|남산면|경산시|남천면|경산시|대평동
emd,15157767,경상북도 영천시_공장 현황,산업·통상·중소기업 - 산업·중소기업일반,lotAddr,33,15157807,경상북도 영천시_동네 체육시설 현황,문화체육관광 - 체육,lotAddr,39,31,0.939,2,8,영천시|고경면|영천시|금노동|영천시|금호읍|영천시|녹전동|영천시|대전동,영천시|과전동|영천시|괴연동|영천시|교촌동|영천시|남부동|영천시|문내동
emd,15097231,경상북도 구미시_체육시설업 현황,문화체육관광 - 체육,fclty_adres_lnm,32,15097246,경상북도 구미시_일반 음식점,문화체육관광 - 관광,locplcrn,50,30,0.938,2,20,구미시|거의동|구미시|고아읍|구미시|공단동|구미시|광평동|구미시|구평동,구미시|가동|구미시|가동동|구미시|금전동|구미시|나동|구미시|나호동
emd,15097248,경상북도 구미시_어린이 보호 구역,공공질서및안전 - 안전관리,lnm_adres,32,15097250,경상북도 구미시_공공와이파이 현황,통신 - 방송통신,locplc_rdnmadr,35,30,0.938,2,5,구미시|고아읍|구미시|공단동|구미시|광평동|구미시|구평동|구미시|구포동,구미시|거의동|구미시|금전동|구미시|산동면|구미시|선주원남동|구미시|신동
emd,15157799,경상북도 영천시_미용업현황,보건 - 보건의료,roadAddr,23,15157800,경상북도 영천시_의료기기판매업소 현황,보건 - 보건의료,addr,16,15,0.938,8,1,영천시|고경면|영천시|금호읍|영천시|대창면|영천시|망정동|영천시|봉동,영천시|가동|영천시|구읍|영천시|문내동|영천시|문외동|영천시|바동
emd,15157800,경상북도 영천시_의료기기판매업소 현황,보건 - 보건의료,addr,16,15157822,경상북도 영천시_부동산중개업 현황,지역개발 - 지역및도시,addr,21,15,0.938,1,6,영천시|고경면|영천시|금호읍|영천시|대창면|영천시|망정동|영천시|문외동,영천시|구읍|영천시|금노동|영천시|도동|영천시|문내동|영천시|작산동
emd,15000736_getHsptlMdcncFullDown,국립중앙의료원_전국 병·의원 찾기 서비스,보건 - 보건의료,dutyAddr,288,15143264,경상북도_시군별 주민센터 현황,일반공공행정 - 일반행정,addr,230,215,0.935,73,15,경산시|남산면|경산시|남천면|경산시|압량읍|경산시|와촌면|경산시|용성면,경산시|사동|경산시|삼풍동|경산시|압량면|경산시|옥산동|경산시|정평동
emd,15143265,경상북도_공중화장실 정보 조회,보건 - 보건의료,addr,437,15143795,경상북도_노인복지시설 현황조회,사회복지 - 노인·청소년,fcltAddr,203,189,0.931,248,14,경산시|계양동|경산시|남산면|경산시|남천면|경산시|대평동|경산시|사동,경산시|가동|경산시|갑제동|경산시|백천동|경산시|삼북동|경산시|상가동
emd,15139519,경상북도 포항시_생활 지도 시설 현황,사회복지 - 사회복지일반,addr,84,15139550,경상북도 포항시_지역별 기상 현황,환경 - 대기,lc,29,27,0.931,57,2,포항시|구룡포읍|포항시|기계면|포항시|기북면|포항시|대송면|포항시|동해면,경주시|강동면|군위군|군위읍|봉화군|봉화읍|봉화군|신내동|상주시|공성면
emd,15139519,경상북도 포항시_생활 지도 시설 현황,사회복지 - 사회복지일반,addr,84,15139552,경상북도 포항시_지역별 노령 인구 현황,일반공공행정 - 국가통계,sigun,29,27,0.931,57,2,포항시|구룡포읍|포항시|기계면|포항시|기북면|포항시|대송면|포항시|동해면,경주시|강동면|군위군|군위읍|봉화군|봉화읍|봉화군|신내동|상주시|공성면
emd,15139519,경상북도 포항시_생활 지도 시설 현황,사회복지 - 사회복지일반,addr,84,15139553,경상북도 포항시_지역별 생산 가능 인구 현황,일반공공행정 - 국가통계,sigun,29,27,0.931,57,2,포항시|구룡포읍|포항시|기계면|포항시|기북면|포항시|대송면|포항시|동해면,경주시|강동면|군위군|군위읍|봉화군|봉화읍|봉화군|신내동|상주시|공성면
emd,15139519,경상북도 포항시_생활 지도 시설 현황,사회복지 - 사회복지일반,addr,84,15139556,경상북도 포항시_지역별 유소년 인구 현황,일반공공행정 - 국가통계,sigun,29,27,0.931,57,2,포항시|구룡포읍|포항시|기계면|포항시|기북면|포항시|대송면|포항시|동해면,경주시|강동면|군위군|군위읍|봉화군|봉화읍|봉화군|신내동|상주시|공성면
emd,15139519,경상북도 포항시_생활 지도 시설 현황,사회복지 - 사회복지일반,addr,84,15139557,경상북도 포항시_지역별 주민등록 인구 현황,일반공공행정 - 국가통계,gpmn,29,27,0.931,57,2,포항시|구룡포읍|포항시|기계면|포항시|기북면|포항시|대송면|포항시|동해면,경주시|강동면|군위군|군위읍|봉화군|봉화읍|봉화군|신내동|상주시|공성면
emd,15139519,경상북도 포항시_생활 지도 시설 현황,사회복지 - 사회복지일반,addr,84,15139566,경상북도 포항시_방문 거주지 현황,일반공공행정 - 지방행정·재정지원,emd,29,27,0.931,57,2,포항시|구룡포읍|포항시|기계면|포항시|기북면|포항시|대송면|포항시|동해면,경주시|강동면|군위군|군위읍|봉화군|봉화읍|봉화군|신내동|상주시|공성면
emd,15139519,경상북도 포항시_생활 지도 시설 현황,사회복지 - 사회복지일반,addr,84,15139573,경상북도 포항시_생활 인구 거주지 현황,일반공공행정 - 지방행정·재정지원,emd,29,27,0.931,57,2,포항시|구룡포읍|포항시|기계면|포항시|기북면|포항시|대송면|포항시|동해면,경주시|강동면|군위군|군위읍|봉화군|봉화읍|봉화군|신내동|상주시|공성면
emd,15139519,경상북도 포항시_생활 지도 시설 현황,사회복지 - 사회복지일반,addr,84,15139580,경상북도 포항시_지역별 생활 인구 현황,일반공공행정 - 국가통계,adstrd,29,27,0.931,57,2,포항시|구룡포읍|포항시|기계면|포항시|기북면|포항시|대송면|포항시|동해면,경주시|강동면|군위군|군위읍|봉화군|봉화읍|봉화군|신내동|상주시|공성면
emd,15097246,경상북도 구미시_일반 음식점,문화체육관광 - 관광,locplcrn,50,15097253,경상북도 구미시_노인 복지 시설 현황,사회복지 - 노인·청소년,instt_adres,14,13,0.929,37,1,구미시|가동|구미시|고아읍|구미시|무을면|구미시|봉곡동|구미시|사곡동,구미시|가동동|구미시|거의동|구미시|공단동|구미시|광평동|구미시|구평동
emd,15097250,경상북도 구미시_공공와이파이 현황,통신 - 방송통신,locplc_rdnmadr,35,15097253,경상북도 구미시_노인 복지 시설 현황,사회복지 - 노인·청소년,instt_adres,14,13,0.929,22,1,구미시|고아읍|구미시|무을면|구미시|봉곡동|구미시|사곡동|구미시|산동면,구미시|가동|구미시|거의동|구미시|공단동|구미시|광평동|구미시|구평동
emd,15157817,경상북도 영천시_면직물 생산공장 현황,산업·통상·중소기업 - 산업·중소기업일반,lotAddr,14,ep_YeongcheonRestaurants,경상북도 영천시_일반음식점현황,보건 - 식품의약안전,lotAddr,37,13,0.929,1,24,영천시|고경면|영천시|금호읍|영천시|대창면|영천시|망정동|영천시|북안면,영천시|과전동|영천시|괴연동|영천시|교촌동|영천시|금노동|영천시|녹전동
emd,15000736_getHsptlBassInfoInqire,국립중앙의료원_전국 병·의원 찾기 서비스,보건 - 보건의료,dutyAddr,286,15143264,경상북도_시군별 주민센터 현황,일반공공행정 - 일반행정,addr,230,213,0.926,73,17,경산시|남산면|경산시|남천면|경산시|압량읍|경산시|와촌면|경산시|용성면,경산시|사동|경산시|삼풍동|경산시|압량면|경산시|옥산동|경산시|정평동
emd,15000736_getHsptlMdcncListInfoInqire,국립중앙의료원_전국 병·의원 찾기 서비스,보건 - 보건의료,dutyAddr,308,15143795,경상북도_노인복지시설 현황조회,사회복지 - 노인·청소년,fcltAddr,203,188,0.926,120,15,경산시|남산면|경산시|남천면|경산시|사동|경산시|압량읍|경산시|옥산동,경산시|가동|경산시|계양동|경산시|대평동|경산시|사정동|경산시|삼풍동
emd,15157788,경상북도 영천시_사업장폐기물배출자신고 현황,환경 - 폐기물,lotAddr,27,ep_YeongcheonRestaurants,경상북도 영천시_일반음식점현황,보건 - 식품의약안전,lotAddr,37,25,0.926,2,12,영천시|고경면|영천시|금노동|영천시|금호읍|영천시|대창면|영천시|도남동,영천시|과전동|영천시|괴연동|영천시|교촌동|영천시|녹전동|영천시|대전동
emd,15000736_getHsptlMdcncListInfoInqire,국립중앙의료원_전국 병·의원 찾기 서비스,보건 - 보건의료,dutyAddr,308,15143265,경상북도_공중화장실 정보 조회,보건 - 보건의료,addr,437,285,0.925,23,152,경산시|남산면|경산시|남천면|경산시|사동|경산시|압량면|경산시|압량읍,경산시|갑제동|경산시|계양동|경산시|대평동|경산시|백천동|경산시|사정동
emd,15157807,경상북도 영천시_동네 체육시설 현황,문화체육관광 - 체육,lotAddr,39,15157823,경상북도 영천시_태양광발전사업 허가 현황,산업·통상·중소기업 - 에너지및자원개발,ridong,26,24,0.923,15,2,영천시|금노동|영천시|녹전동|영천시|대전동|영천시|도남동|영천시|도동,영천시|고경면|영천시|과전동|영천시|괴연동|영천시|교촌동|영천시|금호읍
emd,15143265,경상북도_공중화장실 정보 조회,보건 - 보건의료,addr,437,15157816,경상북도 영천시_강우량시설 현황,환경 - 대기,lotAddr,13,12,0.923,425,1,영천시|고경면|영천시|금호읍|영천시|대창면|영천시|문외동|영천시|북안면,경산시|갑제동|경산시|계양동|경산시|남산면|경산시|남천면|경산시|대평동
emd,15157792,경상북도 영천시_지진재난 이재민수용시설 현황,공공질서및안전 - 안전관리,addr,13,15157799,경상북도 영천시_미용업현황,보건 - 보건의료,roadAddr,23,12,0.923,1,11,영천시|고경면|영천시|구읍|영천시|금호읍|영천시|대창면|영천시|북안면,영천시|가동|영천시|망정동|영천시|문내동|영천시|바동|영천시|봉동
emd,15157792,경상북도 영천시_지진재난 이재민수용시설 현황,공공질서및안전 - 안전관리,addr,13,15157829,경상북도 영천시_상수도원격검침 지역별 현황,지역개발 - 수자원,area,16,12,0.923,1,4,영천시|고경면|영천시|금호읍|영천시|대창면|영천시|북안면|영천시|신녕면,영천시|구읍|영천시|남부동|영천시|동부동|영천시|서부동|영천시|완산동
emd,15157816,경상북도 영천시_강우량시설 현황,환경 - 대기,lotAddr,13,15157837,경상북도 영천시_새마을회관 현황,일반공공행정 - 일반행정,lotAddr,23,12,0.923,1,11,영천시|고경면|영천시|금호읍|영천시|대창면|영천시|범어동|영천시|북안면,영천시|교촌동|영천시|대전동|영천시|도남동|영천시|문외동|영천시|서산동
emd,15157816,경상북도 영천시_강우량시설 현황,환경 - 대기,lotAddr,13,ep_YeongcheonCCTV,경상북도 영천시_CCTV 현황,일반공공행정 - 일반행정,lotAddr,40,12,0.923,1,28,영천시|고경면|영천시|금호읍|영천시|대창면|영천시|문외동|영천시|북안면,영천시|과전동|영천시|괴연동|영천시|교촌동|영천시|금노동|영천시|녹전동
emd,15157816,경상북도 영천시_강우량시설 현황,환경 - 대기,lotAddr,13,ep_YeongcheonRestaurants,경상북도 영천시_일반음식점현황,보건 - 식품의약안전,lotAddr,37,12,0.923,1,25,영천시|고경면|영천시|금호읍|영천시|대창면|영천시|문외동|영천시|북안면,영천시|과전동|영천시|괴연동|영천시|교촌동|영천시|금노동|영천시|도남동
emd,15000736_getHsptlMdcncListInfoInqire,국립중앙의료원_전국 병·의원 찾기 서비스,보건 - 보건의료,dutyAddr,308,15143756,경상북도_사회적기업 현황조회,교통및물류 - 물류등기타,roadaddr,124,114,0.919,194,10,경산시|남산면|경산시|압량읍|경산시|와촌면|경산시|용성면|경산시|자인면,경산시|남천면|경산시|사동|경산시|삼풍동|경산시|압량면|경산시|옥산동
emd,15157807,경상북도 영천시_동네 체육시설 현황,문화체육관광 - 체육,lotAddr,39,ep_YeongcheonRestaurants,경상북도 영천시_일반음식점현황,보건 - 식품의약안전,lotAddr,37,34,0.919,5,3,영천시|고경면|영천시|과전동|영천시|교촌동|영천시|금노동|영천시|금호읍,영천시|괴연동|영천시|남부동|영천시|녹전동|영천시|대전동|영천시|매산동
emd,15124609,경상북도 상주시_일반 음식점,문화체육관광 - 관광,RDNMADR,36,15124614,경상북도 상주시_일반 건축물 시가 표준액,일반공공행정 - 일반행정,ADRES,54,33,0.917,3,21,상주시|가장동|상주시|거동동|상주시|공검면|상주시|공성면|상주시|낙동면,상주시|개운동|상주시|계산동|상주시|낙상동|상주시|남장동|상주시|남적동
emd,15124609,경상북도 상주시_일반 음식점,문화체육관광 - 관광,RDNMADR,36,15143265,경상북도_공중화장실 정보 조회,보건 - 보건의료,addr,437,33,0.917,3,404,상주시|가장동|상주시|거동동|상주시|공검면|상주시|공성면|상주시|낙동면,경산시|갑제동|경산시|계양동|경산시|남산면|경산시|남천면|경산시|대평동
emd,15000736_getHsptlBassInfoInqire,국립중앙의료원_전국 병·의원 찾기 서비스,보건 - 보건의료,dutyAddr,286,15110884,경상북도 영주시_모자보건사업실적,보건 - 보건의료,SIGNGU_NM,12,11,0.917,275,1,영주시|단산면|영주시|문수면|영주시|봉현면|영주시|부석면|영주시|순흥면,경산시|남산면|경산시|남천면|경산시|사동|경산시|삼풍동|경산시|압량면
emd,15000736_getHsptlMdcncFullDown,국립중앙의료원_전국 병·의원 찾기 서비스,보건 - 보건의료,dutyAddr,288,15110884,경상북도 영주시_모자보건사업실적,보건 - 보건의료,SIGNGU_NM,12,11,0.917,277,1,영주시|단산면|영주시|문수면|영주시|봉현면|영주시|부석면|영주시|순흥면,경산시|남산면|경산시|남천면|경산시|사동|경산시|삼풍동|경산시|압량면
emd,15000736_getHsptlMdcncListInfoInqire,국립중앙의료원_전국 병·의원 찾기 서비스,보건 - 보건의료,dutyAddr,308,15110884,경상북도 영주시_모자보건사업실적,보건 - 보건의료,SIGNGU_NM,12,11,0.917,297,1,영주시|단산면|영주시|문수면|영주시|봉현면|영주시|부석면|영주시|순흥면,경산시|남산면|경산시|남천면|경산시|사동|경산시|삼풍동|경산시|압량면
emd,15157767,경상북도 영천시_공장 현황,산업·통상·중소기업 - 산업·중소기업일반,lotAddr,33,15157838,경상북도 영천시_농어촌민박 현황,문화체육관광 - 관광,lotAddr,12,11,0.917,22,1,영천시|고경면|영천시|금호읍|영천시|대창면|영천시|신녕면|영천시|오미동,영천시|괴연동|영천시|금노동|영천시|녹전동|영천시|대전동|영천시|도남동
emd,15157788,경상북도 영천시_사업장폐기물배출자신고 현황,환경 - 폐기물,lotAddr,27,15157838,경상북도 영천시_농어촌민박 현황,문화체육관광 - 관광,lotAddr,12,11,0.917,16,1,영천시|고경면|영천시|금호읍|영천시|대창면|영천시|신녕면|영천시|오미동,영천시|금노동|영천시|녹전동|영천시|대전동|영천시|도남동|영천시|도동
emd,15157800,경상북도 영천시_의료기기판매업소 현황,보건 - 보건의료,addr,16,15157811,경상북도 영천시_안전상비의약품 판매업 현황,보건 - 보건의료,addr,12,11,0.917,5,1,영천시|금호읍|영천시|대창면|영천시|망정동|영천시|봉동|영천시|상가동,영천시|고경면|영천시|문외동|영천시|북안면|영천시|야사동|영천시|화남면
emd,15157829,경상북도 영천시_상수도원격검침 지역별 현황,지역개발 - 수자원,area,16,15157838,경상북도 영천시_농어촌민박 현황,문화체육관광 - 관광,lotAddr,12,11,0.917,5,1,영천시|고경면|영천시|금호읍|영천시|대창면|영천시|신녕면|영천시|완산동,영천시|남부동|영천시|동부동|영천시|북안면|영천시|서부동|영천시|오미동
emd,15157833,경상북도 영천시_저수지 보수보강 현황,농림 - 농업·농촌,addr,21,15157838,경상북도 영천시_농어촌민박 현황,문화체육관광 - 관광,lotAddr,12,11,0.917,10,1,영천시|고경면|영천시|금호읍|영천시|대창면|영천시|신녕면|영천시|오미동,영천시|괴연동|영천시|금노동|영천시|도림동|영천시|망정동|영천시|본촌동
emd,15097249,경상북도 구미시_경로당,사회복지 - 노인·청소년,lnm_adres,36,15097250,경상북도 구미시_공공와이파이 현황,통신 - 방송통신,locplc_rdnmadr,35,32,0.914,4,3,구미시|거의동|구미시|고아읍|구미시|공단동|구미시|광평동|구미시|구평동,구미시|금전동|구미시|부곡동|구미시|산동면|구미시|선주원남동|구미시|양호동
emd,15124609,경상북도 상주시_일반 음식점,문화체육관광 - 관광,RDNMADR,36,15124612,경상북도 상주시_축산물 판매업 현황,농림 - 농업·농촌,RDNMADR,23,21,0.913,15,2,상주시|공검면|상주시|공성면|상주시|낙동면|상주시|남성동|상주시|냉림동,상주시|가장동|상주시|거동동|상주시|낙양동|상주시|내서면|상주시|다동
emd,15124612,경상북도 상주시_축산물 판매업 현황,농림 - 농업·농촌,RDNMADR,23,15143265,경상북도_공중화장실 정보 조회,보건 - 보건의료,addr,437,21,0.913,2,416,상주시|공검면|상주시|공성면|상주시|낙동면|상주시|남성동|상주시|냉림동,경산시|갑제동|경산시|계양동|경산시|남산면|경산시|남천면|경산시|대평동
emd,15157837,경상북도 영천시_새마을회관 현황,일반공공행정 - 일반행정,lotAddr,23,ep_YeongcheonRestaurants,경상북도 영천시_일반음식점현황,보건 - 식품의약안전,lotAddr,37,21,0.913,2,16,영천시|고경면|영천시|교촌동|영천시|금호읍|영천시|대창면|영천시|도남동,영천시|과전동|영천시|괴연동|영천시|금노동|영천시|대전동|영천시|도동
emd,15157767,경상북도 영천시_공장 현황,산업·통상·중소기업 - 산업·중소기업일반,lotAddr,33,ep_YeongcheonRestaurants,경상북도 영천시_일반음식점현황,보건 - 식품의약안전,lotAddr,37,30,0.909,3,7,영천시|고경면|영천시|괴연동|영천시|금노동|영천시|금호읍|영천시|대창면,영천시|과전동|영천시|교촌동|영천시|녹전동|영천시|대전동|영천시|매산동
emd,15097245,경상북도 구미시_축산 농가 현황,농림 - 농업·농촌,bplc_adreslnm,11,15097249,경상북도 구미시_경로당,사회복지 - 노인·청소년,lnm_adres,36,10,0.909,1,26,구미시|고아읍|구미시|도개면|구미시|무을면|구미시|산동읍|구미시|선산읍,구미시|거의동|구미시|공단동|구미시|광평동|구미시|구평동|구미시|구포동
emd,15097245,경상북도 구미시_축산 농가 현황,농림 - 농업·농촌,bplc_adreslnm,11,15143265,경상북도_공중화장실 정보 조회,보건 - 보건의료,addr,437,10,0.909,1,427,구미시|고아읍|구미시|도개면|구미시|무을면|구미시|산동읍|구미시|선산읍,경산시|갑제동|경산시|계양동|경산시|남산면|경산시|남천면|경산시|대평동
emd,15110882,경상북도 영주시_산지전용허가 현황,농림 - 농업·농촌,LOCPLC,11,15143265,경상북도_공중화장실 정보 조회,보건 - 보건의료,addr,437,10,0.909,1,427,영주시|가흥동|영주시|단산면|영주시|문수면|영주시|봉현면|영주시|상망동,경산시|갑제동|경산시|계양동|경산시|남산면|경산시|남천면|경산시|대평동
emd,15110882,경상북도 영주시_산지전용허가 현황,농림 - 농업·농촌,LOCPLC,11,15143780,경상북도_어린이보호구역 정보조회,사회복지 - 보육·가족및여성,addr,227,10,0.909,1,217,영주시|가흥동|영주시|단산면|영주시|문수면|영주시|봉현면|영주시|상망동,김천시|감문면|김천시|감천면|김천시|개령면|김천시|구성면|김천시|남면
emd,15143264,경상북도_시군별 주민센터 현황,일반공공행정 - 일반행정,addr,230,15157812,경상북도 영천시_제설(모래) 배치현황,공공질서및안전 - 안전관리,dept,11,10,0.909,220,1,영천시|고경면|영천시|금호읍|영천시|대창면|영천시|북안면|영천시|신녕면,경산시|남산면|경산시|남천면|경산시|압량읍|경산시|와촌면|경산시|용성면
emd,15143264,경상북도_시군별 주민센터 현황,일반공공행정 - 일반행정,addr,230,15157824,경상북도 영천시_마을회관현황,사회복지 - 사회복지일반,addr,11,10,0.909,220,1,영천시|고경면|영천시|금호읍|영천시|대창면|영천시|북안면|영천시|신녕면,경산시|남산면|경산시|남천면|경산시|압량읍|경산시|와촌면|경산시|용성면
emd,15157767,경상북도 영천시_공장 현황,산업·통상·중소기업 - 산업·중소기업일반,lotAddr,33,15157812,경상북도 영천시_제설(모래) 배치현황,공공질서및안전 - 안전관리,dept,11,10,0.909,23,1,영천시|고경면|영천시|금호읍|영천시|대창면|영천시|북안면|영천시|신녕면,영천시|괴연동|영천시|금노동|영천시|녹전동|영천시|대전동|영천시|도남동
emd,15157767,경상북도 영천시_공장 현황,산업·통상·중소기업 - 산업·중소기업일반,lotAddr,33,15157824,경상북도 영천시_마을회관현황,사회복지 - 사회복지일반,addr,11,10,0.909,23,1,영천시|고경면|영천시|금호읍|영천시|대창면|영천시|북안면|영천시|신녕면,영천시|괴연동|영천시|금노동|영천시|녹전동|영천시|대전동|영천시|도남동
emd,15157788,경상북도 영천시_사업장폐기물배출자신고 현황,환경 - 폐기물,lotAddr,27,15157812,경상북도 영천시_제설(모래) 배치현황,공공질서및안전 - 안전관리,dept,11,10,0.909,17,1,영천시|고경면|영천시|금호읍|영천시|대창면|영천시|북안면|영천시|신녕면,영천시|금노동|영천시|녹전동|영천시|대전동|영천시|도남동|영천시|도동
emd,15157788,경상북도 영천시_사업장폐기물배출자신고 현황,환경 - 폐기물,lotAddr,27,15157824,경상북도 영천시_마을회관현황,사회복지 - 사회복지일반,addr,11,10,0.909,17,1,영천시|고경면|영천시|금호읍|영천시|대창면|영천시|북안면|영천시|신녕면,영천시|금노동|영천시|녹전동|영천시|대전동|영천시|도남동|영천시|도동
emd,15157799,경상북도 영천시_미용업현황,보건 - 보건의료,roadAddr,23,15157812,경상북도 영천시_제설(모래) 배치현황,공공질서및안전 - 안전관리,dept,11,10,0.909,13,1,영천시|고경면|영천시|금호읍|영천시|대창면|영천시|북안면|영천시|신녕면,영천시|가동|영천시|구읍|영천시|망정동|영천시|문내동|영천시|바동
emd,15157799,경상북도 영천시_미용업현황,보건 - 보건의료,roadAddr,23,15157824,경상북도 영천시_마을회관현황,사회복지 - 사회복지일반,addr,11,10,0.909,13,1,영천시|고경면|영천시|금호읍|영천시|대창면|영천시|북안면|영천시|신녕면,영천시|가동|영천시|구읍|영천시|망정동|영천시|문내동|영천시|바동
emd,15157812,경상북도 영천시_제설(모래) 배치현황,공공질서및안전 - 안전관리,dept,11,15157827,경상북도 영천시_전문건설업 현황,지역개발 - 산업단지,roadAddr,13,10,0.909,1,3,영천시|고경면|영천시|금호읍|영천시|대창면|영천시|북안면|영천시|신녕면,영천시|도동|영천시|석동|영천시|자양면|영천시|중앙동
emd,15157812,경상북도 영천시_제설(모래) 배치현황,공공질서및안전 - 안전관리,dept,11,15157838,경상북도 영천시_농어촌민박 현황,문화체육관광 - 관광,lotAddr,12,10,0.909,1,2,영천시|고경면|영천시|금호읍|영천시|대창면|영천시|신녕면|영천시|임고면,영천시|북안면|영천시|오미동|영천시|완산동
emd,15157824,경상북도 영천시_마을회관현황,사회복지 - 사회복지일반,addr,11,15157827,경상북도 영천시_전문건설업 현황,지역개발 - 산업단지,roadAddr,13,10,0.909,1,3,영천시|고경면|영천시|금호읍|영천시|대창면|영천시|북안면|영천시|신녕면,영천시|도동|영천시|석동|영천시|자양면|영천시|중앙동
emd,15157824,경상북도 영천시_마을회관현황,사회복지 - 사회복지일반,addr,11,15157838,경상북도 영천시_농어촌민박 현황,문화체육관광 - 관광,lotAddr,12,10,0.909,1,2,영천시|고경면|영천시|금호읍|영천시|대창면|영천시|신녕면|영천시|임고면,영천시|북안면|영천시|오미동|영천시|완산동
emd,15139542,경상북도 포항시_인구 건물 위치,사회복지 - 노인·청소년,sigun,43,15143265,경상북도_공중화장실 정보 조회,보건 - 보건의료,addr,437,39,0.907,4,398,포항시|구룡포읍|포항시|기계면|포항시|기북면|포항시|대도동|포항시|대송면,경산시|갑제동|경산시|계양동|경산시|남산면|경산시|남천면|경산시|대평동
emd,15097231,경상북도 구미시_체육시설업 현황,문화체육관광 - 체육,fclty_adres_lnm,32,15097250,경상북도 구미시_공공와이파이 현황,통신 - 방송통신,locplc_rdnmadr,35,29,0.906,3,6,구미시|거의동|구미시|고아읍|구미시|공단동|구미시|광평동|구미시|구평동,구미시|도개면|구미시|무을면|구미시|부곡동|구미시|산동읍|구미시|선기동
emd,15097248,경상북도 구미시_어린이 보호 구역,공공질서및안전 - 안전관리,lnm_adres,32,15143265,경상북도_공중화장실 정보 조회,보건 - 보건의료,addr,437,29,0.906,3,408,구미시|고아읍|구미시|공단동|구미시|광평동|구미시|구평동|구미시|구포동,경산시|갑제동|경산시|계양동|경산시|남산면|경산시|남천면|경산시|대평동
emd,15124615,경상북도 상주시_계약 정보,일반공공행정 - 일반행정,CNTRCT_TRGET_LC,190,15143265,경상북도_공중화장실 정보 조회,보건 - 보건의료,addr,437,172,0.905,18,265,경산시|계양동|경산시|남천면|경산시|사정동|경산시|신교동|경산시|압량면,경산시|갑제동|경산시|남산면|경산시|대평동|경산시|백천동|경산시|사동
emd,15139564,경상북도 포항시_대피 장소 목록,공공질서및안전 - 안전관리,addr,42,15143265,경상북도_공중화장실 정보 조회,보건 - 보건의료,addr,437,38,0.905,4,399,포항시|구룡포읍|포항시|기계면|포항시|기북면|포항시|대도동|포항시|대송면,경산시|갑제동|경산시|계양동|경산시|남산면|경산시|남천면|경산시|대평동
emd,15097231,경상북도 구미시_체육시설업 현황,문화체육관광 - 체육,fclty_adres_lnm,32,15097234,경상북도 구미시_문화재 정보,문화체육관광 - 문화재,locplc,21,19,0.905,13,2,구미시|고아읍|구미시|구평동|구미시|구포동|구미시|남통동|구미시|봉곡동,구미시|거의동|구미시|공단동|구미시|광평동|구미시|도개면|구미시|도량동
emd,15097234,경상북도 구미시_문화재 정보,문화체육관광 - 문화재,locplc,21,15143265,경상북도_공중화장실 정보 조회,보건 - 보건의료,addr,437,19,0.905,2,418,구미시|고아읍|구미시|구평동|구미시|구포동|구미시|남통동|구미시|도개면,경산시|갑제동|경산시|계양동|경산시|남산면|경산시|남천면|경산시|대평동
emd,15157767,경상북도 영천시_공장 현황,산업·통상·중소기업 - 산업·중소기업일반,lotAddr,33,15157833,경상북도 영천시_저수지 보수보강 현황,농림 - 농업·농촌,addr,21,19,0.905,14,2,영천시|고경면|영천시|괴연동|영천시|금노동|영천시|금호읍|영천시|대창면,영천시|녹전동|영천시|대전동|영천시|도남동|영천시|도동|영천시|매산동
sgg,15000736_getHsptlBassInfoInqire,국립중앙의료원_전국 병·의원 찾기 서비스,보건 - 보건의료,dutyAddr,22,15139519,경상북도 포항시_생활 지도 시설 현황,사회복지 - 사회복지일반,addr,10,9,0.9,13,1,경주시|봉화군|상주시|안동시|영덕군,경산시|고령군|구미시|군위군|김천시
sgg,15000736_getHsptlMdcncFullDown,국립중앙의료원_전국 병·의원 찾기 서비스,보건 - 보건의료,dutyAddr,22,15139519,경상북도 포항시_생활 지도 시설 현황,사회복지 - 사회복지일반,addr,10,9,0.9,13,1,경주시|봉화군|상주시|안동시|영덕군,경산시|고령군|구미시|군위군|김천시
sgg,15000736_getHsptlMdcncListInfoInqire,국립중앙의료원_전국 병·의원 찾기 서비스,보건 - 보건의료,dutyAddr,22,15139519,경상북도 포항시_생활 지도 시설 현황,사회복지 - 사회복지일반,addr,10,9,0.9,13,1,경주시|봉화군|상주시|안동시|영덕군,경산시|고령군|구미시|군위군|김천시
sgg,15139519,경상북도 포항시_생활 지도 시설 현황,사회복지 - 사회복지일반,addr,10,15139566,경상북도 포항시_방문 거주지 현황,일반공공행정 - 지방행정·재정지원,signgu,22,9,0.9,1,13,경주시|봉화군|상주시|안동시|영덕군,경산시|고령군|구미시|군위군|김천시
sgg,15139519,경상북도 포항시_생활 지도 시설 현황,사회복지 - 사회복지일반,addr,10,15139573,경상북도 포항시_생활 인구 거주지 현황,일반공공행정 - 지방행정·재정지원,signgu,22,9,0.9,1,13,경주시|봉화군|상주시|안동시|영덕군,경산시|고령군|구미시|군위군|김천시
sgg,15139519,경상북도 포항시_생활 지도 시설 현황,사회복지 - 사회복지일반,addr,10,15143263,경상북도_마을기업 조회 현황,교통및물류 - 물류등기타,area,22,9,0.9,1,13,경주시|봉화군|상주시|안동시|영덕군,경산시|고령군|구미시|군위군|김천시
sgg,15139519,경상북도 포항시_생활 지도 시설 현황,사회복지 - 사회복지일반,addr,10,15143264,경상북도_시군별 주민센터 현황,일반공공행정 - 일반행정,addr,22,9,0.9,1,13,경주시|봉화군|상주시|안동시|영덕군,경산시|고령군|구미시|군위군|김천시
sgg,15139519,경상북도 포항시_생활 지도 시설 현황,사회복지 - 사회복지일반,addr,10,15143265,경상북도_공중화장실 정보 조회,보건 - 보건의료,roadaddr,22,9,0.9,1,13,경주시|봉화군|상주시|안동시|영덕군,경산시|고령군|구미시|군위군|김천시
sgg,15139519,경상북도 포항시_생활 지도 시설 현황,사회복지 - 사회복지일반,addr,10,15143756,경상북도_사회적기업 현황조회,교통및물류 - 물류등기타,roadaddr,22,9,0.9,1,13,경주시|봉화군|상주시|안동시|영덕군,경산시|고령군|구미시|군위군|김천시
sgg,15139519,경상북도 포항시_생활 지도 시설 현황,사회복지 - 사회복지일반,addr,10,15143780,경상북도_어린이보호구역 정보조회,사회복지 - 보육·가족및여성,roadaddr,22,9,0.9,1,13,경주시|봉화군|상주시|안동시|영덕군,경산시|고령군|구미시|군위군|김천시
sgg,15139519,경상북도 포항시_생활 지도 시설 현황,사회복지 - 사회복지일반,addr,10,15143795,경상북도_노인복지시설 현황조회,사회복지 - 노인·청소년,fcltAddr,22,9,0.9,1,13,경주시|봉화군|상주시|안동시|영덕군,경산시|고령군|구미시|군위군|김천시
sgg,15139519,경상북도 포항시_생활 지도 시설 현황,사회복지 - 사회복지일반,addr,10,15160485,경상북도_반려동물동반관광지정보 현황조회,문화체육관광 - 관광,loc,19,9,0.9,1,10,경주시|봉화군|상주시|안동시|영덕군,경산시|고령군|군위군|문경시|성주군
emd,15000736_getHsptlBassInfoInqire,국립중앙의료원_전국 병·의원 찾기 서비스,보건 - 보건의료,dutyAddr,286,15110880,경상북도 영주시_농지전용허가 현황,농림 - 농업·농촌,LOCPLC,10,9,0.9,277,1,영주시|단산면|영주시|문수면|영주시|봉현면|영주시|부석면|영주시|안정면,경산시|남산면|경산시|남천면|경산시|사동|경산시|삼풍동|경산시|압량면
emd,15000736_getHsptlMdcncFullDown,국립중앙의료원_전국 병·의원 찾기 서비스,보건 - 보건의료,dutyAddr,288,15110880,경상북도 영주시_농지전용허가 현황,농림 - 농업·농촌,LOCPLC,10,9,0.9,279,1,영주시|단산면|영주시|문수면|영주시|봉현면|영주시|부석면|영주시|안정면,경산시|남산면|경산시|남천면|경산시|사동|경산시|삼풍동|경산시|압량면
emd,15000736_getHsptlMdcncListInfoInqire,국립중앙의료원_전국 병·의원 찾기 서비스,보건 - 보건의료,dutyAddr,308,15110880,경상북도 영주시_농지전용허가 현황,농림 - 농업·농촌,LOCPLC,10,9,0.9,299,1,영주시|단산면|영주시|문수면|영주시|봉현면|영주시|부석면|영주시|안정면,경산시|남산면|경산시|남천면|경산시|사동|경산시|삼풍동|경산시|압량면
emd,15110880,경상북도 영주시_농지전용허가 현황,농림 - 농업·농촌,LOCPLC,10,15110883,경상북도 영주시_보건지소 및 진료소 현황,보건 - 보건의료,LC,10,9,0.9,1,1,영주시|단산면|영주시|문수면|영주시|봉현면|영주시|부석면|영주시|안정면,영주시|고현동|영주시|순흥면
emd,15110880,경상북도 영주시_농지전용허가 현황,농림 - 농업·농촌,LOCPLC,10,15110884,경상북도 영주시_모자보건사업실적,보건 - 보건의료,SIGNGU_NM,12,9,0.9,1,3,영주시|단산면|영주시|문수면|영주시|봉현면|영주시|부석면|영주시|안정면,영주시|고현동|영주시|상망동|영주시|순흥면|영주시|하망동
emd,15110880,경상북도 영주시_농지전용허가 현황,농림 - 농업·농촌,LOCPLC,10,15143264,경상북도_시군별 주민센터 현황,일반공공행정 - 일반행정,addr,230,9,0.9,1,221,영주시|단산면|영주시|문수면|영주시|봉현면|영주시|부석면|영주시|안정면,경산시|남산면|경산시|남천면|경산시|압량읍|경산시|와촌면|경산시|용성면
emd,15110880,경상북도 영주시_농지전용허가 현황,농림 - 농업·농촌,LOCPLC,10,15143780,경상북도_어린이보호구역 정보조회,사회복지 - 보육·가족및여성,addr,227,9,0.9,1,218,영주시|단산면|영주시|문수면|영주시|봉현면|영주시|부석면|영주시|안정면,김천시|감문면|김천시|감천면|김천시|개령면|김천시|구성면|김천시|남면
emd,15143265,경상북도_공중화장실 정보 조회,보건 - 보건의료,addr,437,15157795,경상북도 영천시_동물병원 현황,농림 - 임업·산촌,addr,10,9,0.9,428,1,영천시|금호읍|영천시|문내동|영천시|문외동|영천시|북안면|영천시|성내동,경산시|갑제동|경산시|계양동|경산시|남산면|경산시|남천면|경산시|대평동
emd,15110872,경상북도 영주시_안심식당 현황,문화체육관광 - 관광,ADRES,9,15110880,경상북도 영주시_농지전용허가 현황,농림 - 농업·농촌,LOCPLC,10,8,0.889,1,2,영주시|단산면|영주시|문수면|영주시|봉현면|영주시|부석면|영주시|안정면,영주시|고현동|영주시|순흥면|영주시|평은면
emd,15110872,경상북도 영주시_안심식당 현황,문화체육관광 - 관광,ADRES,9,15110924,경상북도 영주시_농어촌민박 신고대장,문화체육관광 - 문화체육관광일반,RDNMADR,9,8,0.889,1,1,영주시|단산면|영주시|문수면|영주시|봉현면|영주시|부석면|영주시|순흥면,영주시|장수면|영주시|평은면
emd,15110880,경상북도 영주시_농지전용허가 현황,농림 - 농업·농촌,LOCPLC,10,15110924,경상북도 영주시_농어촌민박 신고대장,문화체육관광 - 문화체육관광일반,RDNMADR,9,8,0.889,2,1,영주시|단산면|영주시|문수면|영주시|봉현면|영주시|부석면|영주시|안정면,영주시|고현동|영주시|순흥면|영주시|장수면
emd,15110884,경상북도 영주시_모자보건사업실적,보건 - 보건의료,SIGNGU_NM,12,15110897,경상북도 영주시_노인복지시설,사회복지 - 사회복지일반,RDNMADR,9,8,0.889,4,1,영주시|문수면|영주시|봉현면|영주시|순흥면|영주시|안정면|영주시|장수면,영주시|단산면|영주시|부석면|영주시|상망동|영주시|이산면|영주시|휴천동
emd,15110904,경상북도 영주시_연도별 주요기업 유치현황,산업·통상·중소기업 - 산업·중소기업일반,LC,9,15110913,경상북도 영주시_토지재산,지역개발 - 지역및도시,LOCPLC,19,8,0.889,1,11,영주시|가흥동|영주시|문수면|영주시|상줄동|영주시|아지동|영주시|안정면,영주시|고현동|영주시|문정동|영주시|부석면|영주시|상망동|영주시|이산면
emd,15143795,경상북도_노인복지시설 현황조회,사회복지 - 노인·청소년,fcltAddr,203,15157793,경상북도 영천시_군장병 할인업소 현황,보건 - 식품의약안전,addr,9,8,0.889,195,1,영천시|고경면|영천시|금호읍|영천시|북안면|영천시|야사동|영천시|완산동,경산시|가동|경산시|계양동|경산시|남산면|경산시|남천면|경산시|대평동
emd,15157793,경상북도 영천시_군장병 할인업소 현황,보건 - 식품의약안전,addr,9,15157799,경상북도 영천시_미용업현황,보건 - 보건의료,roadAddr,23,8,0.889,1,15,영천시|고경면|영천시|금호읍|영천시|북안면|영천시|야사동|영천시|완산동,영천시|가동|영천시|과전동|영천시|구읍|영천시|대창면|영천시|망정동
emd,15157793,경상북도 영천시_군장병 할인업소 현황,보건 - 식품의약안전,addr,9,15157800,경상북도 영천시_의료기기판매업소 현황,보건 - 보건의료,addr,16,8,0.889,1,8,영천시|고경면|영천시|금호읍|영천시|북안면|영천시|야사동|영천시|완산동,영천시|과전동|영천시|대창면|영천시|망정동|영천시|문외동|영천시|봉동
emd,15157793,경상북도 영천시_군장병 할인업소 현황,보건 - 식품의약안전,addr,9,15157807,경상북도 영천시_동네 체육시설 현황,문화체육관광 - 체육,lotAddr,39,8,0.889,1,31,영천시|고경면|영천시|과전동|영천시|금호읍|영천시|북안면|영천시|야사동,영천시|교촌동|영천시|금노동|영천시|남부동|영천시|녹전동|영천시|대전동
emd,15157793,경상북도 영천시_군장병 할인업소 현황,보건 - 식품의약안전,addr,9,15157822,경상북도 영천시_부동산중개업 현황,지역개발 - 지역및도시,addr,21,8,0.889,1,13,영천시|고경면|영천시|금호읍|영천시|북안면|영천시|야사동|영천시|완산동,영천시|과전동|영천시|구읍|영천시|금노동|영천시|대창면|영천시|도동
emd,15157793,경상북도 영천시_군장병 할인업소 현황,보건 - 식품의약안전,addr,9,ep_YeongcheonCCTV,경상북도 영천시_CCTV 현황,일반공공행정 - 일반행정,lotAddr,40,8,0.889,1,32,영천시|고경면|영천시|과전동|영천시|금호읍|영천시|북안면|영천시|야사동,영천시|괴연동|영천시|교촌동|영천시|금노동|영천시|녹전동|영천시|대전동
emd,15157793,경상북도 영천시_군장병 할인업소 현황,보건 - 식품의약안전,addr,9,ep_YeongcheonRestaurants,경상북도 영천시_일반음식점현황,보건 - 식품의약안전,lotAddr,37,8,0.889,1,29,영천시|고경면|영천시|과전동|영천시|금호읍|영천시|북안면|영천시|야사동,영천시|괴연동|영천시|교촌동|영천시|금노동|영천시|대창면|영천시|도남동
emd,15157767,경상북도 영천시_공장 현황,산업·통상·중소기업 - 산업·중소기업일반,lotAddr,33,15157823,경상북도 영천시_태양광발전사업 허가 현황,산업·통상·중소기업 - 에너지및자원개발,ridong,26,23,0.885,10,3,영천시|괴연동|영천시|금노동|영천시|녹전동|영천시|대전동|영천시|도남동,영천시|고경면|영천시|금호읍|영천시|대창면|영천시|문외동|영천시|범어동
emd,15000736_getHsptlMdcncFullDown,국립중앙의료원_전국 병·의원 찾기 서비스,보건 - 보건의료,dutyAddr,288,15143795,경상북도_노인복지시설 현황조회,사회복지 - 노인·청소년,fcltAddr,203,178,0.877,110,25,경산시|남산면|경산시|남천면|경산시|사동|경산시|압량읍|경산시|옥산동,경산시|가동|경산시|계양동|경산시|대평동|경산시|사정동|경산시|삼풍동
emd,15097231,경상북도 구미시_체육시설업 현황,문화체육관광 - 체육,fclty_adres_lnm,32,15143265,경상북도_공중화장실 정보 조회,보건 - 보건의료,addr,437,28,0.875,4,409,구미시|고아읍|구미시|공단동|구미시|광평동|구미시|구평동|구미시|구포동,경산시|갑제동|경산시|계양동|경산시|남산면|경산시|남천면|경산시|대평동
emd,15157800,경상북도 영천시_의료기기판매업소 현황,보건 - 보건의료,addr,16,ep_YeongcheonCCTV,경상북도 영천시_CCTV 현황,일반공공행정 - 일반행정,lotAddr,40,14,0.875,2,26,영천시|고경면|영천시|금호읍|영천시|대창면|영천시|망정동|영천시|문외동,영천시|과전동|영천시|괴연동|영천시|교촌동|영천시|금노동|영천시|녹전동
emd,15157800,경상북도 영천시_의료기기판매업소 현황,보건 - 보건의료,addr,16,ep_YeongcheonRestaurants,경상북도 영천시_일반음식점현황,보건 - 식품의약안전,lotAddr,37,14,0.875,2,23,영천시|고경면|영천시|금호읍|영천시|대창면|영천시|망정동|영천시|문외동,영천시|과전동|영천시|괴연동|영천시|교촌동|영천시|금노동|영천시|도남동
emd,15109381,경상북도 경주시_관광지 현황,문화체육관광 - 관광,ADRES,33,15109390,"경상북도 경주시_오토캠핑,야영장 현황",문화체육관광 - 관광,ADRES,8,7,0.875,26,1,경주시|감포읍|경주시|강동면|경주시|내남면|경주시|배동|경주시|산내면,경주시|건천읍|경주시|교동|경주시|구황동|경주시|남산동|경주시|노동동
emd,15109390,"경상북도 경주시_오토캠핑,야영장 현황",문화체육관광 - 관광,ADRES,8,15143265,경상북도_공중화장실 정보 조회,보건 - 보건의료,addr,437,7,0.875,1,430,경주시|감포읍|경주시|강동면|경주시|내남면|경주시|배동|경주시|산내면,경산시|갑제동|경산시|계양동|경산시|남산면|경산시|남천면|경산시|대평동
emd,15110876,경상북도 영주시_일반음식점 입식테이블 설치지원 업소현황,일반공공행정 - 일반행정,ADRES,8,15110920,경상북도 영주시_태양광발전사업 허가내역,산업·통상·중소기업 - 에너지및자원개발,INSTL_PLACE,19,7,0.875,1,12,영주시|단산면|영주시|봉현면|영주시|부석면|영주시|순흥면|영주시|안정면,영주시|가흥동|영주시|고현동|영주시|문수면|영주시|문정동|영주시|상망동
emd,15143264,경상북도_시군별 주민센터 현황,일반공공행정 - 일반행정,addr,230,15157808,경상북도 영천시_캠핑장현황,문화체육관광 - 관광,addr,8,7,0.875,223,1,영천시|고경면|영천시|금호읍|영천시|대창면|영천시|신녕면|영천시|임고면,경산시|남산면|경산시|남천면|경산시|압량읍|경산시|와촌면|경산시|용성면
emd,15157767,경상북도 영천시_공장 현황,산업·통상·중소기업 - 산업·중소기업일반,lotAddr,33,15157808,경상북도 영천시_캠핑장현황,문화체육관광 - 관광,addr,8,7,0.875,26,1,영천시|고경면|영천시|금호읍|영천시|대창면|영천시|신녕면|영천시|임고면,영천시|괴연동|영천시|금노동|영천시|녹전동|영천시|대전동|영천시|도남동
emd,15157788,경상북도 영천시_사업장폐기물배출자신고 현황,환경 - 폐기물,lotAddr,27,15157808,경상북도 영천시_캠핑장현황,문화체육관광 - 관광,addr,8,7,0.875,20,1,영천시|고경면|영천시|금호읍|영천시|대창면|영천시|신녕면|영천시|임고면,영천시|금노동|영천시|녹전동|영천시|대전동|영천시|도남동|영천시|도동
emd,15157799,경상북도 영천시_미용업현황,보건 - 보건의료,roadAddr,23,15157808,경상북도 영천시_캠핑장현황,문화체육관광 - 관광,addr,8,7,0.875,16,1,영천시|고경면|영천시|금호읍|영천시|대창면|영천시|신녕면|영천시|임고면,영천시|가동|영천시|구읍|영천시|망정동|영천시|문내동|영천시|바동
emd,15157800,경상북도 영천시_의료기기판매업소 현황,보건 - 보건의료,addr,16,15157808,경상북도 영천시_캠핑장현황,문화체육관광 - 관광,addr,8,7,0.875,9,1,영천시|고경면|영천시|금호읍|영천시|대창면|영천시|신녕면|영천시|임고면,영천시|망정동|영천시|문외동|영천시|봉동|영천시|북안면|영천시|상가동
emd,15157808,경상북도 영천시_캠핑장현황,문화체육관광 - 관광,addr,8,15157827,경상북도 영천시_전문건설업 현황,지역개발 - 산업단지,roadAddr,13,7,0.875,1,6,영천시|고경면|영천시|금호읍|영천시|대창면|영천시|신녕면|영천시|임고면,영천시|도동|영천시|북안면|영천시|석동|영천시|자양면|영천시|중앙동
emd,15000736_getHsptlBassInfoInqire,국립중앙의료원_전국 병·의원 찾기 서비스,보건 - 보건의료,dutyAddr,286,15143795,경상북도_노인복지시설 현황조회,사회복지 - 노인·청소년,fcltAddr,203,177,0.872,109,26,경산시|남산면|경산시|남천면|경산시|사동|경산시|압량읍|경산시|옥산동,경산시|가동|경산시|계양동|경산시|대평동|경산시|사정동|경산시|삼풍동
emd,15000736_getHsptlBassInfoInqire,국립중앙의료원_전국 병·의원 찾기 서비스,보건 - 보건의료,dutyAddr,286,15143756,경상북도_사회적기업 현황조회,교통및물류 - 물류등기타,roadaddr,124,108,0.871,178,16,경산시|남산면|경산시|압량읍|경산시|와촌면|경산시|용성면|경산시|자인면,경산시|남천면|경산시|사동|경산시|삼풍동|경산시|압량면|경산시|옥산동
emd,15000736_getHsptlMdcncFullDown,국립중앙의료원_전국 병·의원 찾기 서비스,보건 - 보건의료,dutyAddr,288,15143756,경상북도_사회적기업 현황조회,교통및물류 - 물류등기타,roadaddr,124,108,0.871,180,16,경산시|남산면|경산시|압량읍|경산시|와촌면|경산시|용성면|경산시|자인면,경산시|남천면|경산시|사동|경산시|삼풍동|경산시|압량면|경산시|옥산동
emd,15124614,경상북도 상주시_일반 건축물 시가 표준액,일반공공행정 - 일반행정,ADRES,54,15143265,경상북도_공중화장실 정보 조회,보건 - 보건의료,addr,437,47,0.87,7,390,상주시|가장동|상주시|개운동|상주시|거동동|상주시|계산동|상주시|공검면,경산시|갑제동|경산시|계양동|경산시|남산면|경산시|남천면|경산시|대평동
emd,15110916,경상북도 영주시_건물재산,지역개발 - 지역및도시,LOCPLC,23,15143265,경상북도_공중화장실 정보 조회,보건 - 보건의료,addr,437,20,0.87,3,417,영주시|가흥동|영주시|고현동|영주시|단산면|영주시|문수면|영주시|봉현면,경산시|갑제동|경산시|계양동|경산시|남산면|경산시|남천면|경산시|대평동
emd,15124612,경상북도 상주시_축산물 판매업 현황,농림 - 농업·농촌,RDNMADR,23,15124614,경상북도 상주시_일반 건축물 시가 표준액,일반공공행정 - 일반행정,ADRES,54,20,0.87,3,34,상주시|공검면|상주시|공성면|상주시|낙동면|상주시|남성동|상주시|냉림동,상주시|가장동|상주시|개운동|상주시|거동동|상주시|계산동|상주시|낙상동
emd,15000736_getHsptlMdcncListInfoInqire,국립중앙의료원_전국 병·의원 찾기 서비스,보건 - 보건의료,dutyAddr,308,15124610,경상북도 상주시_담배 소매인,문화체육관광 - 문화체육관광일반,RDNMADR,22,19,0.864,289,3,상주시|공검면|상주시|공성면|상주시|낙동면|상주시|내서면|상주시|모동면,경산시|남산면|경산시|남천면|경산시|사동|경산시|삼풍동|경산시|압량면
emd,15124609,경상북도 상주시_일반 음식점,문화체육관광 - 관광,RDNMADR,36,15124610,경상북도 상주시_담배 소매인,문화체육관광 - 문화체육관광일반,RDNMADR,22,19,0.864,17,3,상주시|공검면|상주시|공성면|상주시|낙동면|상주시|내서면|상주시|모동면,상주시|가장동|상주시|거동동|상주시|낙양동|상주시|남성동|상주시|냉림동
emd,15124610,경상북도 상주시_담배 소매인,문화체육관광 - 문화체육관광일반,RDNMADR,22,15143265,경상북도_공중화장실 정보 조회,보건 - 보건의료,addr,437,19,0.864,3,418,상주시|공검면|상주시|공성면|상주시|낙동면|상주시|내서면|상주시|모동면,경산시|갑제동|경산시|계양동|경산시|남산면|경산시|남천면|경산시|대평동
emd,15097249,경상북도 구미시_경로당,사회복지 - 노인·청소년,lnm_adres,36,15143265,경상북도_공중화장실 정보 조회,보건 - 보건의료,addr,437,31,0.861,5,406,구미시|고아읍|구미시|공단동|구미시|광평동|구미시|구평동|구미시|구포동,경산시|갑제동|경산시|계양동|경산시|남산면|경산시|남천면|경산시|대평동
emd,15139564,경상북도 포항시_대피 장소 목록,공공질서및안전 - 안전관리,addr,42,15143780,경상북도_어린이보호구역 정보조회,사회복지 - 보육·가족및여성,addr,227,36,0.857,6,191,포항시|구룡포읍|포항시|기계면|포항시|기북면|포항시|대도동|포항시|대송면,김천시|감문면|김천시|감천면|김천시|개령면|김천시|구성면|김천시|남면
emd,15157822,경상북도 영천시_부동산중개업 현황,지역개발 - 지역및도시,addr,21,ep_YeongcheonCCTV,경상북도 영천시_CCTV 현황,일반공공행정 - 일반행정,lotAddr,40,18,0.857,3,22,영천시|고경면|영천시|금노동|영천시|금호읍|영천시|대창면|영천시|도동,영천시|과전동|영천시|괴연동|영천시|교촌동|영천시|구읍|영천시|녹전동
emd,15157822,경상북도 영천시_부동산중개업 현황,지역개발 - 지역및도시,addr,21,ep_YeongcheonRestaurants,경상북도 영천시_일반음식점현황,보건 - 식품의약안전,lotAddr,37,18,0.857,3,19,영천시|고경면|영천시|금노동|영천시|금호읍|영천시|대창면|영천시|도동,영천시|과전동|영천시|괴연동|영천시|교촌동|영천시|구읍|영천시|도남동
sgg,15139504,경상북도 포항시_광역 교통 월별 행선지 분석 전체,교통및물류 - 물류등기타,area,14,15160485,경상북도_반려동물동반관광지정보 현황조회,문화체육관광 - 관광,loc,19,12,0.857,2,7,경산시|경주시|문경시|상주시|안동시,고령군|구미시|김천시|봉화군|성주군
sgg,15110937,경상북도 영주시_불법주정차 CCTV 단속 현황,교통및물류 - 물류등기타,VIOLT_PLACE,7,15160485,경상북도_반려동물동반관광지정보 현황조회,문화체육관광 - 관광,loc,19,6,0.857,1,13,봉화군|안동시|영양군|영주시|예천군,경산시|경주시|고령군|문경시|상주시
emd,15000736_getHsptlBassInfoInqire,국립중앙의료원_전국 병·의원 찾기 서비스,보건 - 보건의료,dutyAddr,286,15097229,경상북도 구미시_학교 주변 cctv,공공질서및안전 - 안전관리,nw_adres,7,6,0.857,280,1,구미시|도량동|구미시|송정동|구미시|옥계동|구미시|원평동|구미시|형곡동,경산시|남산면|경산시|남천면|경산시|사동|경산시|삼풍동|경산시|압량면
emd,15000736_getHsptlBassInfoInqire,국립중앙의료원_전국 병·의원 찾기 서비스,보건 - 보건의료,dutyAddr,286,15097235,경상북도 구미시_경찰서 무인카메라 설치 현황,교통및물류 - 도로,instl_place,7,6,0.857,280,1,구미시|고아읍|구미시|도개면|구미시|산동면|구미시|옥성면|구미시|임은동,경산시|남산면|경산시|남천면|경산시|사동|경산시|삼풍동|경산시|압량면
emd,15000736_getHsptlBassInfoInqire,국립중앙의료원_전국 병·의원 찾기 서비스,보건 - 보건의료,dutyAddr,286,15157832,경상북도 영천시_경질유 중질유 사용업체현황,환경 - 대기,addr,7,6,0.857,280,1,영천시|고경면|영천시|금호읍|영천시|대창면|영천시|북안면|영천시|신녕면,경산시|남산면|경산시|남천면|경산시|사동|경산시|삼풍동|경산시|압량면
emd,15000736_getHsptlMdcncFullDown,국립중앙의료원_전국 병·의원 찾기 서비스,보건 - 보건의료,dutyAddr,288,15097229,경상북도 구미시_학교 주변 cctv,공공질서및안전 - 안전관리,nw_adres,7,6,0.857,282,1,구미시|도량동|구미시|송정동|구미시|옥계동|구미시|원평동|구미시|형곡동,경산시|남산면|경산시|남천면|경산시|사동|경산시|삼풍동|경산시|압량면
emd,15000736_getHsptlMdcncFullDown,국립중앙의료원_전국 병·의원 찾기 서비스,보건 - 보건의료,dutyAddr,288,15097235,경상북도 구미시_경찰서 무인카메라 설치 현황,교통및물류 - 도로,instl_place,7,6,0.857,282,1,구미시|고아읍|구미시|도개면|구미시|산동면|구미시|옥성면|구미시|임은동,경산시|남산면|경산시|남천면|경산시|사동|경산시|삼풍동|경산시|압량면
emd,15000736_getHsptlMdcncFullDown,국립중앙의료원_전국 병·의원 찾기 서비스,보건 - 보건의료,dutyAddr,288,15157832,경상북도 영천시_경질유 중질유 사용업체현황,환경 - 대기,addr,7,6,0.857,282,1,영천시|고경면|영천시|금호읍|영천시|대창면|영천시|북안면|영천시|신녕면,경산시|남산면|경산시|남천면|경산시|사동|경산시|삼풍동|경산시|압량면
emd,15000736_getHsptlMdcncListInfoInqire,국립중앙의료원_전국 병·의원 찾기 서비스,보건 - 보건의료,dutyAddr,308,15097229,경상북도 구미시_학교 주변 cctv,공공질서및안전 - 안전관리,nw_adres,7,6,0.857,302,1,구미시|도량동|구미시|송정동|구미시|옥계동|구미시|원평동|구미시|형곡동,경산시|남산면|경산시|남천면|경산시|사동|경산시|삼풍동|경산시|압량면
emd,15000736_getHsptlMdcncListInfoInqire,국립중앙의료원_전국 병·의원 찾기 서비스,보건 - 보건의료,dutyAddr,308,15097235,경상북도 구미시_경찰서 무인카메라 설치 현황,교통및물류 - 도로,instl_place,7,6,0.857,302,1,구미시|고아읍|구미시|도개면|구미시|산동면|구미시|옥성면|구미시|임은동,경산시|남산면|경산시|남천면|경산시|사동|경산시|삼풍동|경산시|압량면
emd,15097235,경상북도 구미시_경찰서 무인카메라 설치 현황,교통및물류 - 도로,instl_place,7,15097250,경상북도 구미시_공공와이파이 현황,통신 - 방송통신,locplc_rdnmadr,35,6,0.857,1,29,구미시|고아읍|구미시|도개면|구미시|산동면|구미시|옥성면|구미시|임은동,구미시|거의동|구미시|공단동|구미시|광평동|구미시|구평동|구미시|구포동
emd,15109381,경상북도 경주시_관광지 현황,문화체육관광 - 관광,ADRES,33,15109386,경상북도 경주시_한옥 호텔 현황,문화체육관광 - 관광,ADRES,7,6,0.857,27,1,경주시|감포읍|경주시|강동면|경주시|남산동|경주시|내남면|경주시|외동읍,경주시|건천읍|경주시|교동|경주시|구황동|경주시|노동동|경주시|노서동
emd,15109386,경상북도 경주시_한옥 호텔 현황,문화체육관광 - 관광,ADRES,7,15143265,경상북도_공중화장실 정보 조회,보건 - 보건의료,addr,437,6,0.857,1,431,경주시|감포읍|경주시|강동면|경주시|남산동|경주시|내남면|경주시|외동읍,경산시|갑제동|경산시|계양동|경산시|남산면|경산시|남천면|경산시|대평동
emd,15110883,경상북도 영주시_보건지소 및 진료소 현황,보건 - 보건의료,LC,10,15110900,경상북도 영주시_농촌관광시설 현황,문화체육관광 - 문화체육관광일반,RDNMADR,7,6,0.857,4,1,영주시|문수면|영주시|봉현면|영주시|부석면|영주시|순흥면|영주시|평은면,영주시|단산면|영주시|안정면|영주시|영주동|영주시|이산면|영주시|장수면
emd,15110884,경상북도 영주시_모자보건사업실적,보건 - 보건의료,SIGNGU_NM,12,15110900,경상북도 영주시_농촌관광시설 현황,문화체육관광 - 문화체육관광일반,RDNMADR,7,6,0.857,6,1,영주시|문수면|영주시|봉현면|영주시|부석면|영주시|순흥면|영주시|평은면,영주시|단산면|영주시|상망동|영주시|안정면|영주시|영주동|영주시|이산면
emd,15110900,경상북도 영주시_농촌관광시설 현황,문화체육관광 - 문화체육관광일반,RDNMADR,7,15110920,경상북도 영주시_태양광발전사업 허가내역,산업·통상·중소기업 - 에너지및자원개발,INSTL_PLACE,19,6,0.857,1,13,영주시|문수면|영주시|봉현면|영주시|부석면|영주시|순흥면|영주시|평은면,영주시|가흥동|영주시|고현동|영주시|단산면|영주시|문정동|영주시|상망동
emd,15110900,경상북도 영주시_농촌관광시설 현황,문화체육관광 - 문화체육관광일반,RDNMADR,7,15110924,경상북도 영주시_농어촌민박 신고대장,문화체육관광 - 문화체육관광일반,RDNMADR,9,6,0.857,1,3,영주시|문수면|영주시|봉현면|영주시|부석면|영주시|순흥면|영주시|평은면,영주시|단산면|영주시|안정면|영주시|영주동|영주시|이산면
emd,15110900,경상북도 영주시_농촌관광시설 현황,문화체육관광 - 문화체육관광일반,RDNMADR,7,15143264,경상북도_시군별 주민센터 현황,일반공공행정 - 일반행정,addr,230,6,0.857,1,224,영주시|문수면|영주시|봉현면|영주시|부석면|영주시|순흥면|영주시|평은면,경산시|남산면|경산시|남천면|경산시|압량읍|경산시|와촌면|경산시|용성면
emd,15110900,경상북도 영주시_농촌관광시설 현황,문화체육관광 - 문화체육관광일반,RDNMADR,7,15143756,경상북도_사회적기업 현황조회,교통및물류 - 물류등기타,roadaddr,124,6,0.857,1,118,영주시|문수면|영주시|봉현면|영주시|부석면|영주시|순흥면|영주시|영주동,경산시|남산면|경산시|압량읍|경산시|와촌면|경산시|용성면|경산시|자인면
emd,15124615,경상북도 상주시_계약 정보,일반공공행정 - 일반행정,CNTRCT_TRGET_LC,190,15157809,경상북도 영천시_직업소개소 현황,지역개발 - 지역및도시,roadAddr,7,6,0.857,184,1,영천시|고경면|영천시|금호읍|영천시|신녕면|영천시|중앙동|영천시|청통면,경산시|계양동|경산시|남천면|경산시|사정동|경산시|삼풍동|경산시|신교동
emd,15124615,경상북도 상주시_계약 정보,일반공공행정 - 일반행정,CNTRCT_TRGET_LC,190,15157832,경상북도 영천시_경질유 중질유 사용업체현황,환경 - 대기,addr,7,6,0.857,184,1,영천시|고경면|영천시|금호읍|영천시|대창면|영천시|신녕면|영천시|청통면,경산시|계양동|경산시|남천면|경산시|사정동|경산시|삼풍동|경산시|신교동
emd,15124615,경상북도 상주시_계약 정보,일반공공행정 - 일반행정,CNTRCT_TRGET_LC,190,ep_YeongchoenSeniorwelfare,경상북도 영천시_노인복지시설 현황,사회복지 - 노인·청소년,roadAddr,7,6,0.857,184,1,영천시|고경면|영천시|금호읍|영천시|임고면|영천시|청통면|영천시|화남면,경산시|계양동|경산시|남천면|경산시|사정동|경산시|삼풍동|경산시|신교동
emd,15143795,경상북도_노인복지시설 현황조회,사회복지 - 노인·청소년,fcltAddr,203,15157809,경상북도 영천시_직업소개소 현황,지역개발 - 지역및도시,roadAddr,7,6,0.857,197,1,영천시|고경면|영천시|금호읍|영천시|신녕면|영천시|중앙동|영천시|청통면,경산시|가동|경산시|계양동|경산시|남산면|경산시|남천면|경산시|대평동
emd,15157800,경상북도 영천시_의료기기판매업소 현황,보건 - 보건의료,addr,16,ep_YeongchoenSeniorwelfare,경상북도 영천시_노인복지시설 현황,사회복지 - 노인·청소년,roadAddr,7,6,0.857,10,1,영천시|고경면|영천시|금호읍|영천시|북안면|영천시|임고면|영천시|청통면,영천시|대창면|영천시|망정동|영천시|문외동|영천시|봉동|영천시|상가동
emd,15157809,경상북도 영천시_직업소개소 현황,지역개발 - 지역및도시,roadAddr,7,15157827,경상북도 영천시_전문건설업 현황,지역개발 - 산업단지,roadAddr,13,6,0.857,1,7,영천시|고경면|영천시|금호읍|영천시|신녕면|영천시|중앙동|영천시|청통면,영천시|구읍|영천시|대창면|영천시|도동|영천시|북안면|영천시|석동
emd,15157809,경상북도 영천시_직업소개소 현황,지역개발 - 지역및도시,roadAddr,7,15157829,경상북도 영천시_상수도원격검침 지역별 현황,지역개발 - 수자원,area,16,6,0.857,1,10,영천시|고경면|영천시|금호읍|영천시|신녕면|영천시|중앙동|영천시|청통면,영천시|구읍|영천시|남부동|영천시|대창면|영천시|동부동|영천시|북안면
emd,15157832,경상북도 영천시_경질유 중질유 사용업체현황,환경 - 대기,addr,7,15157838,경상북도 영천시_농어촌민박 현황,문화체육관광 - 관광,lotAddr,12,6,0.857,1,6,영천시|고경면|영천시|금호읍|영천시|대창면|영천시|신녕면|영천시|청통면,영천시|북안면|영천시|오미동|영천시|완산동|영천시|임고면|영천시|자양면
emd,15157838,경상북도 영천시_농어촌민박 현황,문화체육관광 - 관광,lotAddr,12,ep_YeongchoenSeniorwelfare,경상북도 영천시_노인복지시설 현황,사회복지 - 노인·청소년,roadAddr,7,6,0.857,6,1,영천시|고경면|영천시|금호읍|영천시|임고면|영천시|청통면|영천시|화남면,영천시|대창면|영천시|북안면|영천시|신녕면|영천시|오미동|영천시|완산동
emd,15097237,경상북도 구미시_농경지 용수 공급 시설,농림 - 농업·농촌,adreslnm,20,15097249,경상북도 구미시_경로당,사회복지 - 노인·청소년,lnm_adres,36,17,0.85,3,19,구미시|거의동|구미시|고아읍|구미시|구포동|구미시|도개면|구미시|무을면,구미시|감문면|구미시|공단동|구미시|광평동|구미시|구평동|구미시|금전동
emd,15157823,경상북도 영천시_태양광발전사업 허가 현황,산업·통상·중소기업 - 에너지및자원개발,ridong,26,ep_YeongcheonRestaurants,경상북도 영천시_일반음식점현황,보건 - 식품의약안전,lotAddr,37,22,0.846,4,15,영천시|괴연동|영천시|금노동|영천시|도남동|영천시|도동|영천시|도림동,영천시|고경면|영천시|과전동|영천시|교촌동|영천시|금호읍|영천시|녹전동
emd,15000736_getHsptlMdcncListInfoInqire,국립중앙의료원_전국 병·의원 찾기 서비스,보건 - 보건의료,dutyAddr,308,15157792,경상북도 영천시_지진재난 이재민수용시설 현황,공공질서및안전 - 안전관리,addr,13,11,0.846,297,2,영천시|고경면|영천시|금호읍|영천시|대창면|영천시|북안면|영천시|신녕면,경산시|남산면|경산시|남천면|경산시|사동|경산시|삼풍동|경산시|압량면
emd,15000736_getHsptlMdcncListInfoInqire,국립중앙의료원_전국 병·의원 찾기 서비스,보건 - 보건의료,dutyAddr,308,15157816,경상북도 영천시_강우량시설 현황,환경 - 대기,lotAddr,13,11,0.846,297,2,영천시|고경면|영천시|금호읍|영천시|대창면|영천시|북안면|영천시|신녕면,경산시|남산면|경산시|남천면|경산시|사동|경산시|삼풍동|경산시|압량면
emd,15143265,경상북도_공중화장실 정보 조회,보건 - 보건의료,addr,437,15157792,경상북도 영천시_지진재난 이재민수용시설 현황,공공질서및안전 - 안전관리,addr,13,11,0.846,426,2,영천시|고경면|영천시|금호읍|영천시|대창면|영천시|북안면|영천시|신녕면,경산시|갑제동|경산시|계양동|경산시|남산면|경산시|남천면|경산시|대평동
emd,15143795,경상북도_노인복지시설 현황조회,사회복지 - 노인·청소년,fcltAddr,203,15157827,경상북도 영천시_전문건설업 현황,지역개발 - 산업단지,roadAddr,13,11,0.846,192,2,영천시|고경면|영천시|금호읍|영천시|대창면|영천시|도동|영천시|북안면,경산시|가동|경산시|계양동|경산시|남산면|경산시|남천면|경산시|대평동
emd,15157767,경상북도 영천시_공장 현황,산업·통상·중소기업 - 산업·중소기업일반,lotAddr,33,15157827,경상북도 영천시_전문건설업 현황,지역개발 - 산업단지,roadAddr,13,11,0.846,22,2,영천시|고경면|영천시|금호읍|영천시|대창면|영천시|도동|영천시|북안면,영천시|괴연동|영천시|금노동|영천시|녹전동|영천시|대전동|영천시|도남동
emd,15157788,경상북도 영천시_사업장폐기물배출자신고 현황,환경 - 폐기물,lotAddr,27,15157827,경상북도 영천시_전문건설업 현황,지역개발 - 산업단지,roadAddr,13,11,0.846,16,2,영천시|고경면|영천시|금호읍|영천시|대창면|영천시|도동|영천시|북안면,영천시|금노동|영천시|녹전동|영천시|대전동|영천시|도남동|영천시|망정동
emd,15157792,경상북도 영천시_지진재난 이재민수용시설 현황,공공질서및안전 - 안전관리,addr,13,15157807,경상북도 영천시_동네 체육시설 현황,문화체육관광 - 체육,lotAddr,39,11,0.846,2,28,영천시|고경면|영천시|금호읍|영천시|대창면|영천시|북안면|영천시|신녕면,영천시|과전동|영천시|교촌동|영천시|구읍|영천시|금노동|영천시|남부동
emd,15157792,경상북도 영천시_지진재난 이재민수용시설 현황,공공질서및안전 - 안전관리,addr,13,15157816,경상북도 영천시_강우량시설 현황,환경 - 대기,lotAddr,13,11,0.846,2,2,영천시|고경면|영천시|금호읍|영천시|대창면|영천시|북안면|영천시|신녕면,영천시|구읍|영천시|문외동|영천시|범어동|영천시|중앙동
emd,15157792,경상북도 영천시_지진재난 이재민수용시설 현황,공공질서및안전 - 안전관리,addr,13,15157822,경상북도 영천시_부동산중개업 현황,지역개발 - 지역및도시,addr,21,11,0.846,2,10,영천시|고경면|영천시|구읍|영천시|금호읍|영천시|대창면|영천시|북안면,영천시|금노동|영천시|도동|영천시|망정동|영천시|문내동|영천시|문외동
emd,15157792,경상북도 영천시_지진재난 이재민수용시설 현황,공공질서및안전 - 안전관리,addr,13,15157827,경상북도 영천시_전문건설업 현황,지역개발 - 산업단지,roadAddr,13,11,0.846,2,2,영천시|고경면|영천시|금호읍|영천시|대창면|영천시|북안면|영천시|신녕면,영천시|구읍|영천시|도동|영천시|석동|영천시|자양면
emd,15157792,경상북도 영천시_지진재난 이재민수용시설 현황,공공질서및안전 - 안전관리,addr,13,15157833,경상북도 영천시_저수지 보수보강 현황,농림 - 농업·농촌,addr,21,11,0.846,2,10,영천시|고경면|영천시|금호읍|영천시|대창면|영천시|북안면|영천시|신녕면,영천시|괴연동|영천시|구읍|영천시|금노동|영천시|도림동|영천시|망정동
emd,15157792,경상북도 영천시_지진재난 이재민수용시설 현황,공공질서및안전 - 안전관리,addr,13,15157837,경상북도 영천시_새마을회관 현황,일반공공행정 - 일반행정,lotAddr,23,11,0.846,2,12,영천시|고경면|영천시|금호읍|영천시|대창면|영천시|북안면|영천시|신녕면,영천시|교촌동|영천시|구읍|영천시|대전동|영천시|도남동|영천시|범어동
emd,15157792,경상북도 영천시_지진재난 이재민수용시설 현황,공공질서및안전 - 안전관리,addr,13,ep_YeongcheonCCTV,경상북도 영천시_CCTV 현황,일반공공행정 - 일반행정,lotAddr,40,11,0.846,2,29,영천시|고경면|영천시|금호읍|영천시|대창면|영천시|북안면|영천시|신녕면,영천시|과전동|영천시|괴연동|영천시|교촌동|영천시|구읍|영천시|금노동
emd,15157792,경상북도 영천시_지진재난 이재민수용시설 현황,공공질서및안전 - 안전관리,addr,13,ep_YeongcheonRestaurants,경상북도 영천시_일반음식점현황,보건 - 식품의약안전,lotAddr,37,11,0.846,2,26,영천시|고경면|영천시|금호읍|영천시|대창면|영천시|북안면|영천시|신녕면,영천시|과전동|영천시|괴연동|영천시|교촌동|영천시|구읍|영천시|금노동
emd,15157799,경상북도 영천시_미용업현황,보건 - 보건의료,roadAddr,23,15157827,경상북도 영천시_전문건설업 현황,지역개발 - 산업단지,roadAddr,13,11,0.846,12,2,영천시|고경면|영천시|금호읍|영천시|대창면|영천시|북안면|영천시|신녕면,영천시|가동|영천시|구읍|영천시|도동|영천시|망정동|영천시|문내동
emd,15157807,경상북도 영천시_동네 체육시설 현황,문화체육관광 - 체육,lotAddr,39,15157827,경상북도 영천시_전문건설업 현황,지역개발 - 산업단지,roadAddr,13,11,0.846,28,2,영천시|고경면|영천시|금호읍|영천시|대창면|영천시|도동|영천시|북안면,영천시|과전동|영천시|교촌동|영천시|금노동|영천시|남부동|영천시|녹전동
emd,15157816,경상북도 영천시_강우량시설 현황,환경 - 대기,lotAddr,13,15157829,경상북도 영천시_상수도원격검침 지역별 현황,지역개발 - 수자원,area,16,11,0.846,2,5,영천시|고경면|영천시|금호읍|영천시|대창면|영천시|북안면|영천시|신녕면,영천시|남부동|영천시|동부동|영천시|문외동|영천시|범어동|영천시|서부동
emd,15157816,경상북도 영천시_강우량시설 현황,환경 - 대기,lotAddr,13,15157833,경상북도 영천시_저수지 보수보강 현황,농림 - 농업·농촌,addr,21,11,0.846,2,10,영천시|고경면|영천시|금호읍|영천시|대창면|영천시|북안면|영천시|신녕면,영천시|괴연동|영천시|금노동|영천시|도림동|영천시|망정동|영천시|문외동
emd,15157822,경상북도 영천시_부동산중개업 현황,지역개발 - 지역및도시,addr,21,15157827,경상북도 영천시_전문건설업 현황,지역개발 - 산업단지,roadAddr,13,11,0.846,10,2,영천시|고경면|영천시|금호읍|영천시|대창면|영천시|도동|영천시|북안면,영천시|구읍|영천시|금노동|영천시|망정동|영천시|문내동|영천시|문외동
emd,15157827,경상북도 영천시_전문건설업 현황,지역개발 - 산업단지,roadAddr,13,15157829,경상북도 영천시_상수도원격검침 지역별 현황,지역개발 - 수자원,area,16,11,0.846,2,5,영천시|고경면|영천시|금호읍|영천시|대창면|영천시|북안면|영천시|신녕면,영천시|남부동|영천시|도동|영천시|동부동|영천시|서부동|영천시|석동
emd,15157827,경상북도 영천시_전문건설업 현황,지역개발 - 산업단지,roadAddr,13,ep_YeongcheonCCTV,경상북도 영천시_CCTV 현황,일반공공행정 - 일반행정,lotAddr,40,11,0.846,2,29,영천시|고경면|영천시|금호읍|영천시|대창면|영천시|도동|영천시|북안면,영천시|과전동|영천시|괴연동|영천시|교촌동|영천시|금노동|영천시|녹전동
emd,15157827,경상북도 영천시_전문건설업 현황,지역개발 - 산업단지,roadAddr,13,ep_YeongcheonRestaurants,경상북도 영천시_일반음식점현황,보건 - 식품의약안전,lotAddr,37,11,0.846,2,26,영천시|고경면|영천시|금호읍|영천시|대창면|영천시|도동|영천시|북안면,영천시|과전동|영천시|괴연동|영천시|교촌동|영천시|금노동|영천시|도남동
emd,15097231,경상북도 구미시_체육시설업 현황,문화체육관광 - 체육,fclty_adres_lnm,32,15097248,경상북도 구미시_어린이 보호 구역,공공질서및안전 - 안전관리,lnm_adres,32,27,0.844,5,5,구미시|고아읍|구미시|공단동|구미시|광평동|구미시|구평동|구미시|구포동,구미시|거의동|구미시|금전동|구미시|도개면|구미시|무을면|구미시|부곡동
emd,15110913,경상북도 영주시_토지재산,지역개발 - 지역및도시,LOCPLC,19,15143265,경상북도_공중화장실 정보 조회,보건 - 보건의료,addr,437,16,0.842,3,421,영주시|가흥동|영주시|고현동|영주시|문수면|영주시|상망동|영주시|상줄동,경산시|갑제동|경산시|계양동|경산시|남산면|경산시|남천면|경산시|대평동
emd,15139542,경상북도 포항시_인구 건물 위치,사회복지 - 노인·청소년,sigun,43,15143780,경상북도_어린이보호구역 정보조회,사회복지 - 보육·가족및여성,addr,227,36,0.837,7,191,포항시|구룡포읍|포항시|기계면|포항시|기북면|포항시|대도동|포항시|대송면,김천시|감문면|김천시|감천면|김천시|개령면|김천시|구성면|김천시|남면
emd,15000736_getHsptlBassInfoInqire,국립중앙의료원_전국 병·의원 찾기 서비스,보건 - 보건의료,dutyAddr,286,15157838,경상북도 영천시_농어촌민박 현황,문화체육관광 - 관광,lotAddr,12,10,0.833,276,2,영천시|고경면|영천시|금호읍|영천시|대창면|영천시|신녕면|영천시|오미동,경산시|남산면|경산시|남천면|경산시|사동|경산시|삼풍동|경산시|압량면
emd,15000736_getHsptlMdcncFullDown,국립중앙의료원_전국 병·의원 찾기 서비스,보건 - 보건의료,dutyAddr,288,15157838,경상북도 영천시_농어촌민박 현황,문화체육관광 - 관광,lotAddr,12,10,0.833,278,2,영천시|고경면|영천시|금호읍|영천시|대창면|영천시|신녕면|영천시|오미동,경산시|남산면|경산시|남천면|경산시|사동|경산시|삼풍동|경산시|압량면
emd,15110884,경상북도 영주시_모자보건사업실적,보건 - 보건의료,SIGNGU_NM,12,15143264,경상북도_시군별 주민센터 현황,일반공공행정 - 일반행정,addr,230,10,0.833,2,220,영주시|단산면|영주시|문수면|영주시|봉현면|영주시|부석면|영주시|순흥면,경산시|남산면|경산시|남천면|경산시|압량읍|경산시|와촌면|경산시|용성면
emd,15157767,경상북도 영천시_공장 현황,산업·통상·중소기업 - 산업·중소기업일반,lotAddr,33,15157811,경상북도 영천시_안전상비의약품 판매업 현황,보건 - 보건의료,addr,12,10,0.833,23,2,영천시|금호읍|영천시|대창면|영천시|망정동|영천시|봉동|영천시|신녕면,영천시|고경면|영천시|괴연동|영천시|금노동|영천시|녹전동|영천시|대전동
emd,15157788,경상북도 영천시_사업장폐기물배출자신고 현황,환경 - 폐기물,lotAddr,27,15157811,경상북도 영천시_안전상비의약품 판매업 현황,보건 - 보건의료,addr,12,10,0.833,17,2,영천시|금호읍|영천시|대창면|영천시|망정동|영천시|봉동|영천시|신녕면,영천시|고경면|영천시|금노동|영천시|녹전동|영천시|대전동|영천시|도남동
emd,15157792,경상북도 영천시_지진재난 이재민수용시설 현황,공공질서및안전 - 안전관리,addr,13,15157838,경상북도 영천시_농어촌민박 현황,문화체육관광 - 관광,lotAddr,12,10,0.833,3,2,영천시|고경면|영천시|금호읍|영천시|대창면|영천시|신녕면|영천시|임고면,영천시|구읍|영천시|북안면|영천시|오미동|영천시|완산동|영천시|중앙동
emd,15157799,경상북도 영천시_미용업현황,보건 - 보건의료,roadAddr,23,15157838,경상북도 영천시_농어촌민박 현황,문화체육관광 - 관광,lotAddr,12,10,0.833,13,2,영천시|고경면|영천시|금호읍|영천시|대창면|영천시|신녕면|영천시|완산동,영천시|가동|영천시|구읍|영천시|망정동|영천시|문내동|영천시|바동
emd,15157811,경상북도 영천시_안전상비의약품 판매업 현황,보건 - 보건의료,addr,12,ep_YeongcheonCCTV,경상북도 영천시_CCTV 현황,일반공공행정 - 일반행정,lotAddr,40,10,0.833,2,30,영천시|금호읍|영천시|대창면|영천시|망정동|영천시|봉동|영천시|신녕면,영천시|고경면|영천시|과전동|영천시|괴연동|영천시|교촌동|영천시|금노동
emd,15157811,경상북도 영천시_안전상비의약품 판매업 현황,보건 - 보건의료,addr,12,ep_YeongcheonRestaurants,경상북도 영천시_일반음식점현황,보건 - 식품의약안전,lotAddr,37,10,0.833,2,27,영천시|금호읍|영천시|대창면|영천시|망정동|영천시|봉동|영천시|신녕면,영천시|고경면|영천시|과전동|영천시|괴연동|영천시|교촌동|영천시|금노동
emd,15157816,경상북도 영천시_강우량시설 현황,환경 - 대기,lotAddr,13,15157838,경상북도 영천시_농어촌민박 현황,문화체육관광 - 관광,lotAddr,12,10,0.833,3,2,영천시|고경면|영천시|금호읍|영천시|대창면|영천시|신녕면|영천시|임고면,영천시|문외동|영천시|범어동|영천시|북안면|영천시|오미동|영천시|완산동
sgg,15124609,경상북도 상주시_일반 음식점,문화체육관광 - 관광,BSSH_NM,6,15160485,경상북도_반려동물동반관광지정보 현황조회,문화체육관광 - 관광,loc,19,5,0.833,1,14,문경시|상주시|성주군|안동시|영양군,경산시|경주시|고령군|봉화군|영덕군
emd,15110876,경상북도 영주시_일반음식점 입식테이블 설치지원 업소현황,일반공공행정 - 일반행정,ADRES,8,15110877,경상북도 영주시_영주맛집 현황,문화체육관광 - 관광,ADRES,6,5,0.833,3,1,영주시|봉현면|영주시|부석면|영주시|순흥면|영주시|안정면|영주시|풍기읍,영주시|단산면|영주시|문수면|영주시|영주동|영주시|휴천동
emd,15110877,경상북도 영주시_영주맛집 현황,문화체육관광 - 관광,ADRES,6,15110880,경상북도 영주시_농지전용허가 현황,농림 - 농업·농촌,LOCPLC,10,5,0.833,1,5,영주시|문수면|영주시|봉현면|영주시|부석면|영주시|안정면|영주시|풍기읍,영주시|고현동|영주시|단산면|영주시|순흥면|영주시|이산면|영주시|장수면
emd,15110877,경상북도 영주시_영주맛집 현황,문화체육관광 - 관광,ADRES,6,15110897,경상북도 영주시_노인복지시설,사회복지 - 사회복지일반,RDNMADR,9,5,0.833,1,4,영주시|문수면|영주시|봉현면|영주시|순흥면|영주시|안정면|영주시|풍기읍,영주시|부석면|영주시|장수면|영주시|평은면|영주시|하망동|영주시|휴천동
emd,15110877,경상북도 영주시_영주맛집 현황,문화체육관광 - 관광,ADRES,6,15110900,경상북도 영주시_농촌관광시설 현황,문화체육관광 - 문화체육관광일반,RDNMADR,7,5,0.833,1,2,영주시|문수면|영주시|봉현면|영주시|부석면|영주시|순흥면|영주시|풍기읍,영주시|안정면|영주시|영주동|영주시|평은면
emd,15110877,경상북도 영주시_영주맛집 현황,문화체육관광 - 관광,ADRES,6,15143795,경상북도_노인복지시설 현황조회,사회복지 - 노인·청소년,fcltAddr,203,5,0.833,1,198,영주시|문수면|영주시|봉현면|영주시|순흥면|영주시|안정면|영주시|풍기읍,경산시|가동|경산시|계양동|경산시|남산면|경산시|남천면|경산시|대평동
emd,15097250,경상북도 구미시_공공와이파이 현황,통신 - 방송통신,locplc_rdnmadr,35,15143265,경상북도_공중화장실 정보 조회,보건 - 보건의료,addr,437,29,0.829,6,408,구미시|고아읍|구미시|공단동|구미시|광평동|구미시|구평동|구미시|구포동,경산시|갑제동|경산시|계양동|경산시|남산면|경산시|남천면|경산시|대평동
emd,15124612,경상북도 상주시_축산물 판매업 현황,농림 - 농업·농촌,RDNMADR,23,15124615,경상북도 상주시_계약 정보,일반공공행정 - 일반행정,CNTRCT_TRGET_LC,190,19,0.826,4,171,상주시|공검면|상주시|공성면|상주시|낙동면|상주시|남성동|상주시|냉림동,경산시|계양동|경산시|남천면|경산시|사정동|경산시|삼풍동|경산시|신교동
emd,15124612,경상북도 상주시_축산물 판매업 현황,농림 - 농업·농촌,RDNMADR,23,15143780,경상북도_어린이보호구역 정보조회,사회복지 - 보육·가족및여성,addr,227,19,0.826,4,208,상주시|공검면|상주시|공성면|상주시|낙동면|상주시|남성동|상주시|냉림동,김천시|감문면|김천시|감천면|김천시|개령면|김천시|구성면|김천시|남면
emd,15143265,경상북도_공중화장실 정보 조회,보건 - 보건의료,addr,437,15157837,경상북도 영천시_새마을회관 현황,일반공공행정 - 일반행정,lotAddr,23,19,0.826,418,4,영천시|고경면|영천시|교촌동|영천시|금호읍|영천시|대창면|영천시|북안면,경산시|갑제동|경산시|계양동|경산시|남산면|경산시|남천면|경산시|대평동
emd,15157767,경상북도 영천시_공장 현황,산업·통상·중소기업 - 산업·중소기업일반,lotAddr,33,15157837,경상북도 영천시_새마을회관 현황,일반공공행정 - 일반행정,lotAddr,23,19,0.826,14,4,영천시|고경면|영천시|금호읍|영천시|대전동|영천시|대창면|영천시|도남동,영천시|괴연동|영천시|교촌동|영천시|금노동|영천시|녹전동|영천시|도동
emd,15143264,경상북도_시군별 주민센터 현황,일반공공행정 - 일반행정,addr,230,15143756,경상북도_사회적기업 현황조회,교통및물류 - 물류등기타,roadaddr,124,102,0.823,128,22,경산시|남산면|경산시|압량읍|경산시|와촌면|경산시|용성면|경산시|자인면,경산시|남천면|경주시|감포읍|경주시|강동면|경주시|건천읍|경주시|내남면
emd,15000736_getHsptlMdcncFullDown,국립중앙의료원_전국 병·의원 찾기 서비스,보건 - 보건의료,dutyAddr,288,15124610,경상북도 상주시_담배 소매인,문화체육관광 - 문화체육관광일반,RDNMADR,22,18,0.818,270,4,상주시|공검면|상주시|공성면|상주시|낙동면|상주시|내서면|상주시|모동면,경산시|남산면|경산시|남천면|경산시|사동|경산시|삼풍동|경산시|압량면
emd,15124610,경상북도 상주시_담배 소매인,문화체육관광 - 문화체육관광일반,RDNMADR,22,15124611,경상북도 상주시_경로당 현황,사회복지 - 노인·청소년,EMD,24,18,0.818,4,6,상주시|공검면|상주시|공성면|상주시|낙동면|상주시|내서면|상주시|모동면,상주시|계림동|상주시|남원동|상주시|동문동|상주시|동성동|상주시|북문동
emd,15124610,경상북도 상주시_담배 소매인,문화체육관광 - 문화체육관광일반,RDNMADR,22,15124613,경상북도 상주시_가축 사육업,농림 - 농업·농촌,ADSTRD,24,18,0.818,4,6,상주시|공검면|상주시|공성면|상주시|낙동면|상주시|내서면|상주시|모동면,상주시|계림동|상주시|남원동|상주시|동문동|상주시|동성동|상주시|북문동
emd,15124610,경상북도 상주시_담배 소매인,문화체육관광 - 문화체육관광일반,RDNMADR,22,15124614,경상북도 상주시_일반 건축물 시가 표준액,일반공공행정 - 일반행정,ADRES,54,18,0.818,4,36,상주시|공검면|상주시|공성면|상주시|낙동면|상주시|내서면|상주시|모동면,상주시|가장동|상주시|개운동|상주시|거동동|상주시|계산동|상주시|낙상동
emd,15124610,경상북도 상주시_담배 소매인,문화체육관광 - 문화체육관광일반,RDNMADR,22,15124615,경상북도 상주시_계약 정보,일반공공행정 - 일반행정,CNTRCT_TRGET_LC,190,18,0.818,4,172,상주시|공검면|상주시|공성면|상주시|낙동면|상주시|내서면|상주시|모동면,경산시|계양동|경산시|남천면|경산시|사정동|경산시|삼풍동|경산시|신교동
emd,15124610,경상북도 상주시_담배 소매인,문화체육관광 - 문화체육관광일반,RDNMADR,22,15143264,경상북도_시군별 주민센터 현황,일반공공행정 - 일반행정,addr,230,18,0.818,4,212,상주시|공검면|상주시|공성면|상주시|낙동면|상주시|내서면|상주시|모동면,경산시|남산면|경산시|남천면|경산시|압량읍|경산시|와촌면|경산시|용성면
emd,15124610,경상북도 상주시_담배 소매인,문화체육관광 - 문화체육관광일반,RDNMADR,22,15143780,경상북도_어린이보호구역 정보조회,사회복지 - 보육·가족및여성,addr,227,18,0.818,4,209,상주시|공검면|상주시|공성면|상주시|낙동면|상주시|내서면|상주시|모동면,김천시|감문면|김천시|감천면|김천시|개령면|김천시|구성면|김천시|남면
emd,15000736_getHsptlBassInfoInqire,국립중앙의료원_전국 병·의원 찾기 서비스,보건 - 보건의료,dutyAddr,286,15097245,경상북도 구미시_축산 농가 현황,농림 - 농업·농촌,bplc_adreslnm,11,9,0.818,277,2,구미시|고아읍|구미시|도개면|구미시|무을면|구미시|산동면|구미시|산동읍,경산시|남산면|경산시|남천면|경산시|사동|경산시|삼풍동|경산시|압량면
emd,15000736_getHsptlBassInfoInqire,국립중앙의료원_전국 병·의원 찾기 서비스,보건 - 보건의료,dutyAddr,286,15110882,경상북도 영주시_산지전용허가 현황,농림 - 농업·농촌,LOCPLC,11,9,0.818,277,2,영주시|가흥동|영주시|단산면|영주시|문수면|영주시|봉현면|영주시|안정면,경산시|남산면|경산시|남천면|경산시|사동|경산시|삼풍동|경산시|압량면
emd,15000736_getHsptlBassInfoInqire,국립중앙의료원_전국 병·의원 찾기 서비스,보건 - 보건의료,dutyAddr,286,15157812,경상북도 영천시_제설(모래) 배치현황,공공질서및안전 - 안전관리,dept,11,9,0.818,277,2,영천시|고경면|영천시|금호읍|영천시|대창면|영천시|북안면|영천시|신녕면,경산시|남산면|경산시|남천면|경산시|사동|경산시|삼풍동|경산시|압량면
emd,15000736_getHsptlBassInfoInqire,국립중앙의료원_전국 병·의원 찾기 서비스,보건 - 보건의료,dutyAddr,286,15157824,경상북도 영천시_마을회관현황,사회복지 - 사회복지일반,addr,11,9,0.818,277,2,영천시|고경면|영천시|금호읍|영천시|대창면|영천시|북안면|영천시|신녕면,경산시|남산면|경산시|남천면|경산시|사동|경산시|삼풍동|경산시|압량면
emd,15000736_getHsptlMdcncFullDown,국립중앙의료원_전국 병·의원 찾기 서비스,보건 - 보건의료,dutyAddr,288,15097245,경상북도 구미시_축산 농가 현황,농림 - 농업·농촌,bplc_adreslnm,11,9,0.818,279,2,구미시|고아읍|구미시|도개면|구미시|무을면|구미시|산동면|구미시|산동읍,경산시|남산면|경산시|남천면|경산시|사동|경산시|삼풍동|경산시|압량면
emd,15000736_getHsptlMdcncFullDown,국립중앙의료원_전국 병·의원 찾기 서비스,보건 - 보건의료,dutyAddr,288,15110882,경상북도 영주시_산지전용허가 현황,농림 - 농업·농촌,LOCPLC,11,9,0.818,279,2,영주시|가흥동|영주시|단산면|영주시|문수면|영주시|봉현면|영주시|안정면,경산시|남산면|경산시|남천면|경산시|사동|경산시|삼풍동|경산시|압량면
emd,15000736_getHsptlMdcncFullDown,국립중앙의료원_전국 병·의원 찾기 서비스,보건 - 보건의료,dutyAddr,288,15157812,경상북도 영천시_제설(모래) 배치현황,공공질서및안전 - 안전관리,dept,11,9,0.818,279,2,영천시|고경면|영천시|금호읍|영천시|대창면|영천시|북안면|영천시|신녕면,경산시|남산면|경산시|남천면|경산시|사동|경산시|삼풍동|경산시|압량면
emd,15000736_getHsptlMdcncFullDown,국립중앙의료원_전국 병·의원 찾기 서비스,보건 - 보건의료,dutyAddr,288,15157824,경상북도 영천시_마을회관현황,사회복지 - 사회복지일반,addr,11,9,0.818,279,2,영천시|고경면|영천시|금호읍|영천시|대창면|영천시|북안면|영천시|신녕면,경산시|남산면|경산시|남천면|경산시|사동|경산시|삼풍동|경산시|압량면
emd,15000736_getHsptlMdcncListInfoInqire,국립중앙의료원_전국 병·의원 찾기 서비스,보건 - 보건의료,dutyAddr,308,15097245,경상북도 구미시_축산 농가 현황,농림 - 농업·농촌,bplc_adreslnm,11,9,0.818,299,2,구미시|고아읍|구미시|도개면|구미시|무을면|구미시|산동면|구미시|산동읍,경산시|남산면|경산시|남천면|경산시|사동|경산시|삼풍동|경산시|압량면
emd,15000736_getHsptlMdcncListInfoInqire,국립중앙의료원_전국 병·의원 찾기 서비스,보건 - 보건의료,dutyAddr,308,15110882,경상북도 영주시_산지전용허가 현황,농림 - 농업·농촌,LOCPLC,11,9,0.818,299,2,영주시|가흥동|영주시|단산면|영주시|문수면|영주시|봉현면|영주시|안정면,경산시|남산면|경산시|남천면|경산시|사동|경산시|삼풍동|경산시|압량면
emd,15097234,경상북도 구미시_문화재 정보,문화체육관광 - 문화재,locplc,21,15097245,경상북도 구미시_축산 농가 현황,농림 - 농업·농촌,bplc_adreslnm,11,9,0.818,12,2,구미시|고아읍|구미시|도개면|구미시|무을면|구미시|산동면|구미시|선산읍,구미시|구평동|구미시|구포동|구미시|남통동|구미시|봉곡동|구미시|산동읍
emd,15097245,경상북도 구미시_축산 농가 현황,농림 - 농업·농촌,bplc_adreslnm,11,15097246,경상북도 구미시_일반 음식점,문화체육관광 - 관광,locplcrn,50,9,0.818,2,41,구미시|고아읍|구미시|도개면|구미시|무을면|구미시|산동읍|구미시|선산읍,구미시|가동|구미시|가동동|구미시|거의동|구미시|공단동|구미시|광평동
emd,15097245,경상북도 구미시_축산 농가 현황,농림 - 농업·농촌,bplc_adreslnm,11,15097248,경상북도 구미시_어린이 보호 구역,공공질서및안전 - 안전관리,lnm_adres,32,9,0.818,2,23,구미시|고아읍|구미시|도개면|구미시|무을면|구미시|산동읍|구미시|선산읍,구미시|공단동|구미시|광평동|구미시|구평동|구미시|구포동|구미시|금전동
emd,15097245,경상북도 구미시_축산 농가 현황,농림 - 농업·농촌,bplc_adreslnm,11,15097250,경상북도 구미시_공공와이파이 현황,통신 - 방송통신,locplc_rdnmadr,35,9,0.818,2,26,구미시|고아읍|구미시|도개면|구미시|무을면|구미시|산동면|구미시|산동읍,구미시|거의동|구미시|공단동|구미시|광평동|구미시|구평동|구미시|구포동
emd,15110882,경상북도 영주시_산지전용허가 현황,농림 - 농업·농촌,LOCPLC,11,15110913,경상북도 영주시_토지재산,지역개발 - 지역및도시,LOCPLC,19,9,0.818,2,10,영주시|가흥동|영주시|문수면|영주시|문정동|영주시|상망동|영주시|안정면,영주시|고현동|영주시|단산면|영주시|봉현면|영주시|상줄동|영주시|아지동
emd,15143795,경상북도_노인복지시설 현황조회,사회복지 - 노인·청소년,fcltAddr,203,15157812,경상북도 영천시_제설(모래) 배치현황,공공질서및안전 - 안전관리,dept,11,9,0.818,194,2,영천시|고경면|영천시|금호읍|영천시|대창면|영천시|북안면|영천시|신녕면,경산시|가동|경산시|계양동|경산시|남산면|경산시|남천면|경산시|대평동
emd,15143795,경상북도_노인복지시설 현황조회,사회복지 - 노인·청소년,fcltAddr,203,15157824,경상북도 영천시_마을회관현황,사회복지 - 사회복지일반,addr,11,9,0.818,194,2,영천시|고경면|영천시|금호읍|영천시|대창면|영천시|북안면|영천시|신녕면,경산시|가동|경산시|계양동|경산시|남산면|경산시|남천면|경산시|대평동
emd,15157800,경상북도 영천시_의료기기판매업소 현황,보건 - 보건의료,addr,16,15157812,경상북도 영천시_제설(모래) 배치현황,공공질서및안전 - 안전관리,dept,11,9,0.818,7,2,영천시|고경면|영천시|금호읍|영천시|대창면|영천시|북안면|영천시|신녕면,영천시|망정동|영천시|문외동|영천시|봉동|영천시|상가동|영천시|야사동
emd,15157800,경상북도 영천시_의료기기판매업소 현황,보건 - 보건의료,addr,16,15157824,경상북도 영천시_마을회관현황,사회복지 - 사회복지일반,addr,11,9,0.818,7,2,영천시|고경면|영천시|금호읍|영천시|대창면|영천시|북안면|영천시|신녕면,영천시|망정동|영천시|문외동|영천시|봉동|영천시|상가동|영천시|야사동
emd,15157812,경상북도 영천시_제설(모래) 배치현황,공공질서및안전 - 안전관리,dept,11,15157817,경상북도 영천시_면직물 생산공장 현황,산업·통상·중소기업 - 산업·중소기업일반,lotAddr,14,9,0.818,2,5,영천시|고경면|영천시|금호읍|영천시|대창면|영천시|북안면|영천시|신녕면,영천시|녹전동|영천시|망정동|영천시|신기동|영천시|언하동|영천시|자양면
emd,15157812,경상북도 영천시_제설(모래) 배치현황,공공질서및안전 - 안전관리,dept,11,15157822,경상북도 영천시_부동산중개업 현황,지역개발 - 지역및도시,addr,21,9,0.818,2,12,영천시|고경면|영천시|금호읍|영천시|대창면|영천시|북안면|영천시|신녕면,영천시|구읍|영천시|금노동|영천시|도동|영천시|망정동|영천시|문내동
emd,15157817,경상북도 영천시_면직물 생산공장 현황,산업·통상·중소기업 - 산업·중소기업일반,lotAddr,14,15157824,경상북도 영천시_마을회관현황,사회복지 - 사회복지일반,addr,11,9,0.818,5,2,영천시|고경면|영천시|금호읍|영천시|대창면|영천시|북안면|영천시|신녕면,영천시|녹전동|영천시|망정동|영천시|신기동|영천시|언하동|영천시|자양면
emd,15157822,경상북도 영천시_부동산중개업 현황,지역개발 - 지역및도시,addr,21,15157824,경상북도 영천시_마을회관현황,사회복지 - 사회복지일반,addr,11,9,0.818,12,2,영천시|고경면|영천시|금호읍|영천시|대창면|영천시|북안면|영천시|신녕면,영천시|구읍|영천시|금노동|영천시|도동|영천시|망정동|영천시|문내동
sgg,15097246,경상북도 구미시_일반 음식점,문화체육관광 - 관광,bssh_nm,16,15160485,경상북도_반려동물동반관광지정보 현황조회,문화체육관광 - 관광,loc,19,13,0.812,3,6,고령군|문경시|성주군|안동시|영덕군,경산시|경주시|구미시|김천시|봉화군
emd,15143265,경상북도_공중화장실 정보 조회,보건 - 보건의료,addr,437,15157800,경상북도 영천시_의료기기판매업소 현황,보건 - 보건의료,addr,16,13,0.812,424,3,영천시|고경면|영천시|금호읍|영천시|대창면|영천시|망정동|영천시|문외동,경산시|갑제동|경산시|계양동|경산시|남산면|경산시|남천면|경산시|대평동
emd,15157767,경상북도 영천시_공장 현황,산업·통상·중소기업 - 산업·중소기업일반,lotAddr,33,15157794,경상북도 영천시_체육시설업현황,문화체육관광 - 체육,lotAddr,16,13,0.812,20,3,영천시|고경면|영천시|금호읍|영천시|망정동|영천시|성내동|영천시|신녕면,영천시|괴연동|영천시|교촌동|영천시|금노동|영천시|녹전동|영천시|대전동
emd,15157767,경상북도 영천시_공장 현황,산업·통상·중소기업 - 산업·중소기업일반,lotAddr,33,15157800,경상북도 영천시_의료기기판매업소 현황,보건 - 보건의료,addr,16,13,0.812,20,3,영천시|고경면|영천시|금호읍|영천시|대창면|영천시|망정동|영천시|봉동,영천시|괴연동|영천시|금노동|영천시|녹전동|영천시|대전동|영천시|도남동
emd,15157800,경상북도 영천시_의료기기판매업소 현황,보건 - 보건의료,addr,16,15157807,경상북도 영천시_동네 체육시설 현황,문화체육관광 - 체육,lotAddr,39,13,0.812,3,26,영천시|고경면|영천시|금호읍|영천시|대창면|영천시|망정동|영천시|문외동,영천시|과전동|영천시|교촌동|영천시|금노동|영천시|남부동|영천시|녹전동
emd,15157807,경상북도 영천시_동네 체육시설 현황,문화체육관광 - 체육,lotAddr,39,15157829,경상북도 영천시_상수도원격검침 지역별 현황,지역개발 - 수자원,area,16,13,0.812,26,3,영천시|고경면|영천시|금호읍|영천시|남부동|영천시|대창면|영천시|북안면,영천시|과전동|영천시|교촌동|영천시|금노동|영천시|녹전동|영천시|대전동
emd,15157799,경상북도 영천시_미용업현황,보건 - 보건의료,roadAddr,23,15157822,경상북도 영천시_부동산중개업 현황,지역개발 - 지역및도시,addr,21,17,0.81,6,4,영천시|고경면|영천시|구읍|영천시|금호읍|영천시|대창면|영천시|망정동,영천시|가동|영천시|금노동|영천시|도동|영천시|문외동|영천시|바동
emd,15157807,경상북도 영천시_동네 체육시설 현황,문화체육관광 - 체육,lotAddr,39,15157822,경상북도 영천시_부동산중개업 현황,지역개발 - 지역및도시,addr,21,17,0.81,22,4,영천시|고경면|영천시|금노동|영천시|금호읍|영천시|대창면|영천시|도동,영천시|과전동|영천시|교촌동|영천시|구읍|영천시|남부동|영천시|녹전동
emd,15143264,경상북도_시군별 주민센터 현황,일반공공행정 - 일반행정,addr,230,15143795,경상북도_노인복지시설 현황조회,사회복지 - 노인·청소년,fcltAddr,203,164,0.808,66,39,경산시|남산면|경산시|남천면|경산시|압량읍|경산시|와촌면|경산시|용성면,경산시|가동|경산시|계양동|경산시|대평동|경산시|사동|경산시|사정동
emd,15000736_getHsptlMdcncListInfoInqire,국립중앙의료원_전국 병·의원 찾기 서비스,보건 - 보건의료,dutyAddr,308,15143780,경상북도_어린이보호구역 정보조회,사회복지 - 보육·가족및여성,addr,227,183,0.806,125,44,김천시|감문면|김천시|감천면|김천시|개령면|김천시|구성면|김천시|남면,경산시|남산면|경산시|남천면|경산시|사동|경산시|삼풍동|경산시|압량면
emd,15124609,경상북도 상주시_일반 음식점,문화체육관광 - 관광,RDNMADR,36,15124615,경상북도 상주시_계약 정보,일반공공행정 - 일반행정,CNTRCT_TRGET_LC,190,29,0.806,7,161,상주시|거동동|상주시|공검면|상주시|공성면|상주시|낙동면|상주시|낙양동,경산시|계양동|경산시|남천면|경산시|사정동|경산시|삼풍동|경산시|신교동
emd,15097237,경상북도 구미시_농경지 용수 공급 시설,농림 - 농업·농촌,adreslnm,20,15097246,경상북도 구미시_일반 음식점,문화체육관광 - 관광,locplcrn,50,16,0.8,4,34,구미시|거의동|구미시|고아읍|구미시|구포동|구미시|도개면|구미시|무을면,구미시|가동|구미시|가동동|구미시|감문면|구미시|공단동|구미시|광평동
sgg,15139504,경상북도 포항시_광역 교통 월별 행선지 분석 전체,교통및물류 - 물류등기타,area,14,15139519,경상북도 포항시_생활 지도 시설 현황,사회복지 - 사회복지일반,addr,10,8,0.8,6,2,경주시|상주시|안동시|영덕군|영주시,경산시|구미시|군위군|김천시|문경시
emd,15139519,경상북도 포항시_생활 지도 시설 현황,사회복지 - 사회복지일반,addr,84,ep_pohangArpltnEnvrn,경상북도 포항시_대기오염 환경,,msrstn_nm,10,8,0.8,76,2,포항시|대도동|포항시|대송면|포항시|송도동|포항시|연일읍|포항시|오천읍,경주시|강동면|군위군|군위읍|봉화군|봉화읍|봉화군|신내동|상주시|공성면
emd,15157767,경상북도 영천시_공장 현황,산업·통상·중소기업 - 산업·중소기업일반,lotAddr,33,15157795,경상북도 영천시_동물병원 현황,농림 - 임업·산촌,addr,10,8,0.8,25,2,영천시|금호읍|영천시|도림동|영천시|북안면|영천시|성내동|영천시|야사동,영천시|고경면|영천시|괴연동|영천시|금노동|영천시|녹전동|영천시|대전동
emd,15157794,경상북도 영천시_체육시설업현황,문화체육관광 - 체육,lotAddr,16,15157795,경상북도 영천시_동물병원 현황,농림 - 임업·산촌,addr,10,8,0.8,8,2,영천시|금호읍|영천시|문내동|영천시|문외동|영천시|성내동|영천시|야사동,영천시|고경면|영천시|교촌동|영천시|도림동|영천시|망정동|영천시|북안면
emd,15157795,경상북도 영천시_동물병원 현황,농림 - 임업·산촌,addr,10,15157799,경상북도 영천시_미용업현황,보건 - 보건의료,roadAddr,23,8,0.8,2,15,영천시|금호읍|영천시|문내동|영천시|북안면|영천시|성내동|영천시|야사동,영천시|가동|영천시|고경면|영천시|구읍|영천시|대창면|영천시|도림동
emd,15000736_getHsptlBassInfoInqire,국립중앙의료원_전국 병·의원 찾기 서비스,보건 - 보건의료,dutyAddr,286,ep_YeongcheonPharmacy,경상북도 영천시_약국 현황,보건 - 식품의약안전,roadAddr,5,4,0.8,282,1,영천시|금호읍|영천시|대창면|영천시|북안면|영천시|신녕면,경산시|남산면|경산시|남천면|경산시|사동|경산시|삼풍동|경산시|압량면
emd,15000736_getHsptlMdcncFullDown,국립중앙의료원_전국 병·의원 찾기 서비스,보건 - 보건의료,dutyAddr,288,ep_YeongcheonPharmacy,경상북도 영천시_약국 현황,보건 - 식품의약안전,roadAddr,5,4,0.8,284,1,영천시|금호읍|영천시|대창면|영천시|북안면|영천시|신녕면,경산시|남산면|경산시|남천면|경산시|사동|경산시|삼풍동|경산시|압량면
emd,15097234,경상북도 구미시_문화재 정보,문화체육관광 - 문화재,locplc,21,15097251,경상북도 구미시_가축분뇨 배출시설 설치 허가 농가,환경 - 환경일반,locplc,5,4,0.8,17,1,구미시|고아읍|구미시|도개면|구미시|선산읍|구미시|해평면,구미시|구평동|구미시|구포동|구미시|남통동|구미시|무을면|구미시|봉곡동
emd,15097251,경상북도 구미시_가축분뇨 배출시설 설치 허가 농가,환경 - 환경일반,locplc,5,15124615,경상북도 상주시_계약 정보,일반공공행정 - 일반행정,CNTRCT_TRGET_LC,190,4,0.8,1,186,구미시|고아읍|구미시|도개면|구미시|선산읍|구미시|해평면,경산시|계양동|경산시|남천면|경산시|사정동|경산시|삼풍동|경산시|신교동
emd,15110876,경상북도 영주시_일반음식점 입식테이블 설치지원 업소현황,일반공공행정 - 일반행정,ADRES,8,15110898,경상북도 영주시_장기요양시설,사회복지 - 사회복지일반,ADRES,5,4,0.8,4,1,영주시|순흥면|영주시|영주동|영주시|풍기읍|영주시|휴천동,영주시|단산면|영주시|문수면|영주시|봉현면|영주시|부석면|영주시|안정면
emd,15110882,경상북도 영주시_산지전용허가 현황,농림 - 농업·농촌,LOCPLC,11,15110899,경상북도 영주시_장애인복지시설,사회복지 - 사회복지일반,RDNMADR,5,4,0.8,7,1,영주시|단산면|영주시|문수면|영주시|안정면|영주시|풍기읍,영주시|가흥동|영주시|문정동|영주시|봉현면|영주시|상망동|영주시|이산면
emd,15110897,경상북도 영주시_노인복지시설,사회복지 - 사회복지일반,RDNMADR,9,15110898,경상북도 영주시_장기요양시설,사회복지 - 사회복지일반,ADRES,5,4,0.8,5,1,영주시|문수면|영주시|순흥면|영주시|풍기읍|영주시|휴천동,영주시|봉현면|영주시|안정면|영주시|영주동|영주시|장수면|영주시|평은면
emd,15110898,경상북도 영주시_장기요양시설,사회복지 - 사회복지일반,ADRES,5,15110900,경상북도 영주시_농촌관광시설 현황,문화체육관광 - 문화체육관광일반,RDNMADR,7,4,0.8,1,3,영주시|문수면|영주시|순흥면|영주시|영주동|영주시|풍기읍,영주시|봉현면|영주시|부석면|영주시|평은면|영주시|휴천동
emd,15110898,경상북도 영주시_장기요양시설,사회복지 - 사회복지일반,ADRES,5,15110913,경상북도 영주시_토지재산,지역개발 - 지역및도시,LOCPLC,19,4,0.8,1,15,영주시|문수면|영주시|영주동|영주시|풍기읍|영주시|휴천동,영주시|가흥동|영주시|고현동|영주시|문정동|영주시|상망동|영주시|상줄동
emd,15110898,경상북도 영주시_장기요양시설,사회복지 - 사회복지일반,ADRES,5,15110920,경상북도 영주시_태양광발전사업 허가내역,산업·통상·중소기업 - 에너지및자원개발,INSTL_PLACE,19,4,0.8,1,15,영주시|문수면|영주시|순흥면|영주시|풍기읍|영주시|휴천동,영주시|가흥동|영주시|고현동|영주시|단산면|영주시|문정동|영주시|봉현면
emd,15110898,경상북도 영주시_장기요양시설,사회복지 - 사회복지일반,ADRES,5,15143756,경상북도_사회적기업 현황조회,교통및물류 - 물류등기타,roadaddr,124,4,0.8,1,120,영주시|문수면|영주시|순흥면|영주시|영주동|영주시|풍기읍,경산시|남산면|경산시|압량읍|경산시|와촌면|경산시|용성면|경산시|자인면
emd,15110899,경상북도 영주시_장애인복지시설,사회복지 - 사회복지일반,RDNMADR,5,15110913,경상북도 영주시_토지재산,지역개발 - 지역및도시,LOCPLC,19,4,0.8,1,15,영주시|문수면|영주시|안정면|영주시|이산면|영주시|풍기읍,영주시|가흥동|영주시|고현동|영주시|단산면|영주시|문정동|영주시|상망동
emd,15124615,경상북도 상주시_계약 정보,일반공공행정 - 일반행정,CNTRCT_TRGET_LC,190,15157805,경상북도 영천시_임신부 할인업소 현황,보건 - 식품의약안전,addr,5,4,0.8,186,1,영천시|금호읍|영천시|신녕면|영천시|임고면|영천시|청통면,경산시|계양동|경산시|남천면|경산시|사정동|경산시|삼풍동|경산시|신교동
emd,15124615,경상북도 상주시_계약 정보,일반공공행정 - 일반행정,CNTRCT_TRGET_LC,190,ep_YeongcheonPharmacy,경상북도 영천시_약국 현황,보건 - 식품의약안전,roadAddr,5,4,0.8,186,1,영천시|금호읍|영천시|대창면|영천시|신녕면|영천시|청통면,경산시|계양동|경산시|남천면|경산시|사정동|경산시|삼풍동|경산시|신교동
emd,15139519,경상북도 포항시_생활 지도 시설 현황,사회복지 - 사회복지일반,addr,84,ep_YeongcheonMedicalfacility,경상북도 영천시_의료기관현황,보건 - 식품의약안전,addr,5,4,0.8,80,1,영천시|금호읍|영천시|북안면|영천시|신녕면|영천시|완산동,경주시|강동면|군위군|군위읍|봉화군|봉화읍|봉화군|신내동|상주시|공성면
emd,15143264,경상북도_시군별 주민센터 현황,일반공공행정 - 일반행정,addr,230,ep_YeongcheonMedicalfacility,경상북도 영천시_의료기관현황,보건 - 식품의약안전,addr,5,4,0.8,226,1,영천시|고경면|영천시|금호읍|영천시|북안면|영천시|신녕면,경산시|남산면|경산시|남천면|경산시|압량읍|경산시|와촌면|경산시|용성면
emd,15143265,경상북도_공중화장실 정보 조회,보건 - 보건의료,addr,437,15157773,경상북도 영천시_착한가격업소 현황,지역개발 - 지역및도시,roadAddr,5,4,0.8,433,1,영천시|고경면|영천시|문외동|영천시|신녕면|영천시|화북면,경산시|갑제동|경산시|계양동|경산시|남산면|경산시|남천면|경산시|대평동
emd,15143780,경상북도_어린이보호구역 정보조회,사회복지 - 보육·가족및여성,addr,227,15157805,경상북도 영천시_임신부 할인업소 현황,보건 - 식품의약안전,addr,5,4,0.8,223,1,영천시|금호읍|영천시|북안면|영천시|신녕면|영천시|임고면,김천시|감문면|김천시|감천면|김천시|개령면|김천시|구성면|김천시|남면
emd,15143780,경상북도_어린이보호구역 정보조회,사회복지 - 보육·가족및여성,addr,227,ep_YeongcheonFarmproduction,경상북도 영천시_농산물산지 현황,,addr,5,4,0.8,223,1,영천시|금호읍|영천시|신녕면|영천시|임고면|영천시|화남면,김천시|감문면|김천시|감천면|김천시|개령면|김천시|구성면|김천시|남면
emd,15143795,경상북도_노인복지시설 현황조회,사회복지 - 노인·청소년,fcltAddr,203,15157773,경상북도 영천시_착한가격업소 현황,지역개발 - 지역및도시,roadAddr,5,4,0.8,199,1,영천시|고경면|영천시|문외동|영천시|신녕면|영천시|중앙동,경산시|가동|경산시|계양동|경산시|남산면|경산시|남천면|경산시|대평동
emd,15157773,경상북도 영천시_착한가격업소 현황,지역개발 - 지역및도시,roadAddr,5,15157792,경상북도 영천시_지진재난 이재민수용시설 현황,공공질서및안전 - 안전관리,addr,13,4,0.8,1,9,영천시|고경면|영천시|신녕면|영천시|중앙동|영천시|화북면,영천시|구읍|영천시|금호읍|영천시|대창면|영천시|문외동|영천시|북안면
emd,15157773,경상북도 영천시_착한가격업소 현황,지역개발 - 지역및도시,roadAddr,5,15157799,경상북도 영천시_미용업현황,보건 - 보건의료,roadAddr,23,4,0.8,1,19,영천시|고경면|영천시|신녕면|영천시|중앙동|영천시|화북면,영천시|가동|영천시|구읍|영천시|금호읍|영천시|대창면|영천시|망정동
emd,15157773,경상북도 영천시_착한가격업소 현황,지역개발 - 지역및도시,roadAddr,5,15157807,경상북도 영천시_동네 체육시설 현황,문화체육관광 - 체육,lotAddr,39,4,0.8,1,35,영천시|고경면|영천시|문외동|영천시|신녕면|영천시|화북면,영천시|과전동|영천시|교촌동|영천시|금노동|영천시|금호읍|영천시|남부동
emd,15157773,경상북도 영천시_착한가격업소 현황,지역개발 - 지역및도시,roadAddr,5,15157816,경상북도 영천시_강우량시설 현황,환경 - 대기,lotAddr,13,4,0.8,1,9,영천시|고경면|영천시|문외동|영천시|신녕면|영천시|화북면,영천시|금호읍|영천시|대창면|영천시|범어동|영천시|북안면|영천시|임고면
emd,15157773,경상북도 영천시_착한가격업소 현황,지역개발 - 지역및도시,roadAddr,5,15157822,경상북도 영천시_부동산중개업 현황,지역개발 - 지역및도시,addr,21,4,0.8,1,17,영천시|고경면|영천시|문외동|영천시|신녕면|영천시|중앙동,영천시|구읍|영천시|금노동|영천시|금호읍|영천시|대창면|영천시|도동
emd,15157773,경상북도 영천시_착한가격업소 현황,지역개발 - 지역및도시,roadAddr,5,15157827,경상북도 영천시_전문건설업 현황,지역개발 - 산업단지,roadAddr,13,4,0.8,1,9,영천시|고경면|영천시|신녕면|영천시|중앙동|영천시|화북면,영천시|금호읍|영천시|대창면|영천시|도동|영천시|문외동|영천시|북안면
emd,15157773,경상북도 영천시_착한가격업소 현황,지역개발 - 지역및도시,roadAddr,5,15157829,경상북도 영천시_상수도원격검침 지역별 현황,지역개발 - 수자원,area,16,4,0.8,1,12,영천시|고경면|영천시|신녕면|영천시|중앙동|영천시|화북면,영천시|금호읍|영천시|남부동|영천시|대창면|영천시|동부동|영천시|문외동
emd,15157773,경상북도 영천시_착한가격업소 현황,지역개발 - 지역및도시,roadAddr,5,ep_YeongcheonCCTV,경상북도 영천시_CCTV 현황,일반공공행정 - 일반행정,lotAddr,40,4,0.8,1,36,영천시|고경면|영천시|문외동|영천시|신녕면|영천시|화북면,영천시|과전동|영천시|괴연동|영천시|교촌동|영천시|금노동|영천시|금호읍
emd,15157773,경상북도 영천시_착한가격업소 현황,지역개발 - 지역및도시,roadAddr,5,ep_YeongcheonRestaurants,경상북도 영천시_일반음식점현황,보건 - 식품의약안전,lotAddr,37,4,0.8,1,33,영천시|고경면|영천시|문외동|영천시|신녕면|영천시|화북면,영천시|과전동|영천시|괴연동|영천시|교촌동|영천시|금노동|영천시|금호읍
emd,15157792,경상북도 영천시_지진재난 이재민수용시설 현황,공공질서및안전 - 안전관리,addr,13,ep_YeongcheonMedicalfacility,경상북도 영천시_의료기관현황,보건 - 식품의약안전,addr,5,4,0.8,9,1,영천시|고경면|영천시|금호읍|영천시|북안면|영천시|신녕면,영천시|구읍|영천시|대창면|영천시|완산동|영천시|임고면|영천시|자양면
emd,15157793,경상북도 영천시_군장병 할인업소 현황,보건 - 식품의약안전,addr,9,15157805,경상북도 영천시_임신부 할인업소 현황,보건 - 식품의약안전,addr,5,4,0.8,5,1,영천시|금호읍|영천시|북안면|영천시|임고면|영천시|청통면,영천시|고경면|영천시|과전동|영천시|신녕면|영천시|야사동|영천시|완산동
emd,15157793,경상북도 영천시_군장병 할인업소 현황,보건 - 식품의약안전,addr,9,ep_YeongcheonMedicalfacility,경상북도 영천시_의료기관현황,보건 - 식품의약안전,addr,5,4,0.8,5,1,영천시|고경면|영천시|금호읍|영천시|북안면|영천시|완산동,영천시|과전동|영천시|신녕면|영천시|야사동|영천시|임고면|영천시|중앙동
emd,15157794,경상북도 영천시_체육시설업현황,문화체육관광 - 체육,lotAddr,16,15157805,경상북도 영천시_임신부 할인업소 현황,보건 - 식품의약안전,addr,5,4,0.8,12,1,영천시|금호읍|영천시|신녕면|영천시|임고면|영천시|청통면,영천시|고경면|영천시|교촌동|영천시|망정동|영천시|문내동|영천시|문외동
emd,15157794,경상북도 영천시_체육시설업현황,문화체육관광 - 체육,lotAddr,16,ep_YeongcheonMedicalfacility,경상북도 영천시_의료기관현황,보건 - 식품의약안전,addr,5,4,0.8,12,1,영천시|고경면|영천시|금호읍|영천시|신녕면|영천시|완산동,영천시|교촌동|영천시|망정동|영천시|문내동|영천시|문외동|영천시|북안면
emd,15157800,경상북도 영천시_의료기기판매업소 현황,보건 - 보건의료,addr,16,ep_YeongcheonFarmproduction,경상북도 영천시_농산물산지 현황,,addr,5,4,0.8,12,1,영천시|금호읍|영천시|신녕면|영천시|임고면|영천시|청통면,영천시|고경면|영천시|대창면|영천시|망정동|영천시|문외동|영천시|봉동
emd,15157805,경상북도 영천시_임신부 할인업소 현황,보건 - 식품의약안전,addr,5,15157808,경상북도 영천시_캠핑장현황,문화체육관광 - 관광,addr,8,4,0.8,1,4,영천시|금호읍|영천시|신녕면|영천시|임고면|영천시|청통면,영천시|고경면|영천시|대창면|영천시|북안면|영천시|자양면|영천시|화북면
emd,15157805,경상북도 영천시_임신부 할인업소 현황,보건 - 식품의약안전,addr,5,15157811,경상북도 영천시_안전상비의약품 판매업 현황,보건 - 보건의료,addr,12,4,0.8,1,8,영천시|금호읍|영천시|신녕면|영천시|임고면|영천시|청통면,영천시|대창면|영천시|망정동|영천시|봉동|영천시|북안면|영천시|상가동
emd,15157805,경상북도 영천시_임신부 할인업소 현황,보건 - 식품의약안전,addr,5,15157832,경상북도 영천시_경질유 중질유 사용업체현황,환경 - 대기,addr,7,4,0.8,1,3,영천시|금호읍|영천시|북안면|영천시|신녕면|영천시|청통면,영천시|고경면|영천시|대창면|영천시|임고면|영천시|화산면
emd,15157805,경상북도 영천시_임신부 할인업소 현황,보건 - 식품의약안전,addr,5,15157838,경상북도 영천시_농어촌민박 현황,문화체육관광 - 관광,lotAddr,12,4,0.8,1,8,영천시|금호읍|영천시|신녕면|영천시|임고면|영천시|청통면,영천시|고경면|영천시|대창면|영천시|북안면|영천시|오미동|영천시|완산동
emd,15157805,경상북도 영천시_임신부 할인업소 현황,보건 - 식품의약안전,addr,5,ep_YeongcheonFarmproduction,경상북도 영천시_농산물산지 현황,,addr,5,4,0.8,1,1,영천시|금호읍|영천시|신녕면|영천시|임고면|영천시|청통면,영천시|북안면|영천시|화남면
emd,15157805,경상북도 영천시_임신부 할인업소 현황,보건 - 식품의약안전,addr,5,ep_YeongcheonPharmacy,경상북도 영천시_약국 현황,보건 - 식품의약안전,roadAddr,5,4,0.8,1,1,영천시|금호읍|영천시|북안면|영천시|신녕면|영천시|청통면,영천시|대창면|영천시|임고면
emd,15157805,경상북도 영천시_임신부 할인업소 현황,보건 - 식품의약안전,addr,5,ep_YeongchoenSeniorwelfare,경상북도 영천시_노인복지시설 현황,사회복지 - 노인·청소년,roadAddr,7,4,0.8,1,3,영천시|금호읍|영천시|북안면|영천시|임고면|영천시|청통면,영천시|고경면|영천시|신녕면|영천시|화남면|영천시|화산면
emd,15157808,경상북도 영천시_캠핑장현황,문화체육관광 - 관광,addr,8,ep_YeongcheonFarmproduction,경상북도 영천시_농산물산지 현황,,addr,5,4,0.8,4,1,영천시|금호읍|영천시|신녕면|영천시|임고면|영천시|청통면,영천시|고경면|영천시|대창면|영천시|자양면|영천시|화남면|영천시|화북면
emd,15157808,경상북도 영천시_캠핑장현황,문화체육관광 - 관광,addr,8,ep_YeongcheonPharmacy,경상북도 영천시_약국 현황,보건 - 식품의약안전,roadAddr,5,4,0.8,4,1,영천시|금호읍|영천시|대창면|영천시|신녕면|영천시|청통면,영천시|고경면|영천시|북안면|영천시|임고면|영천시|자양면|영천시|화북면
emd,15157809,경상북도 영천시_직업소개소 현황,지역개발 - 지역및도시,roadAddr,7,ep_YeongcheonFarmproduction,경상북도 영천시_농산물산지 현황,,addr,5,4,0.8,3,1,영천시|금호읍|영천시|신녕면|영천시|청통면|영천시|화남면,영천시|고경면|영천시|구읍|영천시|임고면|영천시|중앙동
emd,15157811,경상북도 영천시_안전상비의약품 판매업 현황,보건 - 보건의료,addr,12,ep_YeongcheonPharmacy,경상북도 영천시_약국 현황,보건 - 식품의약안전,roadAddr,5,4,0.8,8,1,영천시|금호읍|영천시|대창면|영천시|신녕면|영천시|청통면,영천시|망정동|영천시|봉동|영천시|북안면|영천시|상가동|영천시|완산동
emd,15157812,경상북도 영천시_제설(모래) 배치현황,공공질서및안전 - 안전관리,dept,11,ep_YeongcheonMedicalfacility,경상북도 영천시_의료기관현황,보건 - 식품의약안전,addr,5,4,0.8,7,1,영천시|고경면|영천시|금호읍|영천시|북안면|영천시|신녕면,영천시|대창면|영천시|완산동|영천시|임고면|영천시|자양면|영천시|청통면
emd,15157816,경상북도 영천시_강우량시설 현황,환경 - 대기,lotAddr,13,ep_YeongcheonMedicalfacility,경상북도 영천시_의료기관현황,보건 - 식품의약안전,addr,5,4,0.8,9,1,영천시|고경면|영천시|금호읍|영천시|북안면|영천시|신녕면,영천시|대창면|영천시|문외동|영천시|범어동|영천시|완산동|영천시|임고면
emd,15157817,경상북도 영천시_면직물 생산공장 현황,산업·통상·중소기업 - 산업·중소기업일반,lotAddr,14,ep_YeongcheonMedicalfacility,경상북도 영천시_의료기관현황,보건 - 식품의약안전,addr,5,4,0.8,10,1,영천시|고경면|영천시|금호읍|영천시|북안면|영천시|신녕면,영천시|녹전동|영천시|대창면|영천시|망정동|영천시|신기동|영천시|언하동
emd,15157824,경상북도 영천시_마을회관현황,사회복지 - 사회복지일반,addr,11,ep_YeongcheonMedicalfacility,경상북도 영천시_의료기관현황,보건 - 식품의약안전,addr,5,4,0.8,7,1,영천시|고경면|영천시|금호읍|영천시|북안면|영천시|신녕면,영천시|대창면|영천시|완산동|영천시|임고면|영천시|자양면|영천시|청통면
emd,15157827,경상북도 영천시_전문건설업 현황,지역개발 - 산업단지,roadAddr,13,ep_YeongcheonMedicalfacility,경상북도 영천시_의료기관현황,보건 - 식품의약안전,addr,5,4,0.8,9,1,영천시|고경면|영천시|금호읍|영천시|북안면|영천시|신녕면,영천시|대창면|영천시|도동|영천시|석동|영천시|완산동|영천시|임고면
emd,15157832,경상북도 영천시_경질유 중질유 사용업체현황,환경 - 대기,addr,7,ep_YeongcheonMedicalfacility,경상북도 영천시_의료기관현황,보건 - 식품의약안전,addr,5,4,0.8,3,1,영천시|고경면|영천시|금호읍|영천시|북안면|영천시|신녕면,영천시|대창면|영천시|완산동|영천시|청통면|영천시|화산면
emd,15157833,경상북도 영천시_저수지 보수보강 현황,농림 - 농업·농촌,addr,21,ep_YeongcheonMedicalfacility,경상북도 영천시_의료기관현황,보건 - 식품의약안전,addr,5,4,0.8,17,1,영천시|고경면|영천시|금호읍|영천시|북안면|영천시|신녕면,영천시|괴연동|영천시|금노동|영천시|대창면|영천시|도림동|영천시|망정동
emd,15157838,경상북도 영천시_농어촌민박 현황,문화체육관광 - 관광,lotAddr,12,ep_YeongcheonMedicalfacility,경상북도 영천시_의료기관현황,보건 - 식품의약안전,addr,5,4,0.8,8,1,영천시|고경면|영천시|금호읍|영천시|신녕면|영천시|완산동,영천시|대창면|영천시|북안면|영천시|오미동|영천시|임고면|영천시|자양면
emd,15157838,경상북도 영천시_농어촌민박 현황,문화체육관광 - 관광,lotAddr,12,ep_YeongcheonPharmacy,경상북도 영천시_약국 현황,보건 - 식품의약안전,roadAddr,5,4,0.8,8,1,영천시|금호읍|영천시|대창면|영천시|신녕면|영천시|청통면,영천시|고경면|영천시|북안면|영천시|오미동|영천시|완산동|영천시|임고면
emd,ep_YeongcheonFarmproduction,경상북도 영천시_농산물산지 현황,,addr,5,ep_YeongchoenSeniorwelfare,경상북도 영천시_노인복지시설 현황,사회복지 - 노인·청소년,roadAddr,7,4,0.8,1,3,영천시|금호읍|영천시|임고면|영천시|청통면|영천시|화남면,영천시|고경면|영천시|북안면|영천시|신녕면|영천시|화산면
emd,15124614,경상북도 상주시_일반 건축물 시가 표준액,일반공공행정 - 일반행정,ADRES,54,15124615,경상북도 상주시_계약 정보,일반공공행정 - 일반행정,CNTRCT_TRGET_LC,190,43,0.796,11,147,상주시|개운동|상주시|거동동|상주시|계산동|상주시|공검면|상주시|공성면,경산시|계양동|경산시|남천면|경산시|사정동|경산시|삼풍동|경산시|신교동
emd,15110913,경상북도 영주시_토지재산,지역개발 - 지역및도시,LOCPLC,19,15110920,경상북도 영주시_태양광발전사업 허가내역,산업·통상·중소기업 - 에너지및자원개발,INSTL_PLACE,19,15,0.789,4,4,영주시|가흥동|영주시|고현동|영주시|문수면|영주시|문정동|영주시|상망동,영주시|단산면|영주시|봉현면|영주시|부석면|영주시|순흥면|영주시|아지동
sgg,15097246,경상북도 구미시_일반 음식점,문화체육관광 - 관광,bssh_nm,16,15139504,경상북도 포항시_광역 교통 월별 행선지 분석 전체,교통및물류 - 물류등기타,area,14,11,0.786,5,3,구미시|김천시|문경시|안동시|영덕군,경산시|경주시|고령군|상주시|성주군
emd,15097238,경상북도 구미시_화학 물질 누출 대응 시스템 취급업체,공공질서및안전 - 안전관리,adres,14,15097246,경상북도 구미시_일반 음식점,문화체육관광 - 관광,locplcrn,50,11,0.786,3,39,구미시|가동|구미시|고아읍|구미시|공단동|구미시|구포동|구미시|금전동,구미시|가동동|구미시|거의동|구미시|광평동|구미시|구평동|구미시|나동
emd,15097248,경상북도 구미시_어린이 보호 구역,공공질서및안전 - 안전관리,lnm_adres,32,15097253,경상북도 구미시_노인 복지 시설 현황,사회복지 - 노인·청소년,instt_adres,14,11,0.786,21,3,구미시|고아읍|구미시|무을면|구미시|봉곡동|구미시|사곡동|구미시|산동읍,구미시|가동|구미시|공단동|구미시|광평동|구미시|구평동|구미시|구포동
emd,15097249,경상북도 구미시_경로당,사회복지 - 노인·청소년,lnm_adres,36,15097253,경상북도 구미시_노인 복지 시설 현황,사회복지 - 노인·청소년,instt_adres,14,11,0.786,25,3,구미시|고아읍|구미시|무을면|구미시|봉곡동|구미시|사곡동|구미시|산동읍,구미시|가동|구미시|거의동|구미시|공단동|구미시|광평동|구미시|구평동
emd,15097253,경상북도 구미시_노인 복지 시설 현황,사회복지 - 노인·청소년,instt_adres,14,15143265,경상북도_공중화장실 정보 조회,보건 - 보건의료,addr,437,11,0.786,3,426,구미시|고아읍|구미시|무을면|구미시|봉곡동|구미시|사곡동|구미시|산동읍,경산시|갑제동|경산시|계양동|경산시|남산면|경산시|남천면|경산시|대평동
emd,15143265,경상북도_공중화장실 정보 조회,보건 - 보건의료,addr,437,15157817,경상북도 영천시_면직물 생산공장 현황,산업·통상·중소기업 - 산업·중소기업일반,lotAddr,14,11,0.786,426,3,영천시|고경면|영천시|금호읍|영천시|대창면|영천시|망정동|영천시|북안면,경산시|갑제동|경산시|계양동|경산시|남산면|경산시|남천면|경산시|대평동
emd,15157817,경상북도 영천시_면직물 생산공장 현황,산업·통상·중소기업 - 산업·중소기업일반,lotAddr,14,15157833,경상북도 영천시_저수지 보수보강 현황,농림 - 농업·농촌,addr,21,11,0.786,3,10,영천시|고경면|영천시|금호읍|영천시|대창면|영천시|망정동|영천시|북안면,영천시|괴연동|영천시|금노동|영천시|녹전동|영천시|도림동|영천시|본촌동
emd,15000736_getHsptlMdcncListInfoInqire,국립중앙의료원_전국 병·의원 찾기 서비스,보건 - 보건의료,dutyAddr,308,15124612,경상북도 상주시_축산물 판매업 현황,농림 - 농업·농촌,RDNMADR,23,18,0.783,290,5,상주시|공검면|상주시|공성면|상주시|낙동면|상주시|남성동|상주시|모동면,경산시|남산면|경산시|남천면|경산시|사동|경산시|삼풍동|경산시|압량면
emd,15143756,경상북도_사회적기업 현황조회,교통및물류 - 물류등기타,roadaddr,124,15143795,경상북도_노인복지시설 현황조회,사회복지 - 노인·청소년,fcltAddr,203,97,0.782,27,106,경산시|남산면|경산시|압량읍|경산시|와촌면|경산시|용성면|경산시|자인면,경산시|가동|경산시|계양동|경산시|남천면|경산시|대평동|경산시|사동
emd,15000736_getHsptlBassInfoInqire,국립중앙의료원_전국 병·의원 찾기 서비스,보건 - 보건의료,dutyAddr,286,15110904,경상북도 영주시_연도별 주요기업 유치현황,산업·통상·중소기업 - 산업·중소기업일반,LC,9,7,0.778,279,2,영주시|가흥동|영주시|문수면|영주시|부석면|영주시|안정면|영주시|영주동,경산시|남산면|경산시|남천면|경산시|사동|경산시|삼풍동|경산시|압량면
emd,15000736_getHsptlMdcncFullDown,국립중앙의료원_전국 병·의원 찾기 서비스,보건 - 보건의료,dutyAddr,288,15110904,경상북도 영주시_연도별 주요기업 유치현황,산업·통상·중소기업 - 산업·중소기업일반,LC,9,7,0.778,281,2,영주시|가흥동|영주시|문수면|영주시|부석면|영주시|안정면|영주시|영주동,경산시|남산면|경산시|남천면|경산시|사동|경산시|삼풍동|경산시|압량면
emd,15000736_getHsptlMdcncListInfoInqire,국립중앙의료원_전국 병·의원 찾기 서비스,보건 - 보건의료,dutyAddr,308,15110904,경상북도 영주시_연도별 주요기업 유치현황,산업·통상·중소기업 - 산업·중소기업일반,LC,9,7,0.778,301,2,영주시|가흥동|영주시|문수면|영주시|부석면|영주시|안정면|영주시|영주동,경산시|남산면|경산시|남천면|경산시|사동|경산시|삼풍동|경산시|압량면
emd,15110872,경상북도 영주시_안심식당 현황,문화체육관광 - 관광,ADRES,9,15143756,경상북도_사회적기업 현황조회,교통및물류 - 물류등기타,roadaddr,124,7,0.778,2,117,영주시|문수면|영주시|봉현면|영주시|부석면|영주시|순흥면|영주시|안정면,경산시|남산면|경산시|압량읍|경산시|와촌면|경산시|용성면|경산시|자인면
emd,15110882,경상북도 영주시_산지전용허가 현황,농림 - 농업·농촌,LOCPLC,11,15110897,경상북도 영주시_노인복지시설,사회복지 - 사회복지일반,RDNMADR,9,7,0.778,4,2,영주시|문수면|영주시|봉현면|영주시|안정면|영주시|평은면|영주시|풍기읍,영주시|가흥동|영주시|단산면|영주시|문정동|영주시|상망동|영주시|순흥면
emd,15110883,경상북도 영주시_보건지소 및 진료소 현황,보건 - 보건의료,LC,10,15110897,경상북도 영주시_노인복지시설,사회복지 - 사회복지일반,RDNMADR,9,7,0.778,3,2,영주시|문수면|영주시|봉현면|영주시|순흥면|영주시|안정면|영주시|장수면,영주시|단산면|영주시|부석면|영주시|이산면|영주시|하망동|영주시|휴천동
emd,15110897,경상북도 영주시_노인복지시설,사회복지 - 사회복지일반,RDNMADR,9,15110913,경상북도 영주시_토지재산,지역개발 - 지역및도시,LOCPLC,19,7,0.778,2,12,영주시|문수면|영주시|안정면|영주시|장수면|영주시|평은면|영주시|풍기읍,영주시|가흥동|영주시|고현동|영주시|문정동|영주시|봉현면|영주시|상망동
emd,15110897,경상북도 영주시_노인복지시설,사회복지 - 사회복지일반,RDNMADR,9,15143264,경상북도_시군별 주민센터 현황,일반공공행정 - 일반행정,addr,230,7,0.778,2,223,영주시|문수면|영주시|봉현면|영주시|순흥면|영주시|안정면|영주시|장수면,경산시|남산면|경산시|남천면|경산시|압량읍|경산시|와촌면|경산시|용성면
emd,15110904,경상북도 영주시_연도별 주요기업 유치현황,산업·통상·중소기업 - 산업·중소기업일반,LC,9,15110920,경상북도 영주시_태양광발전사업 허가내역,산업·통상·중소기업 - 에너지및자원개발,INSTL_PLACE,19,7,0.778,2,12,영주시|가흥동|영주시|문수면|영주시|부석면|영주시|상줄동|영주시|안정면,영주시|고현동|영주시|단산면|영주시|문정동|영주시|봉현면|영주시|상망동
emd,15110904,경상북도 영주시_연도별 주요기업 유치현황,산업·통상·중소기업 - 산업·중소기업일반,LC,9,15143780,경상북도_어린이보호구역 정보조회,사회복지 - 보육·가족및여성,addr,227,7,0.778,2,220,영주시|가흥동|영주시|문수면|영주시|부석면|영주시|안정면|영주시|영주동,김천시|감문면|김천시|감천면|김천시|개령면|김천시|구성면|김천시|남면
emd,15143265,경상북도_공중화장실 정보 조회,보건 - 보건의료,addr,437,15157793,경상북도 영천시_군장병 할인업소 현황,보건 - 식품의약안전,addr,9,7,0.778,430,2,영천시|고경면|영천시|금호읍|영천시|북안면|영천시|야사동|영천시|완산동,경산시|갑제동|경산시|계양동|경산시|남산면|경산시|남천면|경산시|대평동
emd,15157767,경상북도 영천시_공장 현황,산업·통상·중소기업 - 산업·중소기업일반,lotAddr,33,15157793,경상북도 영천시_군장병 할인업소 현황,보건 - 식품의약안전,addr,9,7,0.778,26,2,영천시|고경면|영천시|금호읍|영천시|북안면|영천시|야사동|영천시|완산동,영천시|과전동|영천시|괴연동|영천시|금노동|영천시|녹전동|영천시|대전동
emd,15157793,경상북도 영천시_군장병 할인업소 현황,보건 - 식품의약안전,addr,9,15157829,경상북도 영천시_상수도원격검침 지역별 현황,지역개발 - 수자원,area,16,7,0.778,2,9,영천시|고경면|영천시|금호읍|영천시|북안면|영천시|완산동|영천시|임고면,영천시|과전동|영천시|남부동|영천시|대창면|영천시|동부동|영천시|서부동
emd,15000736_getHsptlBassInfoInqire,국립중앙의료원_전국 병·의원 찾기 서비스,보건 - 보건의료,dutyAddr,286,15124610,경상북도 상주시_담배 소매인,문화체육관광 - 문화체육관광일반,RDNMADR,22,17,0.773,269,5,상주시|공검면|상주시|공성면|상주시|낙동면|상주시|내서면|상주시|모동면,경산시|남산면|경산시|남천면|경산시|사동|경산시|삼풍동|경산시|압량면
emd,15000736_getHsptlMdcncListInfoInqire,국립중앙의료원_전국 병·의원 찾기 서비스,보건 - 보건의료,dutyAddr,308,15157827,경상북도 영천시_전문건설업 현황,지역개발 - 산업단지,roadAddr,13,10,0.769,298,3,영천시|고경면|영천시|금호읍|영천시|대창면|영천시|북안면|영천시|신녕면,경산시|남산면|경산시|남천면|경산시|사동|경산시|삼풍동|경산시|압량면
emd,15097247,경상북도 구미시_저수지 현황,농림 - 농업·농촌,adres,13,15097250,경상북도 구미시_공공와이파이 현황,통신 - 방송통신,locplc_rdnmadr,35,10,0.769,3,25,구미시|고아읍|구미시|도개면|구미시|도량동|구미시|무을면|구미시|산동읍,구미시|거의동|구미시|공단동|구미시|광평동|구미시|구평동|구미시|구포동
emd,15143264,경상북도_시군별 주민센터 현황,일반공공행정 - 일반행정,addr,230,15157792,경상북도 영천시_지진재난 이재민수용시설 현황,공공질서및안전 - 안전관리,addr,13,10,0.769,220,3,영천시|고경면|영천시|금호읍|영천시|대창면|영천시|북안면|영천시|신녕면,경산시|남산면|경산시|남천면|경산시|압량읍|경산시|와촌면|경산시|용성면
emd,15143264,경상북도_시군별 주민센터 현황,일반공공행정 - 일반행정,addr,230,15157816,경상북도 영천시_강우량시설 현황,환경 - 대기,lotAddr,13,10,0.769,220,3,영천시|고경면|영천시|금호읍|영천시|대창면|영천시|북안면|영천시|신녕면,경산시|남산면|경산시|남천면|경산시|압량읍|경산시|와촌면|경산시|용성면
emd,15143265,경상북도_공중화장실 정보 조회,보건 - 보건의료,addr,437,15157827,경상북도 영천시_전문건설업 현황,지역개발 - 산업단지,roadAddr,13,10,0.769,427,3,영천시|고경면|영천시|금호읍|영천시|대창면|영천시|북안면|영천시|신녕면,경산시|갑제동|경산시|계양동|경산시|남산면|경산시|남천면|경산시|대평동
emd,15143795,경상북도_노인복지시설 현황조회,사회복지 - 노인·청소년,fcltAddr,203,15157792,경상북도 영천시_지진재난 이재민수용시설 현황,공공질서및안전 - 안전관리,addr,13,10,0.769,193,3,영천시|고경면|영천시|금호읍|영천시|대창면|영천시|북안면|영천시|신녕면,경산시|가동|경산시|계양동|경산시|남산면|경산시|남천면|경산시|대평동
emd,15143795,경상북도_노인복지시설 현황조회,사회복지 - 노인·청소년,fcltAddr,203,15157816,경상북도 영천시_강우량시설 현황,환경 - 대기,lotAddr,13,10,0.769,193,3,영천시|고경면|영천시|금호읍|영천시|대창면|영천시|문외동|영천시|북안면,경산시|가동|경산시|계양동|경산시|남산면|경산시|남천면|경산시|대평동
emd,15157767,경상북도 영천시_공장 현황,산업·통상·중소기업 - 산업·중소기업일반,lotAddr,33,15157792,경상북도 영천시_지진재난 이재민수용시설 현황,공공질서및안전 - 안전관리,addr,13,10,0.769,23,3,영천시|고경면|영천시|금호읍|영천시|대창면|영천시|북안면|영천시|신녕면,영천시|괴연동|영천시|구읍|영천시|금노동|영천시|녹전동|영천시|대전동
emd,15157767,경상북도 영천시_공장 현황,산업·통상·중소기업 - 산업·중소기업일반,lotAddr,33,15157816,경상북도 영천시_강우량시설 현황,환경 - 대기,lotAddr,13,10,0.769,23,3,영천시|고경면|영천시|금호읍|영천시|대창면|영천시|북안면|영천시|신녕면,영천시|괴연동|영천시|금노동|영천시|녹전동|영천시|대전동|영천시|도남동
emd,15157788,경상북도 영천시_사업장폐기물배출자신고 현황,환경 - 폐기물,lotAddr,27,15157792,경상북도 영천시_지진재난 이재민수용시설 현황,공공질서및안전 - 안전관리,addr,13,10,0.769,17,3,영천시|고경면|영천시|금호읍|영천시|대창면|영천시|북안면|영천시|신녕면,영천시|구읍|영천시|금노동|영천시|녹전동|영천시|대전동|영천시|도남동
emd,15157788,경상북도 영천시_사업장폐기물배출자신고 현황,환경 - 폐기물,lotAddr,27,15157816,경상북도 영천시_강우량시설 현황,환경 - 대기,lotAddr,13,10,0.769,17,3,영천시|고경면|영천시|금호읍|영천시|대창면|영천시|북안면|영천시|신녕면,영천시|금노동|영천시|녹전동|영천시|대전동|영천시|도남동|영천시|도동
emd,15157792,경상북도 영천시_지진재난 이재민수용시설 현황,공공질서및안전 - 안전관리,addr,13,15157800,경상북도 영천시_의료기기판매업소 현황,보건 - 보건의료,addr,16,10,0.769,3,6,영천시|고경면|영천시|금호읍|영천시|대창면|영천시|북안면|영천시|신녕면,영천시|구읍|영천시|망정동|영천시|문외동|영천시|봉동|영천시|상가동
emd,15157799,경상북도 영천시_미용업현황,보건 - 보건의료,roadAddr,23,15157816,경상북도 영천시_강우량시설 현황,환경 - 대기,lotAddr,13,10,0.769,13,3,영천시|고경면|영천시|금호읍|영천시|대창면|영천시|북안면|영천시|신녕면,영천시|가동|영천시|구읍|영천시|망정동|영천시|문내동|영천시|문외동
emd,15157800,경상북도 영천시_의료기기판매업소 현황,보건 - 보건의료,addr,16,15157816,경상북도 영천시_강우량시설 현황,환경 - 대기,lotAddr,13,10,0.769,6,3,영천시|고경면|영천시|금호읍|영천시|대창면|영천시|문외동|영천시|북안면,영천시|망정동|영천시|범어동|영천시|봉동|영천시|상가동|영천시|야사동
emd,15157800,경상북도 영천시_의료기기판매업소 현황,보건 - 보건의료,addr,16,15157827,경상북도 영천시_전문건설업 현황,지역개발 - 산업단지,roadAddr,13,10,0.769,6,3,영천시|고경면|영천시|금호읍|영천시|대창면|영천시|북안면|영천시|신녕면,영천시|도동|영천시|망정동|영천시|문외동|영천시|봉동|영천시|상가동
emd,15157816,경상북도 영천시_강우량시설 현황,환경 - 대기,lotAddr,13,15157822,경상북도 영천시_부동산중개업 현황,지역개발 - 지역및도시,addr,21,10,0.769,3,11,영천시|고경면|영천시|금호읍|영천시|대창면|영천시|문외동|영천시|북안면,영천시|구읍|영천시|금노동|영천시|도동|영천시|망정동|영천시|문내동
emd,15157816,경상북도 영천시_강우량시설 현황,환경 - 대기,lotAddr,13,15157827,경상북도 영천시_전문건설업 현황,지역개발 - 산업단지,roadAddr,13,10,0.769,3,3,영천시|고경면|영천시|금호읍|영천시|대창면|영천시|북안면|영천시|신녕면,영천시|도동|영천시|문외동|영천시|범어동|영천시|석동|영천시|자양면
emd,15157827,경상북도 영천시_전문건설업 현황,지역개발 - 산업단지,roadAddr,13,15157833,경상북도 영천시_저수지 보수보강 현황,농림 - 농업·농촌,addr,21,10,0.769,3,11,영천시|고경면|영천시|금호읍|영천시|대창면|영천시|북안면|영천시|신녕면,영천시|괴연동|영천시|금노동|영천시|도동|영천시|도림동|영천시|망정동
emd,15157827,경상북도 영천시_전문건설업 현황,지역개발 - 산업단지,roadAddr,13,15157837,경상북도 영천시_새마을회관 현황,일반공공행정 - 일반행정,lotAddr,23,10,0.769,3,13,영천시|고경면|영천시|금호읍|영천시|대창면|영천시|북안면|영천시|신녕면,영천시|교촌동|영천시|대전동|영천시|도남동|영천시|도동|영천시|범어동
emd,15000736_getHsptlMdcncFullDown,국립중앙의료원_전국 병·의원 찾기 서비스,보건 - 보건의료,dutyAddr,288,15143780,경상북도_어린이보호구역 정보조회,사회복지 - 보육·가족및여성,addr,227,174,0.767,114,53,김천시|감문면|김천시|감천면|김천시|구성면|김천시|남면|김천시|대덕면,경산시|남산면|경산시|남천면|경산시|사동|경산시|삼풍동|경산시|압량면
emd,15000736_getHsptlBassInfoInqire,국립중앙의료원_전국 병·의원 찾기 서비스,보건 - 보건의료,dutyAddr,286,15143780,경상북도_어린이보호구역 정보조회,사회복지 - 보육·가족및여성,addr,227,173,0.762,113,54,김천시|감문면|김천시|감천면|김천시|구성면|김천시|남면|김천시|대덕면,경산시|남산면|경산시|남천면|경산시|사동|경산시|삼풍동|경산시|압량면
emd,15143265,경상북도_공중화장실 정보 조회,보건 - 보건의료,addr,437,15157833,경상북도 영천시_저수지 보수보강 현황,농림 - 농업·농촌,addr,21,16,0.762,421,5,영천시|고경면|영천시|금노동|영천시|금호읍|영천시|대창면|영천시|망정동,경산시|갑제동|경산시|계양동|경산시|남산면|경산시|남천면|경산시|대평동
emd,15157767,경상북도 영천시_공장 현황,산업·통상·중소기업 - 산업·중소기업일반,lotAddr,33,15157822,경상북도 영천시_부동산중개업 현황,지역개발 - 지역및도시,addr,21,16,0.762,17,5,영천시|고경면|영천시|금노동|영천시|금호읍|영천시|대창면|영천시|도동,영천시|괴연동|영천시|구읍|영천시|녹전동|영천시|대전동|영천시|도남동
emd,15157788,경상북도 영천시_사업장폐기물배출자신고 현황,환경 - 폐기물,lotAddr,27,15157822,경상북도 영천시_부동산중개업 현황,지역개발 - 지역및도시,addr,21,16,0.762,11,5,영천시|고경면|영천시|금노동|영천시|금호읍|영천시|대창면|영천시|도동,영천시|구읍|영천시|녹전동|영천시|대전동|영천시|도남동|영천시|문외동
emd,15000736_getHsptlMdcncListInfoInqire,국립중앙의료원_전국 병·의원 찾기 서비스,보건 - 보건의료,dutyAddr,308,15124615,경상북도 상주시_계약 정보,일반공공행정 - 일반행정,CNTRCT_TRGET_LC,190,143,0.753,165,47,경산시|남천면|경산시|삼풍동|경산시|압량면|경산시|옥산동|경산시|와촌면,경산시|계양동|경산시|남산면|경산시|사동|경산시|사정동|경산시|신교동
emd,15000736_getHsptlMdcncListInfoInqire,국립중앙의료원_전국 병·의원 찾기 서비스,보건 - 보건의료,dutyAddr,308,15124611,경상북도 상주시_경로당 현황,사회복지 - 노인·청소년,EMD,24,18,0.75,290,6,상주시|공검면|상주시|공성면|상주시|낙동면|상주시|내서면|상주시|모동면,경산시|남산면|경산시|남천면|경산시|사동|경산시|삼풍동|경산시|압량면
emd,15000736_getHsptlMdcncListInfoInqire,국립중앙의료원_전국 병·의원 찾기 서비스,보건 - 보건의료,dutyAddr,308,15124613,경상북도 상주시_가축 사육업,농림 - 농업·농촌,ADSTRD,24,18,0.75,290,6,상주시|공검면|상주시|공성면|상주시|낙동면|상주시|내서면|상주시|모동면,경산시|남산면|경산시|남천면|경산시|사동|경산시|삼풍동|경산시|압량면
emd,15124609,경상북도 상주시_일반 음식점,문화체육관광 - 관광,RDNMADR,36,15124611,경상북도 상주시_경로당 현황,사회복지 - 노인·청소년,EMD,24,18,0.75,18,6,상주시|공검면|상주시|공성면|상주시|낙동면|상주시|내서면|상주시|모동면,상주시|가장동|상주시|거동동|상주시|계림동|상주시|낙양동|상주시|남성동
emd,15124609,경상북도 상주시_일반 음식점,문화체육관광 - 관광,RDNMADR,36,15124613,경상북도 상주시_가축 사육업,농림 - 농업·농촌,ADSTRD,24,18,0.75,18,6,상주시|공검면|상주시|공성면|상주시|낙동면|상주시|내서면|상주시|모동면,상주시|가장동|상주시|거동동|상주시|계림동|상주시|낙양동|상주시|남성동
emd,15124611,경상북도 상주시_경로당 현황,사회복지 - 노인·청소년,EMD,24,15143264,경상북도_시군별 주민센터 현황,일반공공행정 - 일반행정,addr,230,18,0.75,6,212,상주시|공검면|상주시|공성면|상주시|낙동면|상주시|내서면|상주시|모동면,경산시|남산면|경산시|남천면|경산시|압량읍|경산시|와촌면|경산시|용성면
emd,15124611,경상북도 상주시_경로당 현황,사회복지 - 노인·청소년,EMD,24,15143265,경상북도_공중화장실 정보 조회,보건 - 보건의료,addr,437,18,0.75,6,419,상주시|공검면|상주시|공성면|상주시|낙동면|상주시|내서면|상주시|모동면,경산시|갑제동|경산시|계양동|경산시|남산면|경산시|남천면|경산시|대평동
emd,15124613,경상북도 상주시_가축 사육업,농림 - 농업·농촌,ADSTRD,24,15143264,경상북도_시군별 주민센터 현황,일반공공행정 - 일반행정,addr,230,18,0.75,6,212,상주시|공검면|상주시|공성면|상주시|낙동면|상주시|내서면|상주시|모동면,경산시|남산면|경산시|남천면|경산시|압량읍|경산시|와촌면|경산시|용성면
emd,15124613,경상북도 상주시_가축 사육업,농림 - 농업·농촌,ADSTRD,24,15143265,경상북도_공중화장실 정보 조회,보건 - 보건의료,addr,437,18,0.75,6,419,상주시|공검면|상주시|공성면|상주시|낙동면|상주시|내서면|상주시|모동면,경산시|갑제동|경산시|계양동|경산시|남산면|경산시|남천면|경산시|대평동
emd,15097237,경상북도 구미시_농경지 용수 공급 시설,농림 - 농업·농촌,adreslnm,20,15097250,경상북도 구미시_공공와이파이 현황,통신 - 방송통신,locplc_rdnmadr,35,15,0.75,5,20,구미시|거의동|구미시|고아읍|구미시|구포동|구미시|도개면|구미시|무을면,구미시|감문면|구미시|공단동|구미시|광평동|구미시|구평동|구미시|남통동
emd,15000736_getHsptlMdcncListInfoInqire,국립중앙의료원_전국 병·의원 찾기 서비스,보건 - 보건의료,dutyAddr,308,15157829,경상북도 영천시_상수도원격검침 지역별 현황,지역개발 - 수자원,area,16,12,0.75,296,4,영천시|고경면|영천시|금호읍|영천시|대창면|영천시|북안면|영천시|신녕면,경산시|남산면|경산시|남천면|경산시|사동|경산시|삼풍동|경산시|압량면
emd,15143265,경상북도_공중화장실 정보 조회,보건 - 보건의료,addr,437,15157829,경상북도 영천시_상수도원격검침 지역별 현황,지역개발 - 수자원,area,16,12,0.75,425,4,영천시|고경면|영천시|금호읍|영천시|대창면|영천시|북안면|영천시|신녕면,경산시|갑제동|경산시|계양동|경산시|남산면|경산시|남천면|경산시|대평동
emd,15143795,경상북도_노인복지시설 현황조회,사회복지 - 노인·청소년,fcltAddr,203,15157800,경상북도 영천시_의료기기판매업소 현황,보건 - 보건의료,addr,16,12,0.75,191,4,영천시|고경면|영천시|금호읍|영천시|대창면|영천시|문외동|영천시|북안면,경산시|가동|경산시|계양동|경산시|남산면|경산시|남천면|경산시|대평동
emd,15157788,경상북도 영천시_사업장폐기물배출자신고 현황,환경 - 폐기물,lotAddr,27,15157800,경상북도 영천시_의료기기판매업소 현황,보건 - 보건의료,addr,16,12,0.75,15,4,영천시|고경면|영천시|금호읍|영천시|대창면|영천시|망정동|영천시|봉동,영천시|금노동|영천시|녹전동|영천시|대전동|영천시|도남동|영천시|도동
emd,15157794,경상북도 영천시_체육시설업현황,문화체육관광 - 체육,lotAddr,16,15157799,경상북도 영천시_미용업현황,보건 - 보건의료,roadAddr,23,12,0.75,4,11,영천시|고경면|영천시|금호읍|영천시|망정동|영천시|문내동|영천시|성내동,영천시|가동|영천시|교촌동|영천시|구읍|영천시|대창면|영천시|문외동
emd,15157794,경상북도 영천시_체육시설업현황,문화체육관광 - 체육,lotAddr,16,15157837,경상북도 영천시_새마을회관 현황,일반공공행정 - 일반행정,lotAddr,23,12,0.75,4,11,영천시|고경면|영천시|교촌동|영천시|금호읍|영천시|성내동|영천시|신녕면,영천시|대전동|영천시|대창면|영천시|도남동|영천시|망정동|영천시|문내동
emd,15157799,경상북도 영천시_미용업현황,보건 - 보건의료,roadAddr,23,15157829,경상북도 영천시_상수도원격검침 지역별 현황,지역개발 - 수자원,area,16,12,0.75,11,4,영천시|고경면|영천시|금호읍|영천시|대창면|영천시|북안면|영천시|신녕면,영천시|가동|영천시|구읍|영천시|남부동|영천시|동부동|영천시|망정동
emd,15157829,경상북도 영천시_상수도원격검침 지역별 현황,지역개발 - 수자원,area,16,15157837,경상북도 영천시_새마을회관 현황,일반공공행정 - 일반행정,lotAddr,23,12,0.75,4,11,영천시|고경면|영천시|금호읍|영천시|대창면|영천시|북안면|영천시|신녕면,영천시|교촌동|영천시|남부동|영천시|대전동|영천시|도남동|영천시|동부동
emd,15157829,경상북도 영천시_상수도원격검침 지역별 현황,지역개발 - 수자원,area,16,ep_YeongcheonCCTV,경상북도 영천시_CCTV 현황,일반공공행정 - 일반행정,lotAddr,40,12,0.75,4,28,영천시|고경면|영천시|금호읍|영천시|대창면|영천시|북안면|영천시|신녕면,영천시|과전동|영천시|괴연동|영천시|교촌동|영천시|금노동|영천시|남부동
emd,15157829,경상북도 영천시_상수도원격검침 지역별 현황,지역개발 - 수자원,area,16,ep_YeongcheonRestaurants,경상북도 영천시_일반음식점현황,보건 - 식품의약안전,lotAddr,37,12,0.75,4,25,영천시|고경면|영천시|금호읍|영천시|대창면|영천시|북안면|영천시|신녕면,영천시|과전동|영천시|괴연동|영천시|교촌동|영천시|금노동|영천시|남부동
emd,15000736_getHsptlMdcncListInfoInqire,국립중앙의료원_전국 병·의원 찾기 서비스,보건 - 보건의료,dutyAddr,308,15157811,경상북도 영천시_안전상비의약품 판매업 현황,보건 - 보건의료,addr,12,9,0.75,299,3,영천시|금호읍|영천시|대창면|영천시|망정동|영천시|신녕면|영천시|완산동,경산시|남산면|경산시|남천면|경산시|사동|경산시|삼풍동|경산시|압량면
emd,15143264,경상북도_시군별 주민센터 현황,일반공공행정 - 일반행정,addr,230,15157838,경상북도 영천시_농어촌민박 현황,문화체육관광 - 관광,lotAddr,12,9,0.75,221,3,영천시|고경면|영천시|금호읍|영천시|대창면|영천시|신녕면|영천시|임고면,경산시|남산면|경산시|남천면|경산시|압량읍|경산시|와촌면|경산시|용성면
emd,15143265,경상북도_공중화장실 정보 조회,보건 - 보건의료,addr,437,15157811,경상북도 영천시_안전상비의약품 판매업 현황,보건 - 보건의료,addr,12,9,0.75,428,3,영천시|금호읍|영천시|대창면|영천시|망정동|영천시|신녕면|영천시|완산동,경산시|갑제동|경산시|계양동|경산시|남산면|경산시|남천면|경산시|대평동
emd,15143795,경상북도_노인복지시설 현황조회,사회복지 - 노인·청소년,fcltAddr,203,15157811,경상북도 영천시_안전상비의약품 판매업 현황,보건 - 보건의료,addr,12,9,0.75,194,3,영천시|금호읍|영천시|대창면|영천시|신녕면|영천시|완산동|영천시|임고면,경산시|가동|경산시|계양동|경산시|남산면|경산시|남천면|경산시|대평동
emd,15143795,경상북도_노인복지시설 현황조회,사회복지 - 노인·청소년,fcltAddr,203,15157838,경상북도 영천시_농어촌민박 현황,문화체육관광 - 관광,lotAddr,12,9,0.75,194,3,영천시|고경면|영천시|금호읍|영천시|대창면|영천시|신녕면|영천시|완산동,경산시|가동|경산시|계양동|경산시|남산면|경산시|남천면|경산시|대평동
emd,15157800,경상북도 영천시_의료기기판매업소 현황,보건 - 보건의료,addr,16,15157838,경상북도 영천시_농어촌민박 현황,문화체육관광 - 관광,lotAddr,12,9,0.75,7,3,영천시|고경면|영천시|금호읍|영천시|대창면|영천시|신녕면|영천시|완산동,영천시|망정동|영천시|문외동|영천시|봉동|영천시|북안면|영천시|상가동
emd,15157807,경상북도 영천시_동네 체육시설 현황,문화체육관광 - 체육,lotAddr,39,15157811,경상북도 영천시_안전상비의약품 판매업 현황,보건 - 보건의료,addr,12,9,0.75,30,3,영천시|금호읍|영천시|대창면|영천시|망정동|영천시|신녕면|영천시|완산동,영천시|고경면|영천시|과전동|영천시|교촌동|영천시|금노동|영천시|남부동
emd,15157811,경상북도 영천시_안전상비의약품 판매업 현황,보건 - 보건의료,addr,12,15157829,경상북도 영천시_상수도원격검침 지역별 현황,지역개발 - 수자원,area,16,9,0.75,3,7,영천시|금호읍|영천시|대창면|영천시|신녕면|영천시|완산동|영천시|임고면,영천시|고경면|영천시|남부동|영천시|동부동|영천시|망정동|영천시|봉동
emd,15157822,경상북도 영천시_부동산중개업 현황,지역개발 - 지역및도시,addr,21,15157838,경상북도 영천시_농어촌민박 현황,문화체육관광 - 관광,lotAddr,12,9,0.75,12,3,영천시|고경면|영천시|금호읍|영천시|대창면|영천시|신녕면|영천시|완산동,영천시|구읍|영천시|금노동|영천시|도동|영천시|망정동|영천시|문내동
emd,15157827,경상북도 영천시_전문건설업 현황,지역개발 - 산업단지,roadAddr,13,15157838,경상북도 영천시_농어촌민박 현황,문화체육관광 - 관광,lotAddr,12,9,0.75,4,3,영천시|고경면|영천시|금호읍|영천시|대창면|영천시|신녕면|영천시|임고면,영천시|도동|영천시|북안면|영천시|석동|영천시|오미동|영천시|완산동
emd,15000736_getHsptlBassInfoInqire,국립중앙의료원_전국 병·의원 찾기 서비스,보건 - 보건의료,dutyAddr,286,15157808,경상북도 영천시_캠핑장현황,문화체육관광 - 관광,addr,8,6,0.75,280,2,영천시|고경면|영천시|금호읍|영천시|대창면|영천시|신녕면|영천시|자양면,경산시|남산면|경산시|남천면|경산시|사동|경산시|삼풍동|경산시|압량면
emd,15000736_getHsptlMdcncFullDown,국립중앙의료원_전국 병·의원 찾기 서비스,보건 - 보건의료,dutyAddr,288,15157808,경상북도 영천시_캠핑장현황,문화체육관광 - 관광,addr,8,6,0.75,282,2,영천시|고경면|영천시|금호읍|영천시|대창면|영천시|신녕면|영천시|자양면,경산시|남산면|경산시|남천면|경산시|사동|경산시|삼풍동|경산시|압량면
emd,15110872,경상북도 영주시_안심식당 현황,문화체육관광 - 관광,ADRES,9,15110876,경상북도 영주시_일반음식점 입식테이블 설치지원 업소현황,일반공공행정 - 일반행정,ADRES,8,6,0.75,3,2,영주시|단산면|영주시|봉현면|영주시|부석면|영주시|순흥면|영주시|안정면,영주시|문수면|영주시|영주동|영주시|이산면|영주시|장수면|영주시|휴천동
emd,15110876,경상북도 영주시_일반음식점 입식테이블 설치지원 업소현황,일반공공행정 - 일반행정,ADRES,8,15110883,경상북도 영주시_보건지소 및 진료소 현황,보건 - 보건의료,LC,10,6,0.75,2,4,영주시|단산면|영주시|봉현면|영주시|부석면|영주시|순흥면|영주시|안정면,영주시|문수면|영주시|영주동|영주시|이산면|영주시|장수면|영주시|평은면
emd,15110876,경상북도 영주시_일반음식점 입식테이블 설치지원 업소현황,일반공공행정 - 일반행정,ADRES,8,15110884,경상북도 영주시_모자보건사업실적,보건 - 보건의료,SIGNGU_NM,12,6,0.75,2,6,영주시|단산면|영주시|봉현면|영주시|부석면|영주시|순흥면|영주시|안정면,영주시|문수면|영주시|상망동|영주시|영주동|영주시|이산면|영주시|장수면
emd,15110876,경상북도 영주시_일반음식점 입식테이블 설치지원 업소현황,일반공공행정 - 일반행정,ADRES,8,15110924,경상북도 영주시_농어촌민박 신고대장,문화체육관광 - 문화체육관광일반,RDNMADR,9,6,0.75,2,3,영주시|단산면|영주시|봉현면|영주시|부석면|영주시|순흥면|영주시|안정면,영주시|문수면|영주시|영주동|영주시|이산면|영주시|평은면|영주시|휴천동
emd,15110876,경상북도 영주시_일반음식점 입식테이블 설치지원 업소현황,일반공공행정 - 일반행정,ADRES,8,15143264,경상북도_시군별 주민센터 현황,일반공공행정 - 일반행정,addr,230,6,0.75,2,224,영주시|단산면|영주시|봉현면|영주시|부석면|영주시|순흥면|영주시|안정면,경산시|남산면|경산시|남천면|경산시|압량읍|경산시|와촌면|경산시|용성면
emd,15110876,경상북도 영주시_일반음식점 입식테이블 설치지원 업소현황,일반공공행정 - 일반행정,ADRES,8,15143756,경상북도_사회적기업 현황조회,교통및물류 - 물류등기타,roadaddr,124,6,0.75,2,118,영주시|봉현면|영주시|부석면|영주시|순흥면|영주시|안정면|영주시|영주동,경산시|남산면|경산시|압량읍|경산시|와촌면|경산시|용성면|경산시|자인면
emd,15124615,경상북도 상주시_계약 정보,일반공공행정 - 일반행정,CNTRCT_TRGET_LC,190,15157808,경상북도 영천시_캠핑장현황,문화체육관광 - 관광,addr,8,6,0.75,184,2,영천시|고경면|영천시|금호읍|영천시|대창면|영천시|신녕면|영천시|임고면,경산시|계양동|경산시|남천면|경산시|사정동|경산시|삼풍동|경산시|신교동
emd,15143795,경상북도_노인복지시설 현황조회,사회복지 - 노인·청소년,fcltAddr,203,15157808,경상북도 영천시_캠핑장현황,문화체육관광 - 관광,addr,8,6,0.75,197,2,영천시|고경면|영천시|금호읍|영천시|대창면|영천시|신녕면|영천시|임고면,경산시|가동|경산시|계양동|경산시|남산면|경산시|남천면|경산시|대평동
emd,15157808,경상북도 영천시_캠핑장현황,문화체육관광 - 관광,addr,8,15157817,경상북도 영천시_면직물 생산공장 현황,산업·통상·중소기업 - 산업·중소기업일반,lotAddr,14,6,0.75,2,8,영천시|고경면|영천시|금호읍|영천시|대창면|영천시|신녕면|영천시|임고면,영천시|녹전동|영천시|망정동|영천시|북안면|영천시|신기동|영천시|언하동
emd,15157808,경상북도 영천시_캠핑장현황,문화체육관광 - 관광,addr,8,15157822,경상북도 영천시_부동산중개업 현황,지역개발 - 지역및도시,addr,21,6,0.75,2,15,영천시|고경면|영천시|금호읍|영천시|대창면|영천시|신녕면|영천시|임고면,영천시|구읍|영천시|금노동|영천시|도동|영천시|망정동|영천시|문내동
sgg,15000736_getBabyListInfoInqire,국립중앙의료원_전국 병·의원 찾기 서비스,보건 - 보건의료,dutyAddr,4,15097246,경상북도 구미시_일반 음식점,문화체육관광 - 관광,bssh_nm,16,3,0.75,1,13,구미시|안동시|포항시,경주시|고령군|김천시|문경시|성주군
sgg,15000736_getBabyListInfoInqire,국립중앙의료원_전국 병·의원 찾기 서비스,보건 - 보건의료,dutyAddr,4,15139519,경상북도 포항시_생활 지도 시설 현황,사회복지 - 사회복지일반,addr,10,3,0.75,1,7,경주시|안동시|포항시,구미시|군위군|봉화군|상주시|영덕군
sgg,15000736_getBabyListInfoInqire,국립중앙의료원_전국 병·의원 찾기 서비스,보건 - 보건의료,dutyAddr,4,15157788,경상북도 영천시_사업장폐기물배출자신고 현황,환경 - 폐기물,procStoreNm,10,3,0.75,1,7,경주시|구미시|포항시,경산시|고령군|김천시|문경시|봉화군
sgg,15000736_getBabyListInfoInqire,국립중앙의료원_전국 병·의원 찾기 서비스,보건 - 보건의료,dutyAddr,4,15160485,경상북도_반려동물동반관광지정보 현황조회,문화체육관광 - 관광,loc,19,3,0.75,1,16,경주시|안동시|포항시,경산시|고령군|구미시|문경시|봉화군
sgg,15114465,경상북도 경주시_경주문화관광_메뉴별음식점,문화체육관광 - 관광,CON_SUMMARY,4,15139504,경상북도 포항시_광역 교통 월별 행선지 분석 전체,교통및물류 - 물류등기타,area,14,3,0.75,1,11,경주시|상주시|영주시,경산시|구미시|김천시|문경시|안동시
sgg,15114465,경상북도 경주시_경주문화관광_메뉴별음식점,문화체육관광 - 관광,CON_SUMMARY,4,15139519,경상북도 포항시_생활 지도 시설 현황,사회복지 - 사회복지일반,addr,10,3,0.75,1,7,경주시|상주시|영주시,군위군|봉화군|안동시|영덕군|영양군
emd,15000736_getBabyListInfoInqire,국립중앙의료원_전국 병·의원 찾기 서비스,보건 - 보건의료,dutyAddr,4,15124615,경상북도 상주시_계약 정보,일반공공행정 - 일반행정,CNTRCT_TRGET_LC,190,3,0.75,1,187,경주시|황성동|포항시|오천읍|포항시|흥해읍,경산시|계양동|경산시|남천면|경산시|사정동|경산시|삼풍동|경산시|신교동
emd,15000736_getBabyListInfoInqire,국립중앙의료원_전국 병·의원 찾기 서비스,보건 - 보건의료,dutyAddr,4,15143264,경상북도_시군별 주민센터 현황,일반공공행정 - 일반행정,addr,230,3,0.75,1,227,구미시|산동읍|포항시|오천읍|포항시|흥해읍,경산시|남산면|경산시|남천면|경산시|압량읍|경산시|와촌면|경산시|용성면
emd,15000736_getHsptlBassInfoInqire,국립중앙의료원_전국 병·의원 찾기 서비스,보건 - 보건의료,dutyAddr,286,15109402,경상북도 경주시_공연 현황,문화체육관광 - 문화예술,ADRES,4,3,0.75,283,1,경주시|건천읍|경주시|안강읍|경주시|외동읍,경산시|남산면|경산시|남천면|경산시|사동|경산시|삼풍동|경산시|압량면
emd,15000736_getHsptlMdcncFullDown,국립중앙의료원_전국 병·의원 찾기 서비스,보건 - 보건의료,dutyAddr,288,15109402,경상북도 경주시_공연 현황,문화체육관광 - 문화예술,ADRES,4,3,0.75,285,1,경주시|건천읍|경주시|안강읍|경주시|외동읍,경산시|남산면|경산시|남천면|경산시|사동|경산시|삼풍동|경산시|압량면
emd,15000736_getHsptlMdcncListInfoInqire,국립중앙의료원_전국 병·의원 찾기 서비스,보건 - 보건의료,dutyAddr,308,15109402,경상북도 경주시_공연 현황,문화체육관광 - 문화예술,ADRES,4,3,0.75,305,1,경주시|건천읍|경주시|안강읍|경주시|외동읍,경산시|남산면|경산시|남천면|경산시|사동|경산시|삼풍동|경산시|압량면
emd,15109381,경상북도 경주시_관광지 현황,문화체육관광 - 관광,ADRES,33,15109399,경상북도 경주시_축제 현황,문화체육관광 - 관광,ADRES,4,3,0.75,30,1,경주시|감포읍|경주시|교동|경주시|노동동,경주시|강동면|경주시|건천읍|경주시|구황동|경주시|남산동|경주시|내남면
emd,15109381,경상북도 경주시_관광지 현황,문화체육관광 - 관광,ADRES,33,15109402,경상북도 경주시_공연 현황,문화체육관광 - 문화예술,ADRES,4,3,0.75,30,1,경주시|건천읍|경주시|안강읍|경주시|외동읍,경주시|감포읍|경주시|강동면|경주시|교동|경주시|구황동|경주시|남산동
emd,15109383,경상북도 경주시_전망 좋은 카페 현황,문화체육관광 - 관광,ADRES,4,15109386,경상북도 경주시_한옥 호텔 현황,문화체육관광 - 관광,ADRES,7,3,0.75,1,4,경주시|감포읍|경주시|강동면|경주시|외동읍,경주시|남산동|경주시|내남면|경주시|양남면|경주시|인왕동|경주시|하동
emd,15109402,경상북도 경주시_공연 현황,문화체육관광 - 문화예술,ADRES,4,15109439,경상북도 경주시_시정뉴스 현황,문화체육관광 - 문화예술,COREC_NEWS_NM,38,3,0.75,1,35,경주시|건천읍|경주시|안강읍|경주시|외동읍,경주시|감면|경주시|관합동|경주시|교류활동|경주시|기관합동|경주시|나누면
emd,15109402,경상북도 경주시_공연 현황,문화체육관광 - 문화예술,ADRES,4,15124615,경상북도 상주시_계약 정보,일반공공행정 - 일반행정,CNTRCT_TRGET_LC,190,3,0.75,1,187,경주시|건천읍|경주시|안강읍|경주시|외동읍,경산시|계양동|경산시|남천면|경산시|사정동|경산시|삼풍동|경산시|신교동
emd,15109402,경상북도 경주시_공연 현황,문화체육관광 - 문화예술,ADRES,4,15143264,경상북도_시군별 주민센터 현황,일반공공행정 - 일반행정,addr,230,3,0.75,1,227,경주시|건천읍|경주시|안강읍|경주시|외동읍,경산시|남산면|경산시|남천면|경산시|압량읍|경산시|와촌면|경산시|용성면
emd,15109402,경상북도 경주시_공연 현황,문화체육관광 - 문화예술,ADRES,4,15143265,경상북도_공중화장실 정보 조회,보건 - 보건의료,addr,437,3,0.75,1,434,경주시|건천읍|경주시|안강읍|경주시|외동읍,경산시|갑제동|경산시|계양동|경산시|남산면|경산시|남천면|경산시|대평동
emd,15109545,경상북도 경주시_농촌교육장 체험마을 정보,문화체육관광 - 문화예술,ADRES,4,15143795,경상북도_노인복지시설 현황조회,사회복지 - 노인·청소년,fcltAddr,203,3,0.75,1,200,경주시|문무대왕면|경주시|산내면|경주시|안강읍,경산시|가동|경산시|계양동|경산시|남산면|경산시|남천면|경산시|대평동
emd,15110876,경상북도 영주시_일반음식점 입식테이블 설치지원 업소현황,일반공공행정 - 일반행정,ADRES,8,15110888,경상북도 영주시_드림스타트 시설현황,일반공공행정 - 일반행정,INST_ADRES,4,3,0.75,5,1,영주시|순흥면|영주시|안정면|영주시|풍기읍,영주시|단산면|영주시|문수면|영주시|봉현면|영주시|부석면|영주시|영주동
emd,15110880,경상북도 영주시_농지전용허가 현황,농림 - 농업·농촌,LOCPLC,10,15110888,경상북도 영주시_드림스타트 시설현황,일반공공행정 - 일반행정,INST_ADRES,4,3,0.75,7,1,영주시|문수면|영주시|안정면|영주시|풍기읍,영주시|고현동|영주시|단산면|영주시|봉현면|영주시|부석면|영주시|순흥면
emd,15110882,경상북도 영주시_산지전용허가 현황,농림 - 농업·농촌,LOCPLC,11,15110888,경상북도 영주시_드림스타트 시설현황,일반공공행정 - 일반행정,INST_ADRES,4,3,0.75,8,1,영주시|문수면|영주시|안정면|영주시|풍기읍,영주시|가흥동|영주시|단산면|영주시|문정동|영주시|봉현면|영주시|상망동
emd,15110888,경상북도 영주시_드림스타트 시설현황,일반공공행정 - 일반행정,INST_ADRES,4,15110898,경상북도 영주시_장기요양시설,사회복지 - 사회복지일반,ADRES,5,3,0.75,1,2,영주시|문수면|영주시|순흥면|영주시|풍기읍,영주시|안정면|영주시|영주동|영주시|휴천동
emd,15110888,경상북도 영주시_드림스타트 시설현황,일반공공행정 - 일반행정,INST_ADRES,4,15110899,경상북도 영주시_장애인복지시설,사회복지 - 사회복지일반,RDNMADR,5,3,0.75,1,2,영주시|문수면|영주시|안정면|영주시|풍기읍,영주시|단산면|영주시|순흥면|영주시|이산면
emd,15110888,경상북도 영주시_드림스타트 시설현황,일반공공행정 - 일반행정,INST_ADRES,4,15110900,경상북도 영주시_농촌관광시설 현황,문화체육관광 - 문화체육관광일반,RDNMADR,7,3,0.75,1,4,영주시|문수면|영주시|순흥면|영주시|풍기읍,영주시|봉현면|영주시|부석면|영주시|안정면|영주시|영주동|영주시|평은면
emd,15110888,경상북도 영주시_드림스타트 시설현황,일반공공행정 - 일반행정,INST_ADRES,4,15110904,경상북도 영주시_연도별 주요기업 유치현황,산업·통상·중소기업 - 산업·중소기업일반,LC,9,3,0.75,1,6,영주시|문수면|영주시|안정면|영주시|풍기읍,영주시|가흥동|영주시|부석면|영주시|상줄동|영주시|순흥면|영주시|아지동
emd,15110888,경상북도 영주시_드림스타트 시설현황,일반공공행정 - 일반행정,INST_ADRES,4,15110913,경상북도 영주시_토지재산,지역개발 - 지역및도시,LOCPLC,19,3,0.75,1,16,영주시|문수면|영주시|안정면|영주시|풍기읍,영주시|가흥동|영주시|고현동|영주시|문정동|영주시|상망동|영주시|상줄동
emd,15143265,경상북도_공중화장실 정보 조회,보건 - 보건의료,addr,437,15160485,경상북도_반려동물동반관광지정보 현황조회,문화체육관광 - 관광,loc,4,3,0.75,434,1,경주시|신평동|울릉군|서면|포항시|호미곶면,경산시|갑제동|경산시|계양동|경산시|남산면|경산시|남천면|경산시|대평동
emd,15000736_getHsptlMdcncFullDown,국립중앙의료원_전국 병·의원 찾기 서비스,보건 - 보건의료,dutyAddr,288,15124612,경상북도 상주시_축산물 판매업 현황,농림 - 농업·농촌,RDNMADR,23,17,0.739,271,6,상주시|공검면|상주시|공성면|상주시|낙동면|상주시|남성동|상주시|모동면,경산시|남산면|경산시|남천면|경산시|사동|경산시|삼풍동|경산시|압량면
emd,15157799,경상북도 영천시_미용업현황,보건 - 보건의료,roadAddr,23,ep_YeongcheonCCTV,경상북도 영천시_CCTV 현황,일반공공행정 - 일반행정,lotAddr,40,17,0.739,6,23,영천시|고경면|영천시|금호읍|영천시|대창면|영천시|망정동|영천시|문내동,영천시|가동|영천시|과전동|영천시|괴연동|영천시|교촌동|영천시|구읍
emd,15157799,경상북도 영천시_미용업현황,보건 - 보건의료,roadAddr,23,ep_YeongcheonRestaurants,경상북도 영천시_일반음식점현황,보건 - 식품의약안전,lotAddr,37,17,0.739,6,20,영천시|고경면|영천시|금호읍|영천시|대창면|영천시|망정동|영천시|문내동,영천시|가동|영천시|과전동|영천시|괴연동|영천시|교촌동|영천시|구읍
emd,15110920,경상북도 영주시_태양광발전사업 허가내역,산업·통상·중소기업 - 에너지및자원개발,INSTL_PLACE,19,15143780,경상북도_어린이보호구역 정보조회,사회복지 - 보육·가족및여성,addr,227,14,0.737,5,213,영주시|가흥동|영주시|단산면|영주시|문수면|영주시|봉현면|영주시|부석면,김천시|감문면|김천시|감천면|김천시|개령면|김천시|구성면|김천시|남면
emd,15124610,경상북도 상주시_담배 소매인,문화체육관광 - 문화체육관광일반,RDNMADR,22,15124612,경상북도 상주시_축산물 판매업 현황,농림 - 농업·농촌,RDNMADR,23,16,0.727,6,7,상주시|공검면|상주시|공성면|상주시|낙동면|상주시|모동면|상주시|모서면,상주시|남성동|상주시|내서면|상주시|냉림동|상주시|다동|상주시|무양동
emd,15097231,경상북도 구미시_체육시설업 현황,문화체육관광 - 체육,fclty_adres_lnm,32,15097245,경상북도 구미시_축산 농가 현황,농림 - 농업·농촌,bplc_adreslnm,11,8,0.727,24,3,구미시|고아읍|구미시|산동면|구미시|선산읍|구미시|양호동|구미시|옥성면,구미시|거의동|구미시|공단동|구미시|광평동|구미시|구평동|구미시|구포동
emd,15097245,경상북도 구미시_축산 농가 현황,농림 - 농업·농촌,bplc_adreslnm,11,15097247,경상북도 구미시_저수지 현황,농림 - 농업·농촌,adres,13,8,0.727,3,5,구미시|고아읍|구미시|도개면|구미시|무을면|구미시|산동읍|구미시|선산읍,구미시|도량동|구미시|산동면|구미시|선주원남동|구미시|양포동|구미시|양호동
emd,15097245,경상북도 구미시_축산 농가 현황,농림 - 농업·농촌,bplc_adreslnm,11,15143264,경상북도_시군별 주민센터 현황,일반공공행정 - 일반행정,addr,230,8,0.727,3,222,구미시|고아읍|구미시|도개면|구미시|무을면|구미시|산동읍|구미시|선산읍,경산시|남산면|경산시|남천면|경산시|압량읍|경산시|와촌면|경산시|용성면
emd,15097245,경상북도 구미시_축산 농가 현황,농림 - 농업·농촌,bplc_adreslnm,11,15143795,경상북도_노인복지시설 현황조회,사회복지 - 노인·청소년,fcltAddr,203,8,0.727,3,195,구미시|고아읍|구미시|도개면|구미시|무을면|구미시|산동읍|구미시|선산읍,경산시|가동|경산시|계양동|경산시|남산면|경산시|남천면|경산시|대평동
emd,15110882,경상북도 영주시_산지전용허가 현황,농림 - 농업·농촌,LOCPLC,11,15110884,경상북도 영주시_모자보건사업실적,보건 - 보건의료,SIGNGU_NM,12,8,0.727,3,4,영주시|단산면|영주시|문수면|영주시|봉현면|영주시|상망동|영주시|안정면,영주시|가흥동|영주시|문정동|영주시|부석면|영주시|순흥면|영주시|이산면
emd,15124615,경상북도 상주시_계약 정보,일반공공행정 - 일반행정,CNTRCT_TRGET_LC,190,15157812,경상북도 영천시_제설(모래) 배치현황,공공질서및안전 - 안전관리,dept,11,8,0.727,182,3,영천시|고경면|영천시|금호읍|영천시|대창면|영천시|신녕면|영천시|임고면,경산시|계양동|경산시|남천면|경산시|사정동|경산시|삼풍동|경산시|신교동
emd,15124615,경상북도 상주시_계약 정보,일반공공행정 - 일반행정,CNTRCT_TRGET_LC,190,15157824,경상북도 영천시_마을회관현황,사회복지 - 사회복지일반,addr,11,8,0.727,182,3,영천시|고경면|영천시|금호읍|영천시|대창면|영천시|신녕면|영천시|임고면,경산시|계양동|경산시|남천면|경산시|사정동|경산시|삼풍동|경산시|신교동
emd,15139542,경상북도 포항시_인구 건물 위치,사회복지 - 노인·청소년,sigun,43,15139550,경상북도 포항시_지역별 기상 현황,환경 - 대기,lc,29,21,0.724,22,8,포항시|구룡포읍|포항시|기계면|포항시|기북면|포항시|대송면|포항시|동해면,포항시|대도동|포항시|대신동|포항시|대이동|포항시|대잠동|포항시|대흥동
emd,15139542,경상북도 포항시_인구 건물 위치,사회복지 - 노인·청소년,sigun,43,15139552,경상북도 포항시_지역별 노령 인구 현황,일반공공행정 - 국가통계,sigun,29,21,0.724,22,8,포항시|구룡포읍|포항시|기계면|포항시|기북면|포항시|대송면|포항시|동해면,포항시|대도동|포항시|대신동|포항시|대이동|포항시|대잠동|포항시|대흥동
emd,15139542,경상북도 포항시_인구 건물 위치,사회복지 - 노인·청소년,sigun,43,15139553,경상북도 포항시_지역별 생산 가능 인구 현황,일반공공행정 - 국가통계,sigun,29,21,0.724,22,8,포항시|구룡포읍|포항시|기계면|포항시|기북면|포항시|대송면|포항시|동해면,포항시|대도동|포항시|대신동|포항시|대이동|포항시|대잠동|포항시|대흥동
emd,15139542,경상북도 포항시_인구 건물 위치,사회복지 - 노인·청소년,sigun,43,15139556,경상북도 포항시_지역별 유소년 인구 현황,일반공공행정 - 국가통계,sigun,29,21,0.724,22,8,포항시|구룡포읍|포항시|기계면|포항시|기북면|포항시|대송면|포항시|동해면,포항시|대도동|포항시|대신동|포항시|대이동|포항시|대잠동|포항시|대흥동
emd,15139542,경상북도 포항시_인구 건물 위치,사회복지 - 노인·청소년,sigun,43,15139557,경상북도 포항시_지역별 주민등록 인구 현황,일반공공행정 - 국가통계,gpmn,29,21,0.724,22,8,포항시|구룡포읍|포항시|기계면|포항시|기북면|포항시|대송면|포항시|동해면,포항시|대도동|포항시|대신동|포항시|대이동|포항시|대잠동|포항시|대흥동
emd,15139542,경상북도 포항시_인구 건물 위치,사회복지 - 노인·청소년,sigun,43,15139566,경상북도 포항시_방문 거주지 현황,일반공공행정 - 지방행정·재정지원,emd,29,21,0.724,22,8,포항시|구룡포읍|포항시|기계면|포항시|기북면|포항시|대송면|포항시|동해면,포항시|대도동|포항시|대신동|포항시|대이동|포항시|대잠동|포항시|대흥동
emd,15139542,경상북도 포항시_인구 건물 위치,사회복지 - 노인·청소년,sigun,43,15139573,경상북도 포항시_생활 인구 거주지 현황,일반공공행정 - 지방행정·재정지원,emd,29,21,0.724,22,8,포항시|구룡포읍|포항시|기계면|포항시|기북면|포항시|대송면|포항시|동해면,포항시|대도동|포항시|대신동|포항시|대이동|포항시|대잠동|포항시|대흥동
emd,15139542,경상북도 포항시_인구 건물 위치,사회복지 - 노인·청소년,sigun,43,15139580,경상북도 포항시_지역별 생활 인구 현황,일반공공행정 - 국가통계,adstrd,29,21,0.724,22,8,포항시|구룡포읍|포항시|기계면|포항시|기북면|포항시|대송면|포항시|동해면,포항시|대도동|포항시|대신동|포항시|대이동|포항시|대잠동|포항시|대흥동
emd,15139550,경상북도 포항시_지역별 기상 현황,환경 - 대기,lc,29,15139564,경상북도 포항시_대피 장소 목록,공공질서및안전 - 안전관리,addr,42,21,0.724,8,21,포항시|구룡포읍|포항시|기계면|포항시|기북면|포항시|대송면|포항시|동해면,포항시|대도동|포항시|대보면|포항시|대신동|포항시|대이동|포항시|대잠동
emd,15139550,경상북도 포항시_지역별 기상 현황,환경 - 대기,lc,29,15143265,경상북도_공중화장실 정보 조회,보건 - 보건의료,addr,437,21,0.724,8,416,포항시|구룡포읍|포항시|기계면|포항시|기북면|포항시|대송면|포항시|동해면,경산시|갑제동|경산시|계양동|경산시|남산면|경산시|남천면|경산시|대평동
emd,15139552,경상북도 포항시_지역별 노령 인구 현황,일반공공행정 - 국가통계,sigun,29,15139564,경상북도 포항시_대피 장소 목록,공공질서및안전 - 안전관리,addr,42,21,0.724,8,21,포항시|구룡포읍|포항시|기계면|포항시|기북면|포항시|대송면|포항시|동해면,포항시|대도동|포항시|대보면|포항시|대신동|포항시|대이동|포항시|대잠동
emd,15139552,경상북도 포항시_지역별 노령 인구 현황,일반공공행정 - 국가통계,sigun,29,15143265,경상북도_공중화장실 정보 조회,보건 - 보건의료,addr,437,21,0.724,8,416,포항시|구룡포읍|포항시|기계면|포항시|기북면|포항시|대송면|포항시|동해면,경산시|갑제동|경산시|계양동|경산시|남산면|경산시|남천면|경산시|대평동
emd,15139553,경상북도 포항시_지역별 생산 가능 인구 현황,일반공공행정 - 국가통계,sigun,29,15139564,경상북도 포항시_대피 장소 목록,공공질서및안전 - 안전관리,addr,42,21,0.724,8,21,포항시|구룡포읍|포항시|기계면|포항시|기북면|포항시|대송면|포항시|동해면,포항시|대도동|포항시|대보면|포항시|대신동|포항시|대이동|포항시|대잠동
emd,15139553,경상북도 포항시_지역별 생산 가능 인구 현황,일반공공행정 - 국가통계,sigun,29,15143265,경상북도_공중화장실 정보 조회,보건 - 보건의료,addr,437,21,0.724,8,416,포항시|구룡포읍|포항시|기계면|포항시|기북면|포항시|대송면|포항시|동해면,경산시|갑제동|경산시|계양동|경산시|남산면|경산시|남천면|경산시|대평동
emd,15139556,경상북도 포항시_지역별 유소년 인구 현황,일반공공행정 - 국가통계,sigun,29,15139564,경상북도 포항시_대피 장소 목록,공공질서및안전 - 안전관리,addr,42,21,0.724,8,21,포항시|구룡포읍|포항시|기계면|포항시|기북면|포항시|대송면|포항시|동해면,포항시|대도동|포항시|대보면|포항시|대신동|포항시|대이동|포항시|대잠동
emd,15139556,경상북도 포항시_지역별 유소년 인구 현황,일반공공행정 - 국가통계,sigun,29,15143265,경상북도_공중화장실 정보 조회,보건 - 보건의료,addr,437,21,0.724,8,416,포항시|구룡포읍|포항시|기계면|포항시|기북면|포항시|대송면|포항시|동해면,경산시|갑제동|경산시|계양동|경산시|남산면|경산시|남천면|경산시|대평동
emd,15139557,경상북도 포항시_지역별 주민등록 인구 현황,일반공공행정 - 국가통계,gpmn,29,15139564,경상북도 포항시_대피 장소 목록,공공질서및안전 - 안전관리,addr,42,21,0.724,8,21,포항시|구룡포읍|포항시|기계면|포항시|기북면|포항시|대송면|포항시|동해면,포항시|대도동|포항시|대보면|포항시|대신동|포항시|대이동|포항시|대잠동
emd,15139557,경상북도 포항시_지역별 주민등록 인구 현황,일반공공행정 - 국가통계,gpmn,29,15143265,경상북도_공중화장실 정보 조회,보건 - 보건의료,addr,437,21,0.724,8,416,포항시|구룡포읍|포항시|기계면|포항시|기북면|포항시|대송면|포항시|동해면,경산시|갑제동|경산시|계양동|경산시|남산면|경산시|남천면|경산시|대평동
emd,15139564,경상북도 포항시_대피 장소 목록,공공질서및안전 - 안전관리,addr,42,15139566,경상북도 포항시_방문 거주지 현황,일반공공행정 - 지방행정·재정지원,emd,29,21,0.724,21,8,포항시|구룡포읍|포항시|기계면|포항시|기북면|포항시|대송면|포항시|동해면,포항시|대도동|포항시|대보면|포항시|대신동|포항시|대이동|포항시|대잠동
emd,15139564,경상북도 포항시_대피 장소 목록,공공질서및안전 - 안전관리,addr,42,15139573,경상북도 포항시_생활 인구 거주지 현황,일반공공행정 - 지방행정·재정지원,emd,29,21,0.724,21,8,포항시|구룡포읍|포항시|기계면|포항시|기북면|포항시|대송면|포항시|동해면,포항시|대도동|포항시|대보면|포항시|대신동|포항시|대이동|포항시|대잠동
emd,15139564,경상북도 포항시_대피 장소 목록,공공질서및안전 - 안전관리,addr,42,15139580,경상북도 포항시_지역별 생활 인구 현황,일반공공행정 - 국가통계,adstrd,29,21,0.724,21,8,포항시|구룡포읍|포항시|기계면|포항시|기북면|포항시|대송면|포항시|동해면,포항시|대도동|포항시|대보면|포항시|대신동|포항시|대이동|포항시|대잠동
emd,15139566,경상북도 포항시_방문 거주지 현황,일반공공행정 - 지방행정·재정지원,emd,29,15143265,경상북도_공중화장실 정보 조회,보건 - 보건의료,addr,437,21,0.724,8,416,포항시|구룡포읍|포항시|기계면|포항시|기북면|포항시|대송면|포항시|동해면,경산시|갑제동|경산시|계양동|경산시|남산면|경산시|남천면|경산시|대평동
emd,15139573,경상북도 포항시_생활 인구 거주지 현황,일반공공행정 - 지방행정·재정지원,emd,29,15143265,경상북도_공중화장실 정보 조회,보건 - 보건의료,addr,437,21,0.724,8,416,포항시|구룡포읍|포항시|기계면|포항시|기북면|포항시|대송면|포항시|동해면,경산시|갑제동|경산시|계양동|경산시|남산면|경산시|남천면|경산시|대평동
emd,15139580,경상북도 포항시_지역별 생활 인구 현황,일반공공행정 - 국가통계,adstrd,29,15143265,경상북도_공중화장실 정보 조회,보건 - 보건의료,addr,437,21,0.724,8,416,포항시|구룡포읍|포항시|기계면|포항시|기북면|포항시|대송면|포항시|동해면,경산시|갑제동|경산시|계양동|경산시|남산면|경산시|남천면|경산시|대평동
emd,15000736_getHsptlBassInfoInqire,국립중앙의료원_전국 병·의원 찾기 서비스,보건 - 보건의료,dutyAddr,286,15124615,경상북도 상주시_계약 정보,일반공공행정 - 일반행정,CNTRCT_TRGET_LC,190,137,0.721,149,53,경산시|남천면|경산시|삼풍동|경산시|압량면|경산시|옥산동|경산시|와촌면,경산시|계양동|경산시|남산면|경산시|사동|경산시|사정동|경산시|신교동
emd,15000736_getHsptlMdcncFullDown,국립중앙의료원_전국 병·의원 찾기 서비스,보건 - 보건의료,dutyAddr,288,15124615,경상북도 상주시_계약 정보,일반공공행정 - 일반행정,CNTRCT_TRGET_LC,190,137,0.721,151,53,경산시|남천면|경산시|삼풍동|경산시|압량면|경산시|옥산동|경산시|와촌면,경산시|계양동|경산시|남산면|경산시|사동|경산시|사정동|경산시|신교동
emd,15000736_getHsptlMdcncListInfoInqire,국립중앙의료원_전국 병·의원 찾기 서비스,보건 - 보건의료,dutyAddr,308,15139564,경상북도 포항시_대피 장소 목록,공공질서및안전 - 안전관리,addr,42,30,0.714,278,12,포항시|구룡포읍|포항시|기계면|포항시|기북면|포항시|대도동|포항시|대송면,경산시|남산면|경산시|남천면|경산시|사동|경산시|삼풍동|경산시|압량면
emd,15143265,경상북도_공중화장실 정보 조회,보건 - 보건의료,addr,437,15157822,경상북도 영천시_부동산중개업 현황,지역개발 - 지역및도시,addr,21,15,0.714,422,6,영천시|고경면|영천시|금노동|영천시|금호읍|영천시|대창면|영천시|망정동,경산시|갑제동|경산시|계양동|경산시|남산면|경산시|남천면|경산시|대평동
emd,15157788,경상북도 영천시_사업장폐기물배출자신고 현황,환경 - 폐기물,lotAddr,27,15157833,경상북도 영천시_저수지 보수보강 현황,농림 - 농업·농촌,addr,21,15,0.714,12,6,영천시|고경면|영천시|금노동|영천시|금호읍|영천시|대창면|영천시|망정동,영천시|괴연동|영천시|녹전동|영천시|대전동|영천시|도남동|영천시|도동
emd,15000736_getHsptlMdcncListInfoInqire,국립중앙의료원_전국 병·의원 찾기 서비스,보건 - 보건의료,dutyAddr,308,15157817,경상북도 영천시_면직물 생산공장 현황,산업·통상·중소기업 - 산업·중소기업일반,lotAddr,14,10,0.714,298,4,영천시|고경면|영천시|금호읍|영천시|대창면|영천시|망정동|영천시|북안면,경산시|남산면|경산시|남천면|경산시|사동|경산시|삼풍동|경산시|압량면
emd,15097231,경상북도 구미시_체육시설업 현황,문화체육관광 - 체육,fclty_adres_lnm,32,15097253,경상북도 구미시_노인 복지 시설 현황,사회복지 - 노인·청소년,instt_adres,14,10,0.714,22,4,구미시|고아읍|구미시|봉곡동|구미시|사곡동|구미시|산동면|구미시|선산읍,구미시|가동|구미시|거의동|구미시|공단동|구미시|광평동|구미시|구평동
emd,15097238,경상북도 구미시_화학 물질 누출 대응 시스템 취급업체,공공질서및안전 - 안전관리,adres,14,15097250,경상북도 구미시_공공와이파이 현황,통신 - 방송통신,locplc_rdnmadr,35,10,0.714,4,25,구미시|고아읍|구미시|공단동|구미시|구포동|구미시|산동면|구미시|선산읍,구미시|가동|구미시|거의동|구미시|광평동|구미시|구평동|구미시|금전동
emd,15157799,경상북도 영천시_미용업현황,보건 - 보건의료,roadAddr,23,15157817,경상북도 영천시_면직물 생산공장 현황,산업·통상·중소기업 - 산업·중소기업일반,lotAddr,14,10,0.714,13,4,영천시|고경면|영천시|금호읍|영천시|대창면|영천시|망정동|영천시|북안면,영천시|가동|영천시|구읍|영천시|녹전동|영천시|문내동|영천시|바동
emd,15157817,경상북도 영천시_면직물 생산공장 현황,산업·통상·중소기업 - 산업·중소기업일반,lotAddr,14,15157822,경상북도 영천시_부동산중개업 현황,지역개발 - 지역및도시,addr,21,10,0.714,4,11,영천시|고경면|영천시|금호읍|영천시|대창면|영천시|망정동|영천시|북안면,영천시|구읍|영천시|금노동|영천시|녹전동|영천시|도동|영천시|문내동
sgg,15097246,경상북도 구미시_일반 음식점,문화체육관광 - 관광,bssh_nm,16,15110937,경상북도 영주시_불법주정차 CCTV 단속 현황,교통및물류 - 물류등기타,VIOLT_PLACE,7,5,0.714,11,2,안동시|영주시|예천군|의성군|청송군,고령군|구미시|김천시|문경시|봉화군
emd,15000736_getHsptlBassInfoInqire,국립중앙의료원_전국 병·의원 찾기 서비스,보건 - 보건의료,dutyAddr,286,ep_YeongchoenSeniorwelfare,경상북도 영천시_노인복지시설 현황,사회복지 - 노인·청소년,roadAddr,7,5,0.714,281,2,영천시|고경면|영천시|금호읍|영천시|북안면|영천시|화남면|영천시|화산면,경산시|남산면|경산시|남천면|경산시|사동|경산시|삼풍동|경산시|압량면
emd,15000736_getHsptlMdcncFullDown,국립중앙의료원_전국 병·의원 찾기 서비스,보건 - 보건의료,dutyAddr,288,ep_YeongchoenSeniorwelfare,경상북도 영천시_노인복지시설 현황,사회복지 - 노인·청소년,roadAddr,7,5,0.714,283,2,영천시|고경면|영천시|금호읍|영천시|북안면|영천시|화남면|영천시|화산면,경산시|남산면|경산시|남천면|경산시|사동|경산시|삼풍동|경산시|압량면
emd,15000736_getHsptlMdcncListInfoInqire,국립중앙의료원_전국 병·의원 찾기 서비스,보건 - 보건의료,dutyAddr,308,15157809,경상북도 영천시_직업소개소 현황,지역개발 - 지역및도시,roadAddr,7,5,0.714,303,2,영천시|고경면|영천시|금호읍|영천시|신녕면|영천시|청통면|영천시|화남면,경산시|남산면|경산시|남천면|경산시|사동|경산시|삼풍동|경산시|압량면
emd,15097231,경상북도 구미시_체육시설업 현황,문화체육관광 - 체육,fclty_adres_lnm,32,15097235,경상북도 구미시_경찰서 무인카메라 설치 현황,교통및물류 - 도로,instl_place,7,5,0.714,27,2,구미시|고아읍|구미시|산동면|구미시|옥성면|구미시|임은동|구미시|장천면,구미시|거의동|구미시|공단동|구미시|광평동|구미시|구평동|구미시|구포동
emd,15097234,경상북도 구미시_문화재 정보,문화체육관광 - 문화재,locplc,21,15097235,경상북도 구미시_경찰서 무인카메라 설치 현황,교통및물류 - 도로,instl_place,7,5,0.714,16,2,구미시|고아읍|구미시|도개면|구미시|산동면|구미시|옥성면|구미시|장천면,구미시|구평동|구미시|구포동|구미시|남통동|구미시|무을면|구미시|봉곡동
emd,15097235,경상북도 구미시_경찰서 무인카메라 설치 현황,교통및물류 - 도로,instl_place,7,15097237,경상북도 구미시_농경지 용수 공급 시설,농림 - 농업·농촌,adreslnm,20,5,0.714,2,15,구미시|고아읍|구미시|도개면|구미시|산동면|구미시|옥성면|구미시|장천면,구미시|감문면|구미시|거의동|구미시|구포동|구미시|무을면|구미시|부곡동
emd,15097235,경상북도 구미시_경찰서 무인카메라 설치 현황,교통및물류 - 도로,instl_place,7,15097245,경상북도 구미시_축산 농가 현황,농림 - 농업·농촌,bplc_adreslnm,11,5,0.714,2,6,구미시|고아읍|구미시|도개면|구미시|산동면|구미시|옥성면|구미시|장천면,구미시|무을면|구미시|산동|구미시|산동읍|구미시|선산읍|구미시|양호동
emd,15097235,경상북도 구미시_경찰서 무인카메라 설치 현황,교통및물류 - 도로,instl_place,7,15097246,경상북도 구미시_일반 음식점,문화체육관광 - 관광,locplcrn,50,5,0.714,2,45,구미시|고아읍|구미시|도개면|구미시|옥성면|구미시|임은동|구미시|장천면,구미시|가동|구미시|가동동|구미시|거의동|구미시|공단동|구미시|광평동
emd,15097235,경상북도 구미시_경찰서 무인카메라 설치 현황,교통및물류 - 도로,instl_place,7,15097248,경상북도 구미시_어린이 보호 구역,공공질서및안전 - 안전관리,lnm_adres,32,5,0.714,2,27,구미시|고아읍|구미시|도개면|구미시|옥성면|구미시|임은동|구미시|장천면,구미시|공단동|구미시|광평동|구미시|구평동|구미시|구포동|구미시|금전동
emd,15097235,경상북도 구미시_경찰서 무인카메라 설치 현황,교통및물류 - 도로,instl_place,7,15097249,경상북도 구미시_경로당,사회복지 - 노인·청소년,lnm_adres,36,5,0.714,2,31,구미시|고아읍|구미시|도개면|구미시|옥성면|구미시|임은동|구미시|장천면,구미시|거의동|구미시|공단동|구미시|광평동|구미시|구평동|구미시|구포동
emd,15097235,경상북도 구미시_경찰서 무인카메라 설치 현황,교통및물류 - 도로,instl_place,7,15124615,경상북도 상주시_계약 정보,일반공공행정 - 일반행정,CNTRCT_TRGET_LC,190,5,0.714,2,185,구미시|고아읍|구미시|도개면|구미시|산동면|구미시|옥성면|구미시|장천면,경산시|계양동|경산시|남천면|경산시|사정동|경산시|삼풍동|경산시|신교동
emd,15097235,경상북도 구미시_경찰서 무인카메라 설치 현황,교통및물류 - 도로,instl_place,7,15143265,경상북도_공중화장실 정보 조회,보건 - 보건의료,addr,437,5,0.714,2,432,구미시|고아읍|구미시|도개면|구미시|옥성면|구미시|임은동|구미시|장천면,경산시|갑제동|경산시|계양동|경산시|남산면|경산시|남천면|경산시|대평동
emd,15110872,경상북도 영주시_안심식당 현황,문화체육관광 - 관광,ADRES,9,15110900,경상북도 영주시_농촌관광시설 현황,문화체육관광 - 문화체육관광일반,RDNMADR,7,5,0.714,4,2,영주시|문수면|영주시|봉현면|영주시|부석면|영주시|순흥면|영주시|풍기읍,영주시|단산면|영주시|안정면|영주시|영주동|영주시|이산면|영주시|장수면
emd,15110876,경상북도 영주시_일반음식점 입식테이블 설치지원 업소현황,일반공공행정 - 일반행정,ADRES,8,15110900,경상북도 영주시_농촌관광시설 현황,문화체육관광 - 문화체육관광일반,RDNMADR,7,5,0.714,3,2,영주시|봉현면|영주시|부석면|영주시|순흥면|영주시|영주동|영주시|풍기읍,영주시|단산면|영주시|문수면|영주시|안정면|영주시|평은면|영주시|휴천동
emd,15110880,경상북도 영주시_농지전용허가 현황,농림 - 농업·농촌,LOCPLC,10,15110900,경상북도 영주시_농촌관광시설 현황,문화체육관광 - 문화체육관광일반,RDNMADR,7,5,0.714,5,2,영주시|문수면|영주시|봉현면|영주시|부석면|영주시|평은면|영주시|풍기읍,영주시|고현동|영주시|단산면|영주시|순흥면|영주시|안정면|영주시|영주동
emd,15110897,경상북도 영주시_노인복지시설,사회복지 - 사회복지일반,RDNMADR,9,15110900,경상북도 영주시_농촌관광시설 현황,문화체육관광 - 문화체육관광일반,RDNMADR,7,5,0.714,4,2,영주시|문수면|영주시|봉현면|영주시|순흥면|영주시|평은면|영주시|풍기읍,영주시|부석면|영주시|안정면|영주시|영주동|영주시|장수면|영주시|하망동
emd,15143264,경상북도_시군별 주민센터 현황,일반공공행정 - 일반행정,addr,230,15157809,경상북도 영천시_직업소개소 현황,지역개발 - 지역및도시,roadAddr,7,5,0.714,225,2,영천시|고경면|영천시|금호읍|영천시|신녕면|영천시|청통면|영천시|화남면,경산시|남산면|경산시|남천면|경산시|압량읍|경산시|와촌면|경산시|용성면
emd,15143265,경상북도_공중화장실 정보 조회,보건 - 보건의료,addr,437,15157809,경상북도 영천시_직업소개소 현황,지역개발 - 지역및도시,roadAddr,7,5,0.714,432,2,영천시|고경면|영천시|금호읍|영천시|신녕면|영천시|청통면|영천시|화남면,경산시|갑제동|경산시|계양동|경산시|남산면|경산시|남천면|경산시|대평동
emd,15143780,경상북도_어린이보호구역 정보조회,사회복지 - 보육·가족및여성,addr,227,ep_YeongchoenSeniorwelfare,경상북도 영천시_노인복지시설 현황,사회복지 - 노인·청소년,roadAddr,7,5,0.714,222,2,영천시|고경면|영천시|금호읍|영천시|북안면|영천시|임고면|영천시|화남면,김천시|감문면|김천시|감천면|김천시|개령면|김천시|구성면|김천시|남면
emd,15157767,경상북도 영천시_공장 현황,산업·통상·중소기업 - 산업·중소기업일반,lotAddr,33,15157809,경상북도 영천시_직업소개소 현황,지역개발 - 지역및도시,roadAddr,7,5,0.714,28,2,영천시|고경면|영천시|금호읍|영천시|신녕면|영천시|청통면|영천시|화남면,영천시|괴연동|영천시|구읍|영천시|금노동|영천시|녹전동|영천시|대전동
emd,15157788,경상북도 영천시_사업장폐기물배출자신고 현황,환경 - 폐기물,lotAddr,27,15157809,경상북도 영천시_직업소개소 현황,지역개발 - 지역및도시,roadAddr,7,5,0.714,22,2,영천시|고경면|영천시|금호읍|영천시|신녕면|영천시|청통면|영천시|화남면,영천시|구읍|영천시|금노동|영천시|녹전동|영천시|대전동|영천시|대창면
emd,15157793,경상북도 영천시_군장병 할인업소 현황,보건 - 식품의약안전,addr,9,ep_YeongchoenSeniorwelfare,경상북도 영천시_노인복지시설 현황,사회복지 - 노인·청소년,roadAddr,7,5,0.714,4,2,영천시|고경면|영천시|금호읍|영천시|북안면|영천시|임고면|영천시|청통면,영천시|과전동|영천시|야사동|영천시|완산동|영천시|중앙동|영천시|화남면
emd,15157794,경상북도 영천시_체육시설업현황,문화체육관광 - 체육,lotAddr,16,15157809,경상북도 영천시_직업소개소 현황,지역개발 - 지역및도시,roadAddr,7,5,0.714,11,2,영천시|고경면|영천시|금호읍|영천시|신녕면|영천시|청통면|영천시|화남면,영천시|교촌동|영천시|구읍|영천시|망정동|영천시|문내동|영천시|문외동
emd,15157794,경상북도 영천시_체육시설업현황,문화체육관광 - 체육,lotAddr,16,ep_YeongchoenSeniorwelfare,경상북도 영천시_노인복지시설 현황,사회복지 - 노인·청소년,roadAddr,7,5,0.714,11,2,영천시|고경면|영천시|금호읍|영천시|임고면|영천시|청통면|영천시|화남면,영천시|교촌동|영천시|망정동|영천시|문내동|영천시|문외동|영천시|북안면
emd,15157800,경상북도 영천시_의료기기판매업소 현황,보건 - 보건의료,addr,16,15157809,경상북도 영천시_직업소개소 현황,지역개발 - 지역및도시,roadAddr,7,5,0.714,11,2,영천시|고경면|영천시|금호읍|영천시|신녕면|영천시|중앙동|영천시|청통면,영천시|구읍|영천시|대창면|영천시|망정동|영천시|문외동|영천시|봉동
emd,15157807,경상북도 영천시_동네 체육시설 현황,문화체육관광 - 체육,lotAddr,39,15157809,경상북도 영천시_직업소개소 현황,지역개발 - 지역및도시,roadAddr,7,5,0.714,34,2,영천시|고경면|영천시|금호읍|영천시|신녕면|영천시|청통면|영천시|화남면,영천시|과전동|영천시|교촌동|영천시|구읍|영천시|금노동|영천시|남부동
emd,15157808,경상북도 영천시_캠핑장현황,문화체육관광 - 관광,addr,8,15157832,경상북도 영천시_경질유 중질유 사용업체현황,환경 - 대기,addr,7,5,0.714,3,2,영천시|고경면|영천시|금호읍|영천시|대창면|영천시|신녕면|영천시|청통면,영천시|북안면|영천시|임고면|영천시|자양면|영천시|화북면|영천시|화산면
emd,15157809,경상북도 영천시_직업소개소 현황,지역개발 - 지역및도시,roadAddr,7,15157811,경상북도 영천시_안전상비의약품 판매업 현황,보건 - 보건의료,addr,12,5,0.714,2,7,영천시|금호읍|영천시|신녕면|영천시|중앙동|영천시|청통면|영천시|화남면,영천시|고경면|영천시|구읍|영천시|대창면|영천시|망정동|영천시|봉동
emd,15157809,경상북도 영천시_직업소개소 현황,지역개발 - 지역및도시,roadAddr,7,15157812,경상북도 영천시_제설(모래) 배치현황,공공질서및안전 - 안전관리,dept,11,5,0.714,2,6,영천시|고경면|영천시|금호읍|영천시|신녕면|영천시|청통면|영천시|화남면,영천시|구읍|영천시|대창면|영천시|북안면|영천시|임고면|영천시|자양면
emd,15157809,경상북도 영천시_직업소개소 현황,지역개발 - 지역및도시,roadAddr,7,15157816,경상북도 영천시_강우량시설 현황,환경 - 대기,lotAddr,13,5,0.714,2,8,영천시|고경면|영천시|금호읍|영천시|신녕면|영천시|청통면|영천시|화남면,영천시|구읍|영천시|대창면|영천시|문외동|영천시|범어동|영천시|북안면
emd,15157809,경상북도 영천시_직업소개소 현황,지역개발 - 지역및도시,roadAddr,7,15157817,경상북도 영천시_면직물 생산공장 현황,산업·통상·중소기업 - 산업·중소기업일반,lotAddr,14,5,0.714,2,9,영천시|고경면|영천시|금호읍|영천시|신녕면|영천시|청통면|영천시|화남면,영천시|구읍|영천시|녹전동|영천시|대창면|영천시|망정동|영천시|북안면
emd,15157809,경상북도 영천시_직업소개소 현황,지역개발 - 지역및도시,roadAddr,7,15157824,경상북도 영천시_마을회관현황,사회복지 - 사회복지일반,addr,11,5,0.714,2,6,영천시|고경면|영천시|금호읍|영천시|신녕면|영천시|청통면|영천시|화남면,영천시|구읍|영천시|대창면|영천시|북안면|영천시|임고면|영천시|자양면
emd,15157809,경상북도 영천시_직업소개소 현황,지역개발 - 지역및도시,roadAddr,7,15157833,경상북도 영천시_저수지 보수보강 현황,농림 - 농업·농촌,addr,21,5,0.714,2,16,영천시|고경면|영천시|금호읍|영천시|신녕면|영천시|청통면|영천시|화남면,영천시|괴연동|영천시|구읍|영천시|금노동|영천시|대창면|영천시|도림동
emd,15157809,경상북도 영천시_직업소개소 현황,지역개발 - 지역및도시,roadAddr,7,15157837,경상북도 영천시_새마을회관 현황,일반공공행정 - 일반행정,lotAddr,23,5,0.714,2,18,영천시|고경면|영천시|금호읍|영천시|신녕면|영천시|청통면|영천시|화남면,영천시|교촌동|영천시|구읍|영천시|대전동|영천시|대창면|영천시|도남동
emd,15157809,경상북도 영천시_직업소개소 현황,지역개발 - 지역및도시,roadAddr,7,15157838,경상북도 영천시_농어촌민박 현황,문화체육관광 - 관광,lotAddr,12,5,0.714,2,7,영천시|고경면|영천시|금호읍|영천시|신녕면|영천시|청통면|영천시|화남면,영천시|구읍|영천시|대창면|영천시|오미동|영천시|완산동|영천시|임고면
emd,15157809,경상북도 영천시_직업소개소 현황,지역개발 - 지역및도시,roadAddr,7,ep_YeongcheonCCTV,경상북도 영천시_CCTV 현황,일반공공행정 - 일반행정,lotAddr,40,5,0.714,2,35,영천시|고경면|영천시|금호읍|영천시|신녕면|영천시|청통면|영천시|화남면,영천시|과전동|영천시|괴연동|영천시|교촌동|영천시|구읍|영천시|금노동
emd,15157809,경상북도 영천시_직업소개소 현황,지역개발 - 지역및도시,roadAddr,7,ep_YeongcheonRestaurants,경상북도 영천시_일반음식점현황,보건 - 식품의약안전,lotAddr,37,5,0.714,2,32,영천시|고경면|영천시|금호읍|영천시|신녕면|영천시|청통면|영천시|화남면,영천시|과전동|영천시|괴연동|영천시|교촌동|영천시|구읍|영천시|금노동
emd,15157811,경상북도 영천시_안전상비의약품 판매업 현황,보건 - 보건의료,addr,12,15157832,경상북도 영천시_경질유 중질유 사용업체현황,환경 - 대기,addr,7,5,0.714,7,2,영천시|금호읍|영천시|대창면|영천시|신녕면|영천시|청통면|영천시|화산면,영천시|고경면|영천시|망정동|영천시|봉동|영천시|북안면|영천시|상가동
emd,15157811,경상북도 영천시_안전상비의약품 판매업 현황,보건 - 보건의료,addr,12,ep_YeongchoenSeniorwelfare,경상북도 영천시_노인복지시설 현황,사회복지 - 노인·청소년,roadAddr,7,5,0.714,7,2,영천시|금호읍|영천시|임고면|영천시|청통면|영천시|화남면|영천시|화산면,영천시|고경면|영천시|대창면|영천시|망정동|영천시|봉동|영천시|북안면
emd,15157832,경상북도 영천시_경질유 중질유 사용업체현황,환경 - 대기,addr,7,ep_YeongchoenSeniorwelfare,경상북도 영천시_노인복지시설 현황,사회복지 - 노인·청소년,roadAddr,7,5,0.714,2,2,영천시|고경면|영천시|금호읍|영천시|북안면|영천시|청통면|영천시|화산면,영천시|대창면|영천시|신녕면|영천시|임고면|영천시|화남면
emd,15143756,경상북도_사회적기업 현황조회,교통및물류 - 물류등기타,roadaddr,124,15143780,경상북도_어린이보호구역 정보조회,사회복지 - 보육·가족및여성,addr,227,88,0.71,36,139,김천시|삼락동|김천시|아포읍|김천시|조마면|문경시|가은읍|문경시|마성면,경산시|남산면|경산시|압량읍|경산시|와촌면|경산시|용성면|경산시|자인면
emd,15000736_getHsptlMdcncFullDown,국립중앙의료원_전국 병·의원 찾기 서비스,보건 - 보건의료,dutyAddr,288,15124611,경상북도 상주시_경로당 현황,사회복지 - 노인·청소년,EMD,24,17,0.708,271,7,상주시|공검면|상주시|공성면|상주시|낙동면|상주시|내서면|상주시|모동면,경산시|남산면|경산시|남천면|경산시|사동|경산시|삼풍동|경산시|압량면
emd,15000736_getHsptlMdcncFullDown,국립중앙의료원_전국 병·의원 찾기 서비스,보건 - 보건의료,dutyAddr,288,15124613,경상북도 상주시_가축 사육업,농림 - 농업·농촌,ADSTRD,24,17,0.708,271,7,상주시|공검면|상주시|공성면|상주시|낙동면|상주시|내서면|상주시|모동면,경산시|남산면|경산시|남천면|경산시|사동|경산시|삼풍동|경산시|압량면
emd,15124611,경상북도 상주시_경로당 현황,사회복지 - 노인·청소년,EMD,24,15124614,경상북도 상주시_일반 건축물 시가 표준액,일반공공행정 - 일반행정,ADRES,54,17,0.708,7,37,상주시|공검면|상주시|공성면|상주시|낙동면|상주시|내서면|상주시|모동면,상주시|가장동|상주시|개운동|상주시|거동동|상주시|계림동|상주시|계산동
emd,15124611,경상북도 상주시_경로당 현황,사회복지 - 노인·청소년,EMD,24,15143780,경상북도_어린이보호구역 정보조회,사회복지 - 보육·가족및여성,addr,227,17,0.708,7,210,상주시|공검면|상주시|공성면|상주시|낙동면|상주시|내서면|상주시|모동면,김천시|감문면|김천시|감천면|김천시|개령면|김천시|구성면|김천시|남면
emd,15124613,경상북도 상주시_가축 사육업,농림 - 농업·농촌,ADSTRD,24,15124614,경상북도 상주시_일반 건축물 시가 표준액,일반공공행정 - 일반행정,ADRES,54,17,0.708,7,37,상주시|공검면|상주시|공성면|상주시|낙동면|상주시|내서면|상주시|모동면,상주시|가장동|상주시|개운동|상주시|거동동|상주시|계림동|상주시|계산동
emd,15124613,경상북도 상주시_가축 사육업,농림 - 농업·농촌,ADSTRD,24,15143780,경상북도_어린이보호구역 정보조회,사회복지 - 보육·가족및여성,addr,227,17,0.708,7,210,상주시|공검면|상주시|공성면|상주시|낙동면|상주시|내서면|상주시|모동면,김천시|감문면|김천시|감천면|김천시|개령면|김천시|구성면|김천시|남면
emd,15143265,경상북도_공중화장실 정보 조회,보건 - 보건의료,addr,437,ep_YeongcheonRestaurants,경상북도 영천시_일반음식점현황,보건 - 식품의약안전,lotAddr,37,26,0.703,411,11,영천시|고경면|영천시|교촌동|영천시|금노동|영천시|금호읍|영천시|대창면,경산시|갑제동|경산시|계양동|경산시|남산면|경산시|남천면|경산시|대평동
emd,15139519,경상북도 포항시_생활 지도 시설 현황,사회복지 - 사회복지일반,addr,84,15143265,경상북도_공중화장실 정보 조회,보건 - 보건의료,addr,437,59,0.702,25,378,경주시|강동면|봉화군|봉화읍|상주시|공성면|상주시|남성동|상주시|무양동,경산시|갑제동|경산시|계양동|경산시|남산면|경산시|남천면|경산시|대평동
emd,15097231,경상북도 구미시_체육시설업 현황,문화체육관광 - 체육,fclty_adres_lnm,32,15097237,경상북도 구미시_농경지 용수 공급 시설,농림 - 농업·농촌,adreslnm,20,14,0.7,18,6,구미시|거의동|구미시|고아읍|구미시|구포동|구미시|부곡동|구미시|산동면,구미시|감문면|구미시|공단동|구미시|광평동|구미시|구평동|구미시|남통동
emd,15097237,경상북도 구미시_농경지 용수 공급 시설,농림 - 농업·농촌,adreslnm,20,15143265,경상북도_공중화장실 정보 조회,보건 - 보건의료,addr,437,14,0.7,6,423,구미시|고아읍|구미시|구포동|구미시|도개면|구미시|무을면|구미시|산동읍,경산시|갑제동|경산시|계양동|경산시|남산면|경산시|남천면|경산시|대평동
sgg,15097246,경상북도 구미시_일반 음식점,문화체육관광 - 관광,bssh_nm,16,15157788,경상북도 영천시_사업장폐기물배출자신고 현황,환경 - 폐기물,procStoreNm,10,7,0.7,9,3,고령군|구미시|김천시|문경시|영천시,경산시|경주시|봉화군|성주군|안동시
sgg,15139504,경상북도 포항시_광역 교통 월별 행선지 분석 전체,교통및물류 - 물류등기타,area,14,15157788,경상북도 영천시_사업장폐기물배출자신고 현황,환경 - 폐기물,procStoreNm,10,7,0.7,7,3,경산시|경주시|구미시|김천시|문경시,고령군|봉화군|상주시|안동시|영덕군
sgg,15157788,경상북도 영천시_사업장폐기물배출자신고 현황,환경 - 폐기물,procStoreNm,10,15160485,경상북도_반려동물동반관광지정보 현황조회,문화체육관광 - 관광,loc,19,7,0.7,3,12,경산시|경주시|고령군|문경시|봉화군,구미시|김천시|상주시|성주군|안동시
emd,15110880,경상북도 영주시_농지전용허가 현황,농림 - 농업·농촌,LOCPLC,10,15110913,경상북도 영주시_토지재산,지역개발 - 지역및도시,LOCPLC,19,7,0.7,3,12,영주시|고현동|영주시|문수면|영주시|안정면|영주시|이산면|영주시|장수면,영주시|가흥동|영주시|단산면|영주시|문정동|영주시|봉현면|영주시|부석면
emd,15110883,경상북도 영주시_보건지소 및 진료소 현황,보건 - 보건의료,LC,10,15143756,경상북도_사회적기업 현황조회,교통및물류 - 물류등기타,roadaddr,124,7,0.7,3,117,영주시|문수면|영주시|봉현면|영주시|부석면|영주시|순흥면|영주시|안정면,경산시|남산면|경산시|압량읍|경산시|와촌면|경산시|용성면|경산시|자인면
emd,15139542,경상북도 포항시_인구 건물 위치,사회복지 - 노인·청소년,sigun,43,ep_pohangArpltnEnvrn,경상북도 포항시_대기오염 환경,,msrstn_nm,10,7,0.7,36,3,포항시|대도동|포항시|대송면|포항시|송도동|포항시|연일읍|포항시|오천읍,포항시|구룡포읍|포항시|기계면|포항시|기북면|포항시|대신동|포항시|대잠동
emd,15139550,경상북도 포항시_지역별 기상 현황,환경 - 대기,lc,29,ep_pohangArpltnEnvrn,경상북도 포항시_대기오염 환경,,msrstn_nm,10,7,0.7,22,3,포항시|대송면|포항시|송도동|포항시|연일읍|포항시|오천읍|포항시|장량동,포항시|구룡포읍|포항시|기계면|포항시|기북면|포항시|대도동|포항시|대이동
emd,15139552,경상북도 포항시_지역별 노령 인구 현황,일반공공행정 - 국가통계,sigun,29,ep_pohangArpltnEnvrn,경상북도 포항시_대기오염 환경,,msrstn_nm,10,7,0.7,22,3,포항시|대송면|포항시|송도동|포항시|연일읍|포항시|오천읍|포항시|장량동,포항시|구룡포읍|포항시|기계면|포항시|기북면|포항시|대도동|포항시|대이동
emd,15139553,경상북도 포항시_지역별 생산 가능 인구 현황,일반공공행정 - 국가통계,sigun,29,ep_pohangArpltnEnvrn,경상북도 포항시_대기오염 환경,,msrstn_nm,10,7,0.7,22,3,포항시|대송면|포항시|송도동|포항시|연일읍|포항시|오천읍|포항시|장량동,포항시|구룡포읍|포항시|기계면|포항시|기북면|포항시|대도동|포항시|대이동
emd,15139556,경상북도 포항시_지역별 유소년 인구 현황,일반공공행정 - 국가통계,sigun,29,ep_pohangArpltnEnvrn,경상북도 포항시_대기오염 환경,,msrstn_nm,10,7,0.7,22,3,포항시|대송면|포항시|송도동|포항시|연일읍|포항시|오천읍|포항시|장량동,포항시|구룡포읍|포항시|기계면|포항시|기북면|포항시|대도동|포항시|대이동
emd,15139557,경상북도 포항시_지역별 주민등록 인구 현황,일반공공행정 - 국가통계,gpmn,29,ep_pohangArpltnEnvrn,경상북도 포항시_대기오염 환경,,msrstn_nm,10,7,0.7,22,3,포항시|대송면|포항시|송도동|포항시|연일읍|포항시|오천읍|포항시|장량동,포항시|구룡포읍|포항시|기계면|포항시|기북면|포항시|대도동|포항시|대이동
emd,15139564,경상북도 포항시_대피 장소 목록,공공질서및안전 - 안전관리,addr,42,ep_pohangArpltnEnvrn,경상북도 포항시_대기오염 환경,,msrstn_nm,10,7,0.7,35,3,포항시|대도동|포항시|대송면|포항시|송도동|포항시|연일읍|포항시|오천읍,포항시|구룡포읍|포항시|기계면|포항시|기북면|포항시|대보면|포항시|대신동
emd,15139566,경상북도 포항시_방문 거주지 현황,일반공공행정 - 지방행정·재정지원,emd,29,ep_pohangArpltnEnvrn,경상북도 포항시_대기오염 환경,,msrstn_nm,10,7,0.7,22,3,포항시|대송면|포항시|송도동|포항시|연일읍|포항시|오천읍|포항시|장량동,포항시|구룡포읍|포항시|기계면|포항시|기북면|포항시|대도동|포항시|대이동
emd,15139573,경상북도 포항시_생활 인구 거주지 현황,일반공공행정 - 지방행정·재정지원,emd,29,ep_pohangArpltnEnvrn,경상북도 포항시_대기오염 환경,,msrstn_nm,10,7,0.7,22,3,포항시|대송면|포항시|송도동|포항시|연일읍|포항시|오천읍|포항시|장량동,포항시|구룡포읍|포항시|기계면|포항시|기북면|포항시|대도동|포항시|대이동
emd,15139580,경상북도 포항시_지역별 생활 인구 현황,일반공공행정 - 국가통계,adstrd,29,ep_pohangArpltnEnvrn,경상북도 포항시_대기오염 환경,,msrstn_nm,10,7,0.7,22,3,포항시|대송면|포항시|송도동|포항시|연일읍|포항시|오천읍|포항시|장량동,포항시|구룡포읍|포항시|기계면|포항시|기북면|포항시|대도동|포항시|대이동
emd,15143265,경상북도_공중화장실 정보 조회,보건 - 보건의료,addr,437,ep_pohangArpltnEnvrn,경상북도 포항시_대기오염 환경,,msrstn_nm,10,7,0.7,430,3,포항시|대도동|포항시|대송면|포항시|송도동|포항시|연일읍|포항시|오천읍,경산시|갑제동|경산시|계양동|경산시|남산면|경산시|남천면|경산시|대평동
emd,15143780,경상북도_어린이보호구역 정보조회,사회복지 - 보육·가족및여성,addr,227,ep_pohangArpltnEnvrn,경상북도 포항시_대기오염 환경,,msrstn_nm,10,7,0.7,220,3,포항시|대도동|포항시|대송면|포항시|송도동|포항시|연일읍|포항시|오천읍,김천시|감문면|김천시|감천면|김천시|개령면|김천시|구성면|김천시|남면
emd,15143795,경상북도_노인복지시설 현황조회,사회복지 - 노인·청소년,fcltAddr,203,15157795,경상북도 영천시_동물병원 현황,농림 - 임업·산촌,addr,10,7,0.7,196,3,영천시|금호읍|영천시|문외동|영천시|북안면|영천시|성내동|영천시|야사동,경산시|가동|경산시|계양동|경산시|남산면|경산시|남천면|경산시|대평동
emd,15157795,경상북도 영천시_동물병원 현황,농림 - 임업·산촌,addr,10,15157822,경상북도 영천시_부동산중개업 현황,지역개발 - 지역및도시,addr,21,7,0.7,3,14,영천시|금호읍|영천시|문내동|영천시|문외동|영천시|북안면|영천시|야사동,영천시|고경면|영천시|구읍|영천시|금노동|영천시|대창면|영천시|도동
emd,15000736_getHsptlMdcncListInfoInqire,국립중앙의료원_전국 병·의원 찾기 서비스,보건 - 보건의료,dutyAddr,308,15139542,경상북도 포항시_인구 건물 위치,사회복지 - 노인·청소년,sigun,43,30,0.698,278,13,포항시|구룡포읍|포항시|기계면|포항시|기북면|포항시|대도동|포항시|대송면,경산시|남산면|경산시|남천면|경산시|사동|경산시|삼풍동|경산시|압량면
emd,15000736_getHsptlBassInfoInqire,국립중앙의료원_전국 병·의원 찾기 서비스,보건 - 보건의료,dutyAddr,286,15124612,경상북도 상주시_축산물 판매업 현황,농림 - 농업·농촌,RDNMADR,23,16,0.696,270,7,상주시|공검면|상주시|공성면|상주시|낙동면|상주시|남성동|상주시|모동면,경산시|남산면|경산시|남천면|경산시|사동|경산시|삼풍동|경산시|압량면
emd,15124611,경상북도 상주시_경로당 현황,사회복지 - 노인·청소년,EMD,24,15124612,경상북도 상주시_축산물 판매업 현황,농림 - 농업·농촌,RDNMADR,23,16,0.696,8,7,상주시|공검면|상주시|공성면|상주시|낙동면|상주시|모동면|상주시|모서면,상주시|계림동|상주시|남성동|상주시|남원동|상주시|내서면|상주시|냉림동
emd,15124612,경상북도 상주시_축산물 판매업 현황,농림 - 농업·농촌,RDNMADR,23,15124613,경상북도 상주시_가축 사육업,농림 - 농업·농촌,ADSTRD,24,16,0.696,7,8,상주시|공검면|상주시|공성면|상주시|낙동면|상주시|모동면|상주시|모서면,상주시|계림동|상주시|남성동|상주시|남원동|상주시|내서면|상주시|냉림동
emd,15124612,경상북도 상주시_축산물 판매업 현황,농림 - 농업·농촌,RDNMADR,23,15143264,경상북도_시군별 주민센터 현황,일반공공행정 - 일반행정,addr,230,16,0.696,7,214,상주시|공검면|상주시|공성면|상주시|낙동면|상주시|모동면|상주시|모서면,경산시|남산면|경산시|남천면|경산시|압량읍|경산시|와촌면|경산시|용성면
emd,15143265,경상북도_공중화장실 정보 조회,보건 - 보건의료,addr,437,15157799,경상북도 영천시_미용업현황,보건 - 보건의료,roadAddr,23,16,0.696,421,7,영천시|고경면|영천시|금호읍|영천시|대창면|영천시|망정동|영천시|문내동,경산시|갑제동|경산시|계양동|경산시|남산면|경산시|남천면|경산시|대평동
emd,15157767,경상북도 영천시_공장 현황,산업·통상·중소기업 - 산업·중소기업일반,lotAddr,33,15157799,경상북도 영천시_미용업현황,보건 - 보건의료,roadAddr,23,16,0.696,17,7,영천시|고경면|영천시|금호읍|영천시|대창면|영천시|망정동|영천시|봉동,영천시|가동|영천시|괴연동|영천시|구읍|영천시|금노동|영천시|녹전동
emd,15157788,경상북도 영천시_사업장폐기물배출자신고 현황,환경 - 폐기물,lotAddr,27,15157837,경상북도 영천시_새마을회관 현황,일반공공행정 - 일반행정,lotAddr,23,16,0.696,11,7,영천시|고경면|영천시|금호읍|영천시|대전동|영천시|대창면|영천시|도남동,영천시|교촌동|영천시|금노동|영천시|녹전동|영천시|도동|영천시|망정동
emd,15157799,경상북도 영천시_미용업현황,보건 - 보건의료,roadAddr,23,15157807,경상북도 영천시_동네 체육시설 현황,문화체육관광 - 체육,lotAddr,39,16,0.696,7,23,영천시|고경면|영천시|금호읍|영천시|대창면|영천시|망정동|영천시|문내동,영천시|가동|영천시|과전동|영천시|교촌동|영천시|구읍|영천시|금노동
emd,15000736_getHsptlBassInfoInqire,국립중앙의료원_전국 병·의원 찾기 서비스,보건 - 보건의료,dutyAddr,286,15097247,경상북도 구미시_저수지 현황,농림 - 농업·농촌,adres,13,9,0.692,277,4,구미시|고아읍|구미시|도개면|구미시|도량동|구미시|무을면|구미시|산동읍,경산시|남산면|경산시|남천면|경산시|사동|경산시|삼풍동|경산시|압량면
emd,15000736_getHsptlBassInfoInqire,국립중앙의료원_전국 병·의원 찾기 서비스,보건 - 보건의료,dutyAddr,286,15157792,경상북도 영천시_지진재난 이재민수용시설 현황,공공질서및안전 - 안전관리,addr,13,9,0.692,277,4,영천시|고경면|영천시|금호읍|영천시|대창면|영천시|북안면|영천시|신녕면,경산시|남산면|경산시|남천면|경산시|사동|경산시|삼풍동|경산시|압량면
emd,15000736_getHsptlBassInfoInqire,국립중앙의료원_전국 병·의원 찾기 서비스,보건 - 보건의료,dutyAddr,286,15157816,경상북도 영천시_강우량시설 현황,환경 - 대기,lotAddr,13,9,0.692,277,4,영천시|고경면|영천시|금호읍|영천시|대창면|영천시|북안면|영천시|신녕면,경산시|남산면|경산시|남천면|경산시|사동|경산시|삼풍동|경산시|압량면
emd,15000736_getHsptlMdcncFullDown,국립중앙의료원_전국 병·의원 찾기 서비스,보건 - 보건의료,dutyAddr,288,15097247,경상북도 구미시_저수지 현황,농림 - 농업·농촌,adres,13,9,0.692,279,4,구미시|고아읍|구미시|도개면|구미시|도량동|구미시|무을면|구미시|산동읍,경산시|남산면|경산시|남천면|경산시|사동|경산시|삼풍동|경산시|압량면
emd,15000736_getHsptlMdcncFullDown,국립중앙의료원_전국 병·의원 찾기 서비스,보건 - 보건의료,dutyAddr,288,15157792,경상북도 영천시_지진재난 이재민수용시설 현황,공공질서및안전 - 안전관리,addr,13,9,0.692,279,4,영천시|고경면|영천시|금호읍|영천시|대창면|영천시|북안면|영천시|신녕면,경산시|남산면|경산시|남천면|경산시|사동|경산시|삼풍동|경산시|압량면
emd,15000736_getHsptlMdcncFullDown,국립중앙의료원_전국 병·의원 찾기 서비스,보건 - 보건의료,dutyAddr,288,15157816,경상북도 영천시_강우량시설 현황,환경 - 대기,lotAddr,13,9,0.692,279,4,영천시|고경면|영천시|금호읍|영천시|대창면|영천시|북안면|영천시|신녕면,경산시|남산면|경산시|남천면|경산시|사동|경산시|삼풍동|경산시|압량면
emd,15000736_getHsptlMdcncListInfoInqire,국립중앙의료원_전국 병·의원 찾기 서비스,보건 - 보건의료,dutyAddr,308,15097247,경상북도 구미시_저수지 현황,농림 - 농업·농촌,adres,13,9,0.692,299,4,구미시|고아읍|구미시|도개면|구미시|도량동|구미시|무을면|구미시|산동읍,경산시|남산면|경산시|남천면|경산시|사동|경산시|삼풍동|경산시|압량면
emd,15097237,경상북도 구미시_농경지 용수 공급 시설,농림 - 농업·농촌,adreslnm,20,15097247,경상북도 구미시_저수지 현황,농림 - 농업·농촌,adres,13,9,0.692,11,4,구미시|고아읍|구미시|도개면|구미시|무을면|구미시|산동읍|구미시|선산읍,구미시|감문면|구미시|거의동|구미시|구포동|구미시|도량동|구미시|부곡동
emd,15097246,경상북도 구미시_일반 음식점,문화체육관광 - 관광,locplcrn,50,15097247,경상북도 구미시_저수지 현황,농림 - 농업·농촌,adres,13,9,0.692,41,4,구미시|고아읍|구미시|도개면|구미시|도량동|구미시|무을면|구미시|산동읍,구미시|가동|구미시|가동동|구미시|거의동|구미시|공단동|구미시|광평동
emd,15097247,경상북도 구미시_저수지 현황,농림 - 농업·농촌,adres,13,15097248,경상북도 구미시_어린이 보호 구역,공공질서및안전 - 안전관리,lnm_adres,32,9,0.692,4,23,구미시|고아읍|구미시|도개면|구미시|도량동|구미시|무을면|구미시|산동읍,구미시|공단동|구미시|광평동|구미시|구평동|구미시|구포동|구미시|금전동
emd,15097247,경상북도 구미시_저수지 현황,농림 - 농업·농촌,adres,13,15097249,경상북도 구미시_경로당,사회복지 - 노인·청소년,lnm_adres,36,9,0.692,4,27,구미시|고아읍|구미시|도개면|구미시|도량동|구미시|무을면|구미시|산동읍,구미시|거의동|구미시|공단동|구미시|광평동|구미시|구평동|구미시|구포동
emd,15097247,경상북도 구미시_저수지 현황,농림 - 농업·농촌,adres,13,15143265,경상북도_공중화장실 정보 조회,보건 - 보건의료,addr,437,9,0.692,4,428,구미시|고아읍|구미시|도개면|구미시|도량동|구미시|무을면|구미시|산동읍,경산시|갑제동|경산시|계양동|경산시|남산면|경산시|남천면|경산시|대평동
emd,15124615,경상북도 상주시_계약 정보,일반공공행정 - 일반행정,CNTRCT_TRGET_LC,190,15157792,경상북도 영천시_지진재난 이재민수용시설 현황,공공질서및안전 - 안전관리,addr,13,9,0.692,181,4,영천시|고경면|영천시|금호읍|영천시|대창면|영천시|신녕면|영천시|임고면,경산시|계양동|경산시|남천면|경산시|사정동|경산시|삼풍동|경산시|신교동
emd,15124615,경상북도 상주시_계약 정보,일반공공행정 - 일반행정,CNTRCT_TRGET_LC,190,15157827,경상북도 영천시_전문건설업 현황,지역개발 - 산업단지,roadAddr,13,9,0.692,181,4,영천시|고경면|영천시|금호읍|영천시|대창면|영천시|신녕면|영천시|임고면,경산시|계양동|경산시|남천면|경산시|사정동|경산시|삼풍동|경산시|신교동
emd,15143264,경상북도_시군별 주민센터 현황,일반공공행정 - 일반행정,addr,230,15157827,경상북도 영천시_전문건설업 현황,지역개발 - 산업단지,roadAddr,13,9,0.692,221,4,영천시|고경면|영천시|금호읍|영천시|대창면|영천시|북안면|영천시|신녕면,경산시|남산면|경산시|남천면|경산시|압량읍|경산시|와촌면|경산시|용성면
emd,15157792,경상북도 영천시_지진재난 이재민수용시설 현황,공공질서및안전 - 안전관리,addr,13,15157817,경상북도 영천시_면직물 생산공장 현황,산업·통상·중소기업 - 산업·중소기업일반,lotAddr,14,9,0.692,4,5,영천시|고경면|영천시|금호읍|영천시|대창면|영천시|북안면|영천시|신녕면,영천시|구읍|영천시|녹전동|영천시|망정동|영천시|신기동|영천시|언하동
emd,15157816,경상북도 영천시_강우량시설 현황,환경 - 대기,lotAddr,13,15157817,경상북도 영천시_면직물 생산공장 현황,산업·통상·중소기업 - 산업·중소기업일반,lotAddr,14,9,0.692,4,5,영천시|고경면|영천시|금호읍|영천시|대창면|영천시|북안면|영천시|신녕면,영천시|녹전동|영천시|망정동|영천시|문외동|영천시|범어동|영천시|신기동
emd,15157817,경상북도 영천시_면직물 생산공장 현황,산업·통상·중소기업 - 산업·중소기업일반,lotAddr,14,15157827,경상북도 영천시_전문건설업 현황,지역개발 - 산업단지,roadAddr,13,9,0.692,5,4,영천시|고경면|영천시|금호읍|영천시|대창면|영천시|북안면|영천시|신녕면,영천시|녹전동|영천시|도동|영천시|망정동|영천시|석동|영천시|신기동
emd,15000736_getHsptlBassInfoInqire,국립중앙의료원_전국 병·의원 찾기 서비스,보건 - 보건의료,dutyAddr,286,15139564,경상북도 포항시_대피 장소 목록,공공질서및안전 - 안전관리,addr,42,29,0.69,257,13,포항시|구룡포읍|포항시|기계면|포항시|기북면|포항시|대도동|포항시|대송면,경산시|남산면|경산시|남천면|경산시|사동|경산시|삼풍동|경산시|압량면
emd,15000736_getHsptlMdcncFullDown,국립중앙의료원_전국 병·의원 찾기 서비스,보건 - 보건의료,dutyAddr,288,15139564,경상북도 포항시_대피 장소 목록,공공질서및안전 - 안전관리,addr,42,29,0.69,259,13,포항시|구룡포읍|포항시|기계면|포항시|기북면|포항시|대도동|포항시|대송면,경산시|남산면|경산시|남천면|경산시|사동|경산시|삼풍동|경산시|압량면
emd,15139550,경상북도 포항시_지역별 기상 현황,환경 - 대기,lc,29,15143780,경상북도_어린이보호구역 정보조회,사회복지 - 보육·가족및여성,addr,227,20,0.69,9,207,포항시|구룡포읍|포항시|기계면|포항시|기북면|포항시|대송면|포항시|동해면,김천시|감문면|김천시|감천면|김천시|개령면|김천시|구성면|김천시|남면
emd,15139552,경상북도 포항시_지역별 노령 인구 현황,일반공공행정 - 국가통계,sigun,29,15143780,경상북도_어린이보호구역 정보조회,사회복지 - 보육·가족및여성,addr,227,20,0.69,9,207,포항시|구룡포읍|포항시|기계면|포항시|기북면|포항시|대송면|포항시|동해면,김천시|감문면|김천시|감천면|김천시|개령면|김천시|구성면|김천시|남면
emd,15139553,경상북도 포항시_지역별 생산 가능 인구 현황,일반공공행정 - 국가통계,sigun,29,15143780,경상북도_어린이보호구역 정보조회,사회복지 - 보육·가족및여성,addr,227,20,0.69,9,207,포항시|구룡포읍|포항시|기계면|포항시|기북면|포항시|대송면|포항시|동해면,김천시|감문면|김천시|감천면|김천시|개령면|김천시|구성면|김천시|남면
emd,15139556,경상북도 포항시_지역별 유소년 인구 현황,일반공공행정 - 국가통계,sigun,29,15143780,경상북도_어린이보호구역 정보조회,사회복지 - 보육·가족및여성,addr,227,20,0.69,9,207,포항시|구룡포읍|포항시|기계면|포항시|기북면|포항시|대송면|포항시|동해면,김천시|감문면|김천시|감천면|김천시|개령면|김천시|구성면|김천시|남면
emd,15139557,경상북도 포항시_지역별 주민등록 인구 현황,일반공공행정 - 국가통계,gpmn,29,15143780,경상북도_어린이보호구역 정보조회,사회복지 - 보육·가족및여성,addr,227,20,0.69,9,207,포항시|구룡포읍|포항시|기계면|포항시|기북면|포항시|대송면|포항시|동해면,김천시|감문면|김천시|감천면|김천시|개령면|김천시|구성면|김천시|남면
emd,15139566,경상북도 포항시_방문 거주지 현황,일반공공행정 - 지방행정·재정지원,emd,29,15143780,경상북도_어린이보호구역 정보조회,사회복지 - 보육·가족및여성,addr,227,20,0.69,9,207,포항시|구룡포읍|포항시|기계면|포항시|기북면|포항시|대송면|포항시|동해면,김천시|감문면|김천시|감천면|김천시|개령면|김천시|구성면|김천시|남면
emd,15139573,경상북도 포항시_생활 인구 거주지 현황,일반공공행정 - 지방행정·재정지원,emd,29,15143780,경상북도_어린이보호구역 정보조회,사회복지 - 보육·가족및여성,addr,227,20,0.69,9,207,포항시|구룡포읍|포항시|기계면|포항시|기북면|포항시|대송면|포항시|동해면,김천시|감문면|김천시|감천면|김천시|개령면|김천시|구성면|김천시|남면
emd,15139580,경상북도 포항시_지역별 생활 인구 현황,일반공공행정 - 국가통계,adstrd,29,15143780,경상북도_어린이보호구역 정보조회,사회복지 - 보육·가족및여성,addr,227,20,0.69,9,207,포항시|구룡포읍|포항시|기계면|포항시|기북면|포항시|대송면|포항시|동해면,김천시|감문면|김천시|감천면|김천시|개령면|김천시|구성면|김천시|남면
emd,15000736_getHsptlMdcncListInfoInqire,국립중앙의료원_전국 병·의원 찾기 서비스,보건 - 보건의료,dutyAddr,308,15157800,경상북도 영천시_의료기기판매업소 현황,보건 - 보건의료,addr,16,11,0.688,297,5,영천시|고경면|영천시|금호읍|영천시|대창면|영천시|망정동|영천시|북안면,경산시|남산면|경산시|남천면|경산시|사동|경산시|삼풍동|경산시|압량면
emd,15143795,경상북도_노인복지시설 현황조회,사회복지 - 노인·청소년,fcltAddr,203,15157829,경상북도 영천시_상수도원격검침 지역별 현황,지역개발 - 수자원,area,16,11,0.688,192,5,영천시|고경면|영천시|금호읍|영천시|대창면|영천시|북안면|영천시|신녕면,경산시|가동|경산시|계양동|경산시|남산면|경산시|남천면|경산시|대평동
emd,15157767,경상북도 영천시_공장 현황,산업·통상·중소기업 - 산업·중소기업일반,lotAddr,33,15157829,경상북도 영천시_상수도원격검침 지역별 현황,지역개발 - 수자원,area,16,11,0.688,22,5,영천시|고경면|영천시|금호읍|영천시|대창면|영천시|북안면|영천시|신녕면,영천시|괴연동|영천시|금노동|영천시|남부동|영천시|녹전동|영천시|대전동
emd,15157788,경상북도 영천시_사업장폐기물배출자신고 현황,환경 - 폐기물,lotAddr,27,15157794,경상북도 영천시_체육시설업현황,문화체육관광 - 체육,lotAddr,16,11,0.688,16,5,영천시|고경면|영천시|금호읍|영천시|망정동|영천시|문내동|영천시|신녕면,영천시|교촌동|영천시|금노동|영천시|녹전동|영천시|대전동|영천시|대창면
emd,15157788,경상북도 영천시_사업장폐기물배출자신고 현황,환경 - 폐기물,lotAddr,27,15157829,경상북도 영천시_상수도원격검침 지역별 현황,지역개발 - 수자원,area,16,11,0.688,16,5,영천시|고경면|영천시|금호읍|영천시|대창면|영천시|북안면|영천시|신녕면,영천시|금노동|영천시|남부동|영천시|녹전동|영천시|대전동|영천시|도남동
emd,15157794,경상북도 영천시_체육시설업현황,문화체육관광 - 체육,lotAddr,16,15157822,경상북도 영천시_부동산중개업 현황,지역개발 - 지역및도시,addr,21,11,0.688,5,10,영천시|고경면|영천시|금호읍|영천시|망정동|영천시|문내동|영천시|문외동,영천시|교촌동|영천시|구읍|영천시|금노동|영천시|대창면|영천시|도동
emd,15157800,경상북도 영천시_의료기기판매업소 현황,보건 - 보건의료,addr,16,15157829,경상북도 영천시_상수도원격검침 지역별 현황,지역개발 - 수자원,area,16,11,0.688,5,5,영천시|고경면|영천시|금호읍|영천시|대창면|영천시|북안면|영천시|신녕면,영천시|남부동|영천시|동부동|영천시|망정동|영천시|문외동|영천시|봉동
emd,15157800,경상북도 영천시_의료기기판매업소 현황,보건 - 보건의료,addr,16,15157833,경상북도 영천시_저수지 보수보강 현황,농림 - 농업·농촌,addr,21,11,0.688,5,10,영천시|고경면|영천시|금호읍|영천시|대창면|영천시|망정동|영천시|북안면,영천시|괴연동|영천시|금노동|영천시|도림동|영천시|문외동|영천시|본촌동
emd,15157822,경상북도 영천시_부동산중개업 현황,지역개발 - 지역및도시,addr,21,15157829,경상북도 영천시_상수도원격검침 지역별 현황,지역개발 - 수자원,area,16,11,0.688,10,5,영천시|고경면|영천시|금호읍|영천시|대창면|영천시|북안면|영천시|신녕면,영천시|구읍|영천시|금노동|영천시|남부동|영천시|도동|영천시|동부동
emd,15157829,경상북도 영천시_상수도원격검침 지역별 현황,지역개발 - 수자원,area,16,15157833,경상북도 영천시_저수지 보수보강 현황,농림 - 농업·농촌,addr,21,11,0.688,5,10,영천시|고경면|영천시|금호읍|영천시|대창면|영천시|북안면|영천시|신녕면,영천시|괴연동|영천시|금노동|영천시|남부동|영천시|도림동|영천시|동부동
emd,15000736_getHsptlBassInfoInqire,국립중앙의료원_전국 병·의원 찾기 서비스,보건 - 보건의료,dutyAddr,286,15110920,경상북도 영주시_태양광발전사업 허가내역,산업·통상·중소기업 - 에너지및자원개발,INSTL_PLACE,19,13,0.684,273,6,영주시|가흥동|영주시|단산면|영주시|문수면|영주시|봉현면|영주시|부석면,경산시|남산면|경산시|남천면|경산시|사동|경산시|삼풍동|경산시|압량면
emd,15000736_getHsptlMdcncFullDown,국립중앙의료원_전국 병·의원 찾기 서비스,보건 - 보건의료,dutyAddr,288,15110920,경상북도 영주시_태양광발전사업 허가내역,산업·통상·중소기업 - 에너지및자원개발,INSTL_PLACE,19,13,0.684,275,6,영주시|가흥동|영주시|단산면|영주시|문수면|영주시|봉현면|영주시|부석면,경산시|남산면|경산시|남천면|경산시|사동|경산시|삼풍동|경산시|압량면
emd,15000736_getHsptlMdcncListInfoInqire,국립중앙의료원_전국 병·의원 찾기 서비스,보건 - 보건의료,dutyAddr,308,15110920,경상북도 영주시_태양광발전사업 허가내역,산업·통상·중소기업 - 에너지및자원개발,INSTL_PLACE,19,13,0.684,295,6,영주시|가흥동|영주시|단산면|영주시|문수면|영주시|봉현면|영주시|부석면,경산시|남산면|경산시|남천면|경산시|사동|경산시|삼풍동|경산시|압량면
emd,15143265,경상북도_공중화장실 정보 조회,보건 - 보건의료,addr,437,ep_YeongcheonCCTV,경상북도 영천시_CCTV 현황,일반공공행정 - 일반행정,lotAddr,40,27,0.675,410,13,영천시|고경면|영천시|교촌동|영천시|금노동|영천시|금호읍|영천시|대창면,경산시|갑제동|경산시|계양동|경산시|남산면|경산시|남천면|경산시|대평동
emd,15000736_getHsptlBassInfoInqire,국립중앙의료원_전국 병·의원 찾기 서비스,보건 - 보건의료,dutyAddr,286,15139542,경상북도 포항시_인구 건물 위치,사회복지 - 노인·청소년,sigun,43,29,0.674,257,14,포항시|구룡포읍|포항시|기계면|포항시|기북면|포항시|대도동|포항시|대송면,경산시|남산면|경산시|남천면|경산시|사동|경산시|삼풍동|경산시|압량면
emd,15000736_getHsptlMdcncFullDown,국립중앙의료원_전국 병·의원 찾기 서비스,보건 - 보건의료,dutyAddr,288,15139542,경상북도 포항시_인구 건물 위치,사회복지 - 노인·청소년,sigun,43,29,0.674,259,14,포항시|구룡포읍|포항시|기계면|포항시|기북면|포항시|대도동|포항시|대송면,경산시|남산면|경산시|남천면|경산시|사동|경산시|삼풍동|경산시|압량면
emd,15143265,경상북도_공중화장실 정보 조회,보건 - 보건의료,addr,437,15157807,경상북도 영천시_동네 체육시설 현황,문화체육관광 - 체육,lotAddr,39,26,0.667,411,13,영천시|고경면|영천시|교촌동|영천시|금노동|영천시|금호읍|영천시|대창면,경산시|갑제동|경산시|계양동|경산시|남산면|경산시|남천면|경산시|대평동
emd,15124609,경상북도 상주시_일반 음식점,문화체육관광 - 관광,RDNMADR,36,15143780,경상북도_어린이보호구역 정보조회,사회복지 - 보육·가족및여성,addr,227,24,0.667,12,203,상주시|공검면|상주시|공성면|상주시|낙동면|상주시|남성동|상주시|내서면,김천시|감문면|김천시|감천면|김천시|개령면|김천시|구성면|김천시|남면
emd,15143265,경상북도_공중화장실 정보 조회,보건 - 보건의료,addr,437,15157788,경상북도 영천시_사업장폐기물배출자신고 현황,환경 - 폐기물,lotAddr,27,18,0.667,419,9,영천시|고경면|영천시|금노동|영천시|금호읍|영천시|대창면|영천시|망정동,경산시|갑제동|경산시|계양동|경산시|남산면|경산시|남천면|경산시|대평동
emd,15000736_getHsptlBassInfoInqire,국립중앙의료원_전국 병·의원 찾기 서비스,보건 - 보건의료,dutyAddr,286,15124611,경상북도 상주시_경로당 현황,사회복지 - 노인·청소년,EMD,24,16,0.667,270,8,상주시|공검면|상주시|공성면|상주시|낙동면|상주시|내서면|상주시|모동면,경산시|남산면|경산시|남천면|경산시|사동|경산시|삼풍동|경산시|압량면
emd,15000736_getHsptlBassInfoInqire,국립중앙의료원_전국 병·의원 찾기 서비스,보건 - 보건의료,dutyAddr,286,15124613,경상북도 상주시_가축 사육업,농림 - 농업·농촌,ADSTRD,24,16,0.667,270,8,상주시|공검면|상주시|공성면|상주시|낙동면|상주시|내서면|상주시|모동면,경산시|남산면|경산시|남천면|경산시|사동|경산시|삼풍동|경산시|압량면
emd,15124611,경상북도 상주시_경로당 현황,사회복지 - 노인·청소년,EMD,24,15124615,경상북도 상주시_계약 정보,일반공공행정 - 일반행정,CNTRCT_TRGET_LC,190,16,0.667,8,174,상주시|공검면|상주시|공성면|상주시|낙동면|상주시|내서면|상주시|모동면,경산시|계양동|경산시|남천면|경산시|사정동|경산시|삼풍동|경산시|신교동
emd,15124613,경상북도 상주시_가축 사육업,농림 - 농업·농촌,ADSTRD,24,15124615,경상북도 상주시_계약 정보,일반공공행정 - 일반행정,CNTRCT_TRGET_LC,190,16,0.667,8,174,상주시|공검면|상주시|공성면|상주시|낙동면|상주시|내서면|상주시|모동면,경산시|계양동|경산시|남천면|경산시|사정동|경산시|삼풍동|경산시|신교동
emd,15094915_getTourContentList,경상북도 경산시_관광자료 조회 서비스,문화체육관광 - 관광,address,21,15143265,경상북도_공중화장실 정보 조회,보건 - 보건의료,addr,437,14,0.667,7,423,경산시|남산면|경산시|남천면|경산시|사동|경산시|압량면|경산시|압량읍,경산시|가동|경산시|갑제동|경산시|계양동|경산시|나동|경산시|다동
emd,15143795,경상북도_노인복지시설 현황조회,사회복지 - 노인·청소년,fcltAddr,203,15157822,경상북도 영천시_부동산중개업 현황,지역개발 - 지역및도시,addr,21,14,0.667,189,7,영천시|고경면|영천시|금호읍|영천시|대창면|영천시|도동|영천시|문외동,경산시|가동|경산시|계양동|경산시|남산면|경산시|남천면|경산시|대평동
emd,15157833,경상북도 영천시_저수지 보수보강 현황,농림 - 농업·농촌,addr,21,15157837,경상북도 영천시_새마을회관 현황,일반공공행정 - 일반행정,lotAddr,23,14,0.667,7,9,영천시|고경면|영천시|금호읍|영천시|대창면|영천시|북안면|영천시|서산동,영천시|괴연동|영천시|교촌동|영천시|금노동|영천시|대전동|영천시|도남동
emd,15110884,경상북도 영주시_모자보건사업실적,보건 - 보건의료,SIGNGU_NM,12,15110913,경상북도 영주시_토지재산,지역개발 - 지역및도시,LOCPLC,19,8,0.667,4,11,영주시|문수면|영주시|상망동|영주시|안정면|영주시|이산면|영주시|장수면,영주시|가흥동|영주시|고현동|영주시|단산면|영주시|문정동|영주시|봉현면
emd,15110884,경상북도 영주시_모자보건사업실적,보건 - 보건의료,SIGNGU_NM,12,15143756,경상북도_사회적기업 현황조회,교통및물류 - 물류등기타,roadaddr,124,8,0.667,4,116,영주시|문수면|영주시|봉현면|영주시|부석면|영주시|상망동|영주시|순흥면,경산시|남산면|경산시|압량읍|경산시|와촌면|경산시|용성면|경산시|자인면
emd,15124615,경상북도 상주시_계약 정보,일반공공행정 - 일반행정,CNTRCT_TRGET_LC,190,15157811,경상북도 영천시_안전상비의약품 판매업 현황,보건 - 보건의료,addr,12,8,0.667,182,4,영천시|금호읍|영천시|대창면|영천시|신녕면|영천시|임고면|영천시|중앙동,경산시|계양동|경산시|남천면|경산시|사정동|경산시|삼풍동|경산시|신교동
emd,15124615,경상북도 상주시_계약 정보,일반공공행정 - 일반행정,CNTRCT_TRGET_LC,190,15157838,경상북도 영천시_농어촌민박 현황,문화체육관광 - 관광,lotAddr,12,8,0.667,182,4,영천시|고경면|영천시|금호읍|영천시|대창면|영천시|신녕면|영천시|임고면,경산시|계양동|경산시|남천면|경산시|사정동|경산시|삼풍동|경산시|신교동
emd,15157792,경상북도 영천시_지진재난 이재민수용시설 현황,공공질서및안전 - 안전관리,addr,13,15157811,경상북도 영천시_안전상비의약품 판매업 현황,보건 - 보건의료,addr,12,8,0.667,5,4,영천시|금호읍|영천시|대창면|영천시|신녕면|영천시|임고면|영천시|중앙동,영천시|고경면|영천시|구읍|영천시|망정동|영천시|봉동|영천시|북안면
emd,15157794,경상북도 영천시_체육시설업현황,문화체육관광 - 체육,lotAddr,16,15157838,경상북도 영천시_농어촌민박 현황,문화체육관광 - 관광,lotAddr,12,8,0.667,8,4,영천시|고경면|영천시|금호읍|영천시|신녕면|영천시|오미동|영천시|완산동,영천시|교촌동|영천시|대창면|영천시|망정동|영천시|문내동|영천시|문외동
emd,15157811,경상북도 영천시_안전상비의약품 판매업 현황,보건 - 보건의료,addr,12,15157817,경상북도 영천시_면직물 생산공장 현황,산업·통상·중소기업 - 산업·중소기업일반,lotAddr,14,8,0.667,4,6,영천시|금호읍|영천시|대창면|영천시|망정동|영천시|신녕면|영천시|임고면,영천시|고경면|영천시|녹전동|영천시|봉동|영천시|북안면|영천시|상가동
emd,15157811,경상북도 영천시_안전상비의약품 판매업 현황,보건 - 보건의료,addr,12,15157827,경상북도 영천시_전문건설업 현황,지역개발 - 산업단지,roadAddr,13,8,0.667,4,5,영천시|금호읍|영천시|대창면|영천시|신녕면|영천시|임고면|영천시|중앙동,영천시|고경면|영천시|도동|영천시|망정동|영천시|봉동|영천시|북안면
emd,15157811,경상북도 영천시_안전상비의약품 판매업 현황,보건 - 보건의료,addr,12,15157833,경상북도 영천시_저수지 보수보강 현황,농림 - 농업·농촌,addr,21,8,0.667,4,13,영천시|금호읍|영천시|대창면|영천시|망정동|영천시|신녕면|영천시|임고면,영천시|고경면|영천시|괴연동|영천시|금노동|영천시|도림동|영천시|본촌동
emd,15157811,경상북도 영천시_안전상비의약품 판매업 현황,보건 - 보건의료,addr,12,15157837,경상북도 영천시_새마을회관 현황,일반공공행정 - 일반행정,lotAddr,23,8,0.667,4,15,영천시|금호읍|영천시|대창면|영천시|신녕면|영천시|완산동|영천시|임고면,영천시|고경면|영천시|교촌동|영천시|대전동|영천시|도남동|영천시|망정동
emd,15157811,경상북도 영천시_안전상비의약품 판매업 현황,보건 - 보건의료,addr,12,15157838,경상북도 영천시_농어촌민박 현황,문화체육관광 - 관광,lotAddr,12,8,0.667,4,4,영천시|금호읍|영천시|대창면|영천시|신녕면|영천시|완산동|영천시|임고면,영천시|고경면|영천시|망정동|영천시|봉동|영천시|상가동|영천시|오미동
emd,15157817,경상북도 영천시_면직물 생산공장 현황,산업·통상·중소기업 - 산업·중소기업일반,lotAddr,14,15157838,경상북도 영천시_농어촌민박 현황,문화체육관광 - 관광,lotAddr,12,8,0.667,6,4,영천시|고경면|영천시|금호읍|영천시|대창면|영천시|신녕면|영천시|임고면,영천시|녹전동|영천시|망정동|영천시|북안면|영천시|신기동|영천시|언하동
emd,15000736_getHsptlMdcncListInfoInqire,국립중앙의료원_전국 병·의원 찾기 서비스,보건 - 보건의료,dutyAddr,308,15157793,경상북도 영천시_군장병 할인업소 현황,보건 - 식품의약안전,addr,9,6,0.667,302,3,영천시|고경면|영천시|금호읍|영천시|북안면|영천시|완산동|영천시|임고면,경산시|남산면|경산시|남천면|경산시|사동|경산시|삼풍동|경산시|압량면
emd,15110872,경상북도 영주시_안심식당 현황,문화체육관광 - 관광,ADRES,9,15110897,경상북도 영주시_노인복지시설,사회복지 - 사회복지일반,RDNMADR,9,6,0.667,3,3,영주시|문수면|영주시|봉현면|영주시|순흥면|영주시|안정면|영주시|장수면,영주시|단산면|영주시|부석면|영주시|이산면|영주시|평은면|영주시|하망동
emd,15110872,경상북도 영주시_안심식당 현황,문화체육관광 - 관광,ADRES,9,15143795,경상북도_노인복지시설 현황조회,사회복지 - 노인·청소년,fcltAddr,203,6,0.667,3,197,영주시|문수면|영주시|봉현면|영주시|순흥면|영주시|안정면|영주시|장수면,경산시|가동|경산시|계양동|경산시|남산면|경산시|남천면|경산시|대평동
emd,15110880,경상북도 영주시_농지전용허가 현황,농림 - 농업·농촌,LOCPLC,10,15110897,경상북도 영주시_노인복지시설,사회복지 - 사회복지일반,RDNMADR,9,6,0.667,4,3,영주시|문수면|영주시|봉현면|영주시|안정면|영주시|장수면|영주시|평은면,영주시|고현동|영주시|단산면|영주시|부석면|영주시|순흥면|영주시|이산면
emd,15110882,경상북도 영주시_산지전용허가 현황,농림 - 농업·농촌,LOCPLC,11,15110924,경상북도 영주시_농어촌민박 신고대장,문화체육관광 - 문화체육관광일반,RDNMADR,9,6,0.667,5,3,영주시|단산면|영주시|문수면|영주시|봉현면|영주시|안정면|영주시|평은면,영주시|가흥동|영주시|문정동|영주시|부석면|영주시|상망동|영주시|순흥면
emd,15110897,경상북도 영주시_노인복지시설,사회복지 - 사회복지일반,RDNMADR,9,15110924,경상북도 영주시_농어촌민박 신고대장,문화체육관광 - 문화체육관광일반,RDNMADR,9,6,0.667,3,3,영주시|문수면|영주시|봉현면|영주시|순흥면|영주시|안정면|영주시|평은면,영주시|단산면|영주시|부석면|영주시|이산면|영주시|장수면|영주시|하망동
emd,15110897,경상북도 영주시_노인복지시설,사회복지 - 사회복지일반,RDNMADR,9,15143756,경상북도_사회적기업 현황조회,교통및물류 - 물류등기타,roadaddr,124,6,0.667,3,118,영주시|문수면|영주시|봉현면|영주시|순흥면|영주시|안정면|영주시|장수면,경산시|남산면|경산시|압량읍|경산시|와촌면|경산시|용성면|경산시|자인면
emd,15110897,경상북도 영주시_노인복지시설,사회복지 - 사회복지일반,RDNMADR,9,15143795,경상북도_노인복지시설 현황조회,사회복지 - 노인·청소년,fcltAddr,203,6,0.667,3,197,영주시|문수면|영주시|봉현면|영주시|순흥면|영주시|안정면|영주시|장수면,경산시|가동|경산시|계양동|경산시|남산면|경산시|남천면|경산시|대평동
emd,15110904,경상북도 영주시_연도별 주요기업 유치현황,산업·통상·중소기업 - 산업·중소기업일반,LC,9,15143756,경상북도_사회적기업 현황조회,교통및물류 - 물류등기타,roadaddr,124,6,0.667,3,118,영주시|문수면|영주시|부석면|영주시|안정면|영주시|영주동|영주시|장수면,경산시|남산면|경산시|압량읍|경산시|와촌면|경산시|용성면|경산시|자인면
emd,15110924,경상북도 영주시_농어촌민박 신고대장,문화체육관광 - 문화체육관광일반,RDNMADR,9,15143756,경상북도_사회적기업 현황조회,교통및물류 - 물류등기타,roadaddr,124,6,0.667,3,118,영주시|문수면|영주시|봉현면|영주시|부석면|영주시|순흥면|영주시|안정면,경산시|남산면|경산시|압량읍|경산시|와촌면|경산시|용성면|경산시|자인면
emd,15124615,경상북도 상주시_계약 정보,일반공공행정 - 일반행정,CNTRCT_TRGET_LC,190,15157793,경상북도 영천시_군장병 할인업소 현황,보건 - 식품의약안전,addr,9,6,0.667,184,3,영천시|고경면|영천시|금호읍|영천시|야사동|영천시|임고면|영천시|중앙동,경산시|계양동|경산시|남천면|경산시|사정동|경산시|삼풍동|경산시|신교동
emd,15143780,경상북도_어린이보호구역 정보조회,사회복지 - 보육·가족및여성,addr,227,15157793,경상북도 영천시_군장병 할인업소 현황,보건 - 식품의약안전,addr,9,6,0.667,221,3,영천시|고경면|영천시|금호읍|영천시|북안면|영천시|야사동|영천시|완산동,김천시|감문면|김천시|감천면|김천시|개령면|김천시|구성면|김천시|남면
emd,15157788,경상북도 영천시_사업장폐기물배출자신고 현황,환경 - 폐기물,lotAddr,27,15157793,경상북도 영천시_군장병 할인업소 현황,보건 - 식품의약안전,addr,9,6,0.667,21,3,영천시|고경면|영천시|금호읍|영천시|북안면|영천시|완산동|영천시|임고면,영천시|과전동|영천시|금노동|영천시|녹전동|영천시|대전동|영천시|대창면
emd,15157792,경상북도 영천시_지진재난 이재민수용시설 현황,공공질서및안전 - 안전관리,addr,13,15157793,경상북도 영천시_군장병 할인업소 현황,보건 - 식품의약안전,addr,9,6,0.667,7,3,영천시|고경면|영천시|금호읍|영천시|북안면|영천시|임고면|영천시|중앙동,영천시|과전동|영천시|구읍|영천시|대창면|영천시|신녕면|영천시|야사동
emd,15157793,경상북도 영천시_군장병 할인업소 현황,보건 - 식품의약안전,addr,9,15157794,경상북도 영천시_체육시설업현황,문화체육관광 - 체육,lotAddr,16,6,0.667,3,10,영천시|고경면|영천시|금호읍|영천시|야사동|영천시|완산동|영천시|임고면,영천시|과전동|영천시|교촌동|영천시|망정동|영천시|문내동|영천시|문외동
emd,15157793,경상북도 영천시_군장병 할인업소 현황,보건 - 식품의약안전,addr,9,15157827,경상북도 영천시_전문건설업 현황,지역개발 - 산업단지,roadAddr,13,6,0.667,3,7,영천시|고경면|영천시|금호읍|영천시|북안면|영천시|임고면|영천시|중앙동,영천시|과전동|영천시|대창면|영천시|도동|영천시|석동|영천시|신녕면
emd,15157793,경상북도 영천시_군장병 할인업소 현황,보건 - 식품의약안전,addr,9,15157833,경상북도 영천시_저수지 보수보강 현황,농림 - 농업·농촌,addr,21,6,0.667,3,15,영천시|고경면|영천시|금호읍|영천시|북안면|영천시|야사동|영천시|임고면,영천시|과전동|영천시|괴연동|영천시|금노동|영천시|대창면|영천시|도림동
emd,15157793,경상북도 영천시_군장병 할인업소 현황,보건 - 식품의약안전,addr,9,15157837,경상북도 영천시_새마을회관 현황,일반공공행정 - 일반행정,lotAddr,23,6,0.667,3,17,영천시|고경면|영천시|금호읍|영천시|북안면|영천시|완산동|영천시|임고면,영천시|과전동|영천시|교촌동|영천시|대전동|영천시|대창면|영천시|도남동
sgg,15097246,경상북도 구미시_일반 음식점,문화체육관광 - 관광,bssh_nm,16,15124609,경상북도 상주시_일반 음식점,문화체육관광 - 관광,BSSH_NM,6,4,0.667,12,2,문경시|성주군|안동시|의성군,고령군|구미시|김천시|상주시|영덕군
emd,15000736_getHsptlBassInfoInqire,국립중앙의료원_전국 병·의원 찾기 서비스,보건 - 보건의료,dutyAddr,286,15110937,경상북도 영주시_불법주정차 CCTV 단속 현황,교통및물류 - 물류등기타,VIOLT_PLACE,6,4,0.667,282,2,영주시|영주동|영주시|풍기읍|영주시|하망동|영주시|휴천동,경산시|남산면|경산시|남천면|경산시|사동|경산시|삼풍동|경산시|압량면
emd,15000736_getHsptlMdcncFullDown,국립중앙의료원_전국 병·의원 찾기 서비스,보건 - 보건의료,dutyAddr,288,15110937,경상북도 영주시_불법주정차 CCTV 단속 현황,교통및물류 - 물류등기타,VIOLT_PLACE,6,4,0.667,284,2,영주시|영주동|영주시|풍기읍|영주시|하망동|영주시|휴천동,경산시|남산면|경산시|남천면|경산시|사동|경산시|삼풍동|경산시|압량면
emd,15000736_getHsptlMdcncListInfoInqire,국립중앙의료원_전국 병·의원 찾기 서비스,보건 - 보건의료,dutyAddr,308,15110937,경상북도 영주시_불법주정차 CCTV 단속 현황,교통및물류 - 물류등기타,VIOLT_PLACE,6,4,0.667,304,2,영주시|영주동|영주시|풍기읍|영주시|하망동|영주시|휴천동,경산시|남산면|경산시|남천면|경산시|사동|경산시|삼풍동|경산시|압량면
emd,15110877,경상북도 영주시_영주맛집 현황,문화체육관광 - 관광,ADRES,6,15110882,경상북도 영주시_산지전용허가 현황,농림 - 농업·농촌,LOCPLC,11,4,0.667,2,7,영주시|문수면|영주시|봉현면|영주시|안정면|영주시|풍기읍,영주시|가흥동|영주시|단산면|영주시|문정동|영주시|부석면|영주시|상망동
emd,15110877,경상북도 영주시_영주맛집 현황,문화체육관광 - 관광,ADRES,6,15110904,경상북도 영주시_연도별 주요기업 유치현황,산업·통상·중소기업 - 산업·중소기업일반,LC,9,4,0.667,2,5,영주시|문수면|영주시|부석면|영주시|안정면|영주시|풍기읍,영주시|가흥동|영주시|봉현면|영주시|상줄동|영주시|순흥면|영주시|아지동
emd,15110913,경상북도 영주시_토지재산,지역개발 - 지역및도시,LOCPLC,19,15110937,경상북도 영주시_불법주정차 CCTV 단속 현황,교통및물류 - 물류등기타,VIOLT_PLACE,6,4,0.667,15,2,영주시|영주동|영주시|풍기읍|영주시|하망동|영주시|휴천동,영주시|가흥동|영주시|고현동|영주시|문수면|영주시|문정동|영주시|상망동
emd,15110916,경상북도 영주시_건물재산,지역개발 - 지역및도시,LOCPLC,23,15110937,경상북도 영주시_불법주정차 CCTV 단속 현황,교통및물류 - 물류등기타,VIOLT_PLACE,6,4,0.667,19,2,영주시|영주동|영주시|풍기읍|영주시|하망동|영주시|휴천동,영주시|가흥동|영주시|고현동|영주시|단산면|영주시|문수면|영주시|문정동
emd,15110937,경상북도 영주시_불법주정차 CCTV 단속 현황,교통및물류 - 물류등기타,VIOLT_PLACE,6,15143265,경상북도_공중화장실 정보 조회,보건 - 보건의료,addr,437,4,0.667,2,433,영주시|영주동|영주시|풍기읍|영주시|하망동|영주시|휴천동,경산시|갑제동|경산시|계양동|경산시|남산면|경산시|남천면|경산시|대평동
emd,15110937,경상북도 영주시_불법주정차 CCTV 단속 현황,교통및물류 - 물류등기타,VIOLT_PLACE,6,15143780,경상북도_어린이보호구역 정보조회,사회복지 - 보육·가족및여성,addr,227,4,0.667,2,223,영주시|영주동|영주시|풍기읍|영주시|하망동|영주시|휴천동,김천시|감문면|김천시|감천면|김천시|개령면|김천시|구성면|김천시|남면
sgg,15097246,경상북도 구미시_일반 음식점,문화체육관광 - 관광,bssh_nm,16,15109381,경상북도 경주시_관광지 현황,문화체육관광 - 관광,TRRSRT,3,2,0.667,14,1,구미시|포항시,경주시|고령군|김천시|문경시|성주군
sgg,15097246,경상북도 구미시_일반 음식점,문화체육관광 - 관광,bssh_nm,16,15124614,경상북도 상주시_일반 건축물 시가 표준액,일반공공행정 - 일반행정,ADRES,3,2,0.667,14,1,구미시|성주군,고령군|김천시|문경시|상주시|안동시
sgg,15097246,경상북도 구미시_일반 음식점,문화체육관광 - 관광,bssh_nm,16,15157815,경상북도 영천시_위생관리등급평가 결과,보건 - 식품의약안전,storeNm,3,2,0.667,14,1,영천시|울릉군,고령군|구미시|김천시|문경시|성주군
sgg,15097249,경상북도 구미시_경로당,사회복지 - 노인·청소년,hsfhg_nm,3,15157788,경상북도 영천시_사업장폐기물배출자신고 현황,환경 - 폐기물,procStoreNm,10,2,0.667,1,8,구미시|문경시,경산시|경주시|고령군|김천시|봉화군
sgg,15097249,경상북도 구미시_경로당,사회복지 - 노인·청소년,hsfhg_nm,3,15160485,경상북도_반려동물동반관광지정보 현황조회,문화체육관광 - 관광,loc,19,2,0.667,1,17,문경시|영주시,경산시|경주시|고령군|구미시|봉화군
sgg,15109381,경상북도 경주시_관광지 현황,문화체육관광 - 관광,TRRSRT,3,15139505,경상북도 포항시_교통 이슈 현황 리스트 지도,교통및물류 - 도로,area,4,2,0.667,1,2,경주시|포항시,구미시|상주시|영덕군
sgg,15109381,경상북도 경주시_관광지 현황,문화체육관광 - 관광,TRRSRT,3,15139519,경상북도 포항시_생활 지도 시설 현황,사회복지 - 사회복지일반,addr,10,2,0.667,1,8,경주시|포항시,구미시|군위군|봉화군|상주시|안동시
sgg,15109381,경상북도 경주시_관광지 현황,문화체육관광 - 관광,TRRSRT,3,15160485,경상북도_반려동물동반관광지정보 현황조회,문화체육관광 - 관광,loc,19,2,0.667,1,17,경주시|포항시,경산시|고령군|구미시|문경시|봉화군
sgg,15124609,경상북도 상주시_일반 음식점,문화체육관광 - 관광,BSSH_NM,6,15124614,경상북도 상주시_일반 건축물 시가 표준액,일반공공행정 - 일반행정,ADRES,3,2,0.667,4,1,상주시|성주군,구미시|문경시|안동시|영양군|의성군
sgg,15124614,경상북도 상주시_일반 건축물 시가 표준액,일반공공행정 - 일반행정,ADRES,3,15139504,경상북도 포항시_광역 교통 월별 행선지 분석 전체,교통및물류 - 물류등기타,area,14,2,0.667,1,12,구미시|상주시,경산시|경주시|김천시|문경시|성주군
sgg,15124614,경상북도 상주시_일반 건축물 시가 표준액,일반공공행정 - 일반행정,ADRES,3,15160485,경상북도_반려동물동반관광지정보 현황조회,문화체육관광 - 관광,loc,19,2,0.667,1,17,상주시|성주군,경산시|경주시|고령군|구미시|문경시
emd,15000736_getHsptlBassInfoInqire,국립중앙의료원_전국 병·의원 찾기 서비스,보건 - 보건의료,dutyAddr,286,15109481,경상북도 경주시_고택 체험 정보,문화체육관광 - 관광,ADRES,3,2,0.667,284,1,경주시|강동면|경주시|안강읍,경산시|남산면|경산시|남천면|경산시|사동|경산시|삼풍동|경산시|압량면
emd,15000736_getHsptlBassInfoInqire,국립중앙의료원_전국 병·의원 찾기 서비스,보건 - 보건의료,dutyAddr,286,15110885,경상북도 영주시_소독업소 현황,보건 - 보건의료,LCTN_DADDR,3,2,0.667,284,1,영주시|풍기읍|영주시|하망동,경산시|남산면|경산시|남천면|경산시|사동|경산시|삼풍동|경산시|압량면
emd,15000736_getHsptlBassInfoInqire,국립중앙의료원_전국 병·의원 찾기 서비스,보건 - 보건의료,dutyAddr,286,15157801,경상북도 영천시_노인교실 현황,사회복지 - 노인·청소년,addr,3,2,0.667,284,1,영천시|북안면|영천시|화산면,경산시|남산면|경산시|남천면|경산시|사동|경산시|삼풍동|경산시|압량면
emd,15000736_getHsptlMdcncFullDown,국립중앙의료원_전국 병·의원 찾기 서비스,보건 - 보건의료,dutyAddr,288,15109481,경상북도 경주시_고택 체험 정보,문화체육관광 - 관광,ADRES,3,2,0.667,286,1,경주시|강동면|경주시|안강읍,경산시|남산면|경산시|남천면|경산시|사동|경산시|삼풍동|경산시|압량면
emd,15000736_getHsptlMdcncFullDown,국립중앙의료원_전국 병·의원 찾기 서비스,보건 - 보건의료,dutyAddr,288,15110885,경상북도 영주시_소독업소 현황,보건 - 보건의료,LCTN_DADDR,3,2,0.667,286,1,영주시|풍기읍|영주시|하망동,경산시|남산면|경산시|남천면|경산시|사동|경산시|삼풍동|경산시|압량면
emd,15000736_getHsptlMdcncFullDown,국립중앙의료원_전국 병·의원 찾기 서비스,보건 - 보건의료,dutyAddr,288,15157801,경상북도 영천시_노인교실 현황,사회복지 - 노인·청소년,addr,3,2,0.667,286,1,영천시|북안면|영천시|화산면,경산시|남산면|경산시|남천면|경산시|사동|경산시|삼풍동|경산시|압량면
emd,15000736_getHsptlMdcncListInfoInqire,국립중앙의료원_전국 병·의원 찾기 서비스,보건 - 보건의료,dutyAddr,308,15109481,경상북도 경주시_고택 체험 정보,문화체육관광 - 관광,ADRES,3,2,0.667,306,1,경주시|강동면|경주시|안강읍,경산시|남산면|경산시|남천면|경산시|사동|경산시|삼풍동|경산시|압량면
emd,15000736_getHsptlMdcncListInfoInqire,국립중앙의료원_전국 병·의원 찾기 서비스,보건 - 보건의료,dutyAddr,308,15110885,경상북도 영주시_소독업소 현황,보건 - 보건의료,LCTN_DADDR,3,2,0.667,306,1,영주시|풍기읍|영주시|하망동,경산시|남산면|경산시|남천면|경산시|사동|경산시|삼풍동|경산시|압량면
emd,15000736_getHsptlMdcncListInfoInqire,국립중앙의료원_전국 병·의원 찾기 서비스,보건 - 보건의료,dutyAddr,308,15157801,경상북도 영천시_노인교실 현황,사회복지 - 노인·청소년,addr,3,2,0.667,306,1,영천시|북안면|영천시|화산면,경산시|남산면|경산시|남천면|경산시|사동|경산시|삼풍동|경산시|압량면
emd,15109383,경상북도 경주시_전망 좋은 카페 현황,문화체육관광 - 관광,ADRES,4,15109464,경상북도 경주시_무장애 여행 정보,문화체육관광 - 관광,LC,3,2,0.667,2,1,경주시|감포읍|경주시|양남면,경주시|강동면|경주시|문무대왕면|경주시|외동읍
emd,15109386,경상북도 경주시_한옥 호텔 현황,문화체육관광 - 관광,ADRES,7,15109394,경상북도 경주시_콘도 현황,문화체육관광 - 관광,ADRES,3,2,0.667,5,1,경주시|감포읍|경주시|외동읍,경주시|강동면|경주시|남산동|경주시|내남면|경주시|양남면|경주시|인왕동
emd,15109390,"경상북도 경주시_오토캠핑,야영장 현황",문화체육관광 - 관광,ADRES,8,15109416,경상북도 경주시_게스트하우스 현황,문화체육관광 - 관광,ADRES,3,2,0.667,6,1,경주시|감포읍|경주시|동방동,경주시|강동면|경주시|내남면|경주시|배동|경주시|산내면|경주시|천군동
emd,15109394,경상북도 경주시_콘도 현황,문화체육관광 - 관광,ADRES,3,15109464,경상북도 경주시_무장애 여행 정보,문화체육관광 - 관광,LC,3,2,0.667,1,1,경주시|감포읍|경주시|양남면,경주시|문무대왕면|경주시|외동읍
emd,15109394,경상북도 경주시_콘도 현황,문화체육관광 - 관광,ADRES,3,15109581,경상북도 경주시_전망포인트,문화체육관광 - 관광,LC,6,2,0.667,1,4,경주시|감포읍|경주시|양남면,경주시|배동|경주시|산내면|경주시|서악동|경주시|석장동|경주시|외동읍
emd,15109394,경상북도 경주시_콘도 현황,문화체육관광 - 관광,ADRES,3,15109586,경상북도 경주시_걷기길 정보,문화체육관광 - 문화체육관광일반,SEARCH,5,2,0.667,1,3,경주시|감포읍|경주시|양남면,경주시|교동|경주시|문무대왕면|경주시|북군동|경주시|외동읍
emd,15109394,경상북도 경주시_콘도 현황,문화체육관광 - 관광,ADRES,3,15114467,경상북도 경주시_경주문화관광_카페 및 찻집 정보,문화체육관광 - 관광,CON_CONTENT,8,2,0.667,1,6,경주시|양남면|경주시|외동읍,경주시|감포읍|경주시|개동|경주시|들어가면|경주시|들어서면|경주시|않으면
emd,15109416,경상북도 경주시_게스트하우스 현황,문화체육관광 - 관광,ADRES,3,15143265,경상북도_공중화장실 정보 조회,보건 - 보건의료,addr,437,2,0.667,1,435,경주시|감포읍|경주시|황오동,경산시|갑제동|경산시|계양동|경산시|남산면|경산시|남천면|경산시|대평동
emd,15109464,경상북도 경주시_무장애 여행 정보,문화체육관광 - 관광,LC,3,15109545,경상북도 경주시_농촌교육장 체험마을 정보,문화체육관광 - 문화예술,ADRES,4,2,0.667,1,2,경주시|감포읍|경주시|문무대왕면,경주시|산내면|경주시|안강읍|경주시|양남면
emd,15109464,경상북도 경주시_무장애 여행 정보,문화체육관광 - 관광,LC,3,15109581,경상북도 경주시_전망포인트,문화체육관광 - 관광,LC,6,2,0.667,1,4,경주시|감포읍|경주시|양남면,경주시|문무대왕면|경주시|배동|경주시|산내면|경주시|서악동|경주시|석장동
emd,15109464,경상북도 경주시_무장애 여행 정보,문화체육관광 - 관광,LC,3,15124615,경상북도 상주시_계약 정보,일반공공행정 - 일반행정,CNTRCT_TRGET_LC,190,2,0.667,1,188,경주시|감포읍|경주시|양남면,경산시|계양동|경산시|남천면|경산시|사정동|경산시|삼풍동|경산시|신교동
emd,15109464,경상북도 경주시_무장애 여행 정보,문화체육관광 - 관광,LC,3,15143795,경상북도_노인복지시설 현황조회,사회복지 - 노인·청소년,fcltAddr,203,2,0.667,1,201,경주시|문무대왕면|경주시|양남면,경산시|가동|경산시|계양동|경산시|남산면|경산시|남천면|경산시|대평동
emd,15109481,경상북도 경주시_고택 체험 정보,문화체육관광 - 관광,ADRES,3,15124615,경상북도 상주시_계약 정보,일반공공행정 - 일반행정,CNTRCT_TRGET_LC,190,2,0.667,1,188,경주시|강동면|경주시|안강읍,경산시|계양동|경산시|남천면|경산시|사정동|경산시|삼풍동|경산시|신교동
emd,15109481,경상북도 경주시_고택 체험 정보,문화체육관광 - 관광,ADRES,3,15143264,경상북도_시군별 주민센터 현황,일반공공행정 - 일반행정,addr,230,2,0.667,1,228,경주시|강동면|경주시|안강읍,경산시|남산면|경산시|남천면|경산시|압량읍|경산시|와촌면|경산시|용성면
emd,15109481,경상북도 경주시_고택 체험 정보,문화체육관광 - 관광,ADRES,3,15143265,경상북도_공중화장실 정보 조회,보건 - 보건의료,addr,437,2,0.667,1,435,경주시|강동면|경주시|안강읍,경산시|갑제동|경산시|계양동|경산시|남산면|경산시|남천면|경산시|대평동
emd,15109481,경상북도 경주시_고택 체험 정보,문화체육관광 - 관광,ADRES,3,15143795,경상북도_노인복지시설 현황조회,사회복지 - 노인·청소년,fcltAddr,203,2,0.667,1,201,경주시|강동면|경주시|안강읍,경산시|가동|경산시|계양동|경산시|남산면|경산시|남천면|경산시|대평동
emd,15110882,경상북도 영주시_산지전용허가 현황,농림 - 농업·농촌,LOCPLC,11,15110885,경상북도 영주시_소독업소 현황,보건 - 보건의료,LCTN_DADDR,3,2,0.667,9,1,영주시|풍기읍|영주시|하망동,영주시|가동|영주시|가흥동|영주시|단산면|영주시|문수면|영주시|문정동
emd,15110884,경상북도 영주시_모자보건사업실적,보건 - 보건의료,SIGNGU_NM,12,15110885,경상북도 영주시_소독업소 현황,보건 - 보건의료,LCTN_DADDR,3,2,0.667,10,1,영주시|풍기읍|영주시|하망동,영주시|가동|영주시|단산면|영주시|문수면|영주시|봉현면|영주시|부석면
emd,15110885,경상북도 영주시_소독업소 현황,보건 - 보건의료,LCTN_DADDR,3,15110897,경상북도 영주시_노인복지시설,사회복지 - 사회복지일반,RDNMADR,9,2,0.667,1,7,영주시|풍기읍|영주시|하망동,영주시|가동|영주시|문수면|영주시|봉현면|영주시|순흥면|영주시|안정면
emd,15110885,경상북도 영주시_소독업소 현황,보건 - 보건의료,LCTN_DADDR,3,15110913,경상북도 영주시_토지재산,지역개발 - 지역및도시,LOCPLC,19,2,0.667,1,17,영주시|풍기읍|영주시|하망동,영주시|가동|영주시|가흥동|영주시|고현동|영주시|문수면|영주시|문정동
emd,15110885,경상북도 영주시_소독업소 현황,보건 - 보건의료,LCTN_DADDR,3,15110916,경상북도 영주시_건물재산,지역개발 - 지역및도시,LOCPLC,23,2,0.667,1,21,영주시|풍기읍|영주시|하망동,영주시|가동|영주시|가흥동|영주시|고현동|영주시|단산면|영주시|문수면
emd,15110885,경상북도 영주시_소독업소 현황,보건 - 보건의료,LCTN_DADDR,3,15110920,경상북도 영주시_태양광발전사업 허가내역,산업·통상·중소기업 - 에너지및자원개발,INSTL_PLACE,19,2,0.667,1,17,영주시|풍기읍|영주시|하망동,영주시|가동|영주시|가흥동|영주시|고현동|영주시|단산면|영주시|문수면
emd,15110885,경상북도 영주시_소독업소 현황,보건 - 보건의료,LCTN_DADDR,3,15110937,경상북도 영주시_불법주정차 CCTV 단속 현황,교통및물류 - 물류등기타,VIOLT_PLACE,6,2,0.667,1,4,영주시|풍기읍|영주시|하망동,영주시|가동|영주시|영주동|영주시|장우동|영주시|후지우동|영주시|휴천동
emd,15110885,경상북도 영주시_소독업소 현황,보건 - 보건의료,LCTN_DADDR,3,15139519,경상북도 포항시_생활 지도 시설 현황,사회복지 - 사회복지일반,addr,84,2,0.667,1,82,영주시|풍기읍|영주시|하망동,경주시|강동면|군위군|군위읍|봉화군|봉화읍|봉화군|신내동|상주시|공성면
emd,15110885,경상북도 영주시_소독업소 현황,보건 - 보건의료,LCTN_DADDR,3,15143265,경상북도_공중화장실 정보 조회,보건 - 보건의료,addr,437,2,0.667,1,435,영주시|풍기읍|영주시|하망동,경산시|갑제동|경산시|계양동|경산시|남산면|경산시|남천면|경산시|대평동
emd,15110885,경상북도 영주시_소독업소 현황,보건 - 보건의료,LCTN_DADDR,3,15143780,경상북도_어린이보호구역 정보조회,사회복지 - 보육·가족및여성,addr,227,2,0.667,1,225,영주시|풍기읍|영주시|하망동,김천시|감문면|김천시|감천면|김천시|개령면|김천시|구성면|김천시|남면
emd,15124615,경상북도 상주시_계약 정보,일반공공행정 - 일반행정,CNTRCT_TRGET_LC,190,15157801,경상북도 영천시_노인교실 현황,사회복지 - 노인·청소년,addr,3,2,0.667,188,1,영천시|중앙동|영천시|화산면,경산시|계양동|경산시|남천면|경산시|사정동|경산시|삼풍동|경산시|신교동
emd,15124615,경상북도 상주시_계약 정보,일반공공행정 - 일반행정,CNTRCT_TRGET_LC,190,15157821,경상북도 영천시_동물약국현황,농림 - 농업·농촌,addr,3,2,0.667,188,1,영천시|금호읍|영천시|신녕면,경산시|계양동|경산시|남천면|경산시|사정동|경산시|삼풍동|경산시|신교동
emd,15139519,경상북도 포항시_생활 지도 시설 현황,사회복지 - 사회복지일반,addr,84,15157821,경상북도 영천시_동물약국현황,농림 - 농업·농촌,addr,3,2,0.667,82,1,영천시|금호읍|영천시|신녕면,경주시|강동면|군위군|군위읍|봉화군|봉화읍|봉화군|신내동|상주시|공성면
emd,15143264,경상북도_시군별 주민센터 현황,일반공공행정 - 일반행정,addr,230,15157801,경상북도 영천시_노인교실 현황,사회복지 - 노인·청소년,addr,3,2,0.667,228,1,영천시|북안면|영천시|화산면,경산시|남산면|경산시|남천면|경산시|압량읍|경산시|와촌면|경산시|용성면
emd,15143264,경상북도_시군별 주민센터 현황,일반공공행정 - 일반행정,addr,230,15157821,경상북도 영천시_동물약국현황,농림 - 농업·농촌,addr,3,2,0.667,228,1,영천시|금호읍|영천시|신녕면,경산시|남산면|경산시|남천면|경산시|압량읍|경산시|와촌면|경산시|용성면
emd,15143265,경상북도_공중화장실 정보 조회,보건 - 보건의료,addr,437,15157801,경상북도 영천시_노인교실 현황,사회복지 - 노인·청소년,addr,3,2,0.667,435,1,영천시|북안면|영천시|화산면,경산시|갑제동|경산시|계양동|경산시|남산면|경산시|남천면|경산시|대평동
emd,15143780,경상북도_어린이보호구역 정보조회,사회복지 - 보육·가족및여성,addr,227,15157821,경상북도 영천시_동물약국현황,농림 - 농업·농촌,addr,3,2,0.667,225,1,영천시|금호읍|영천시|신녕면,김천시|감문면|김천시|감천면|김천시|개령면|김천시|구성면|김천시|남면
emd,15143795,경상북도_노인복지시설 현황조회,사회복지 - 노인·청소년,fcltAddr,203,15157821,경상북도 영천시_동물약국현황,농림 - 농업·농촌,addr,3,2,0.667,201,1,영천시|금호읍|영천시|신녕면,경산시|가동|경산시|계양동|경산시|남산면|경산시|남천면|경산시|대평동
emd,15157767,경상북도 영천시_공장 현황,산업·통상·중소기업 - 산업·중소기업일반,lotAddr,33,15157801,경상북도 영천시_노인교실 현황,사회복지 - 노인·청소년,addr,3,2,0.667,31,1,영천시|북안면|영천시|화산면,영천시|고경면|영천시|괴연동|영천시|금노동|영천시|금호읍|영천시|녹전동
emd,15157788,경상북도 영천시_사업장폐기물배출자신고 현황,환경 - 폐기물,lotAddr,27,15157801,경상북도 영천시_노인교실 현황,사회복지 - 노인·청소년,addr,3,2,0.667,25,1,영천시|북안면|영천시|화산면,영천시|고경면|영천시|금노동|영천시|금호읍|영천시|녹전동|영천시|대전동
emd,15157792,경상북도 영천시_지진재난 이재민수용시설 현황,공공질서및안전 - 안전관리,addr,13,15157821,경상북도 영천시_동물약국현황,농림 - 농업·농촌,addr,3,2,0.667,11,1,영천시|금호읍|영천시|신녕면,영천시|고경면|영천시|구읍|영천시|대창면|영천시|망정동|영천시|북안면
emd,15157793,경상북도 영천시_군장병 할인업소 현황,보건 - 식품의약안전,addr,9,15157801,경상북도 영천시_노인교실 현황,사회복지 - 노인·청소년,addr,3,2,0.667,7,1,영천시|북안면|영천시|중앙동,영천시|고경면|영천시|과전동|영천시|금호읍|영천시|야사동|영천시|완산동
emd,15157801,경상북도 영천시_노인교실 현황,사회복지 - 노인·청소년,addr,3,15157807,경상북도 영천시_동네 체육시설 현황,문화체육관광 - 체육,lotAddr,39,2,0.667,1,37,영천시|북안면|영천시|화산면,영천시|고경면|영천시|과전동|영천시|교촌동|영천시|금노동|영천시|금호읍
emd,15157801,경상북도 영천시_노인교실 현황,사회복지 - 노인·청소년,addr,3,15157811,경상북도 영천시_안전상비의약품 판매업 현황,보건 - 보건의료,addr,12,2,0.667,1,10,영천시|중앙동|영천시|화산면,영천시|금호읍|영천시|대창면|영천시|망정동|영천시|봉동|영천시|북안면
emd,15157801,경상북도 영천시_노인교실 현황,사회복지 - 노인·청소년,addr,3,15157812,경상북도 영천시_제설(모래) 배치현황,공공질서및안전 - 안전관리,dept,11,2,0.667,1,9,영천시|북안면|영천시|화산면,영천시|고경면|영천시|금호읍|영천시|대창면|영천시|신녕면|영천시|임고면
emd,15157801,경상북도 영천시_노인교실 현황,사회복지 - 노인·청소년,addr,3,15157816,경상북도 영천시_강우량시설 현황,환경 - 대기,lotAddr,13,2,0.667,1,11,영천시|북안면|영천시|화산면,영천시|고경면|영천시|금호읍|영천시|대창면|영천시|문외동|영천시|범어동
emd,15157801,경상북도 영천시_노인교실 현황,사회복지 - 노인·청소년,addr,3,15157817,경상북도 영천시_면직물 생산공장 현황,산업·통상·중소기업 - 산업·중소기업일반,lotAddr,14,2,0.667,1,12,영천시|북안면|영천시|화산면,영천시|고경면|영천시|금호읍|영천시|녹전동|영천시|대창면|영천시|망정동
emd,15157801,경상북도 영천시_노인교실 현황,사회복지 - 노인·청소년,addr,3,15157824,경상북도 영천시_마을회관현황,사회복지 - 사회복지일반,addr,11,2,0.667,1,9,영천시|북안면|영천시|화산면,영천시|고경면|영천시|금호읍|영천시|대창면|영천시|신녕면|영천시|임고면
emd,15157801,경상북도 영천시_노인교실 현황,사회복지 - 노인·청소년,addr,3,15157832,경상북도 영천시_경질유 중질유 사용업체현황,환경 - 대기,addr,7,2,0.667,1,5,영천시|북안면|영천시|화산면,영천시|고경면|영천시|금호읍|영천시|대창면|영천시|신녕면|영천시|중앙동
emd,15157801,경상북도 영천시_노인교실 현황,사회복지 - 노인·청소년,addr,3,15157833,경상북도 영천시_저수지 보수보강 현황,농림 - 농업·농촌,addr,21,2,0.667,1,19,영천시|북안면|영천시|화산면,영천시|고경면|영천시|괴연동|영천시|금노동|영천시|금호읍|영천시|대창면
emd,15157801,경상북도 영천시_노인교실 현황,사회복지 - 노인·청소년,addr,3,15157837,경상북도 영천시_새마을회관 현황,일반공공행정 - 일반행정,lotAddr,23,2,0.667,1,21,영천시|북안면|영천시|화산면,영천시|고경면|영천시|교촌동|영천시|금호읍|영천시|대전동|영천시|대창면
emd,15157801,경상북도 영천시_노인교실 현황,사회복지 - 노인·청소년,addr,3,ep_YeongcheonCCTV,경상북도 영천시_CCTV 현황,일반공공행정 - 일반행정,lotAddr,40,2,0.667,1,38,영천시|북안면|영천시|화산면,영천시|고경면|영천시|과전동|영천시|괴연동|영천시|교촌동|영천시|금노동
emd,15157801,경상북도 영천시_노인교실 현황,사회복지 - 노인·청소년,addr,3,ep_YeongcheonRestaurants,경상북도 영천시_일반음식점현황,보건 - 식품의약안전,lotAddr,37,2,0.667,1,35,영천시|북안면|영천시|화산면,영천시|고경면|영천시|과전동|영천시|괴연동|영천시|교촌동|영천시|금노동
emd,15157801,경상북도 영천시_노인교실 현황,사회복지 - 노인·청소년,addr,3,ep_YeongchoenSeniorwelfare,경상북도 영천시_노인복지시설 현황,사회복지 - 노인·청소년,roadAddr,7,2,0.667,1,5,영천시|북안면|영천시|화산면,영천시|고경면|영천시|금호읍|영천시|임고면|영천시|중앙동|영천시|청통면
emd,15157805,경상북도 영천시_임신부 할인업소 현황,보건 - 식품의약안전,addr,5,15157821,경상북도 영천시_동물약국현황,농림 - 농업·농촌,addr,3,2,0.667,3,1,영천시|금호읍|영천시|신녕면,영천시|망정동|영천시|북안면|영천시|임고면|영천시|청통면
emd,15157808,경상북도 영천시_캠핑장현황,문화체육관광 - 관광,addr,8,15157821,경상북도 영천시_동물약국현황,농림 - 농업·농촌,addr,3,2,0.667,6,1,영천시|금호읍|영천시|신녕면,영천시|고경면|영천시|대창면|영천시|망정동|영천시|임고면|영천시|자양면
emd,15157809,경상북도 영천시_직업소개소 현황,지역개발 - 지역및도시,roadAddr,7,15157821,경상북도 영천시_동물약국현황,농림 - 농업·농촌,addr,3,2,0.667,5,1,영천시|금호읍|영천시|신녕면,영천시|고경면|영천시|구읍|영천시|망정동|영천시|중앙동|영천시|청통면
emd,15157812,경상북도 영천시_제설(모래) 배치현황,공공질서및안전 - 안전관리,dept,11,15157821,경상북도 영천시_동물약국현황,농림 - 농업·농촌,addr,3,2,0.667,9,1,영천시|금호읍|영천시|신녕면,영천시|고경면|영천시|대창면|영천시|망정동|영천시|북안면|영천시|임고면
emd,15157816,경상북도 영천시_강우량시설 현황,환경 - 대기,lotAddr,13,15157821,경상북도 영천시_동물약국현황,농림 - 농업·농촌,addr,3,2,0.667,11,1,영천시|금호읍|영천시|신녕면,영천시|고경면|영천시|대창면|영천시|망정동|영천시|문외동|영천시|범어동
emd,15157821,경상북도 영천시_동물약국현황,농림 - 농업·농촌,addr,3,15157824,경상북도 영천시_마을회관현황,사회복지 - 사회복지일반,addr,11,2,0.667,1,9,영천시|금호읍|영천시|신녕면,영천시|고경면|영천시|대창면|영천시|망정동|영천시|북안면|영천시|임고면
emd,15157821,경상북도 영천시_동물약국현황,농림 - 농업·농촌,addr,3,15157827,경상북도 영천시_전문건설업 현황,지역개발 - 산업단지,roadAddr,13,2,0.667,1,11,영천시|금호읍|영천시|신녕면,영천시|고경면|영천시|대창면|영천시|도동|영천시|망정동|영천시|북안면
emd,15157821,경상북도 영천시_동물약국현황,농림 - 농업·농촌,addr,3,15157829,경상북도 영천시_상수도원격검침 지역별 현황,지역개발 - 수자원,area,16,2,0.667,1,14,영천시|금호읍|영천시|신녕면,영천시|고경면|영천시|남부동|영천시|대창면|영천시|동부동|영천시|망정동
emd,15157821,경상북도 영천시_동물약국현황,농림 - 농업·농촌,addr,3,15157832,경상북도 영천시_경질유 중질유 사용업체현황,환경 - 대기,addr,7,2,0.667,1,5,영천시|금호읍|영천시|신녕면,영천시|고경면|영천시|대창면|영천시|망정동|영천시|북안면|영천시|청통면
emd,15157821,경상북도 영천시_동물약국현황,농림 - 농업·농촌,addr,3,15157837,경상북도 영천시_새마을회관 현황,일반공공행정 - 일반행정,lotAddr,23,2,0.667,1,21,영천시|금호읍|영천시|신녕면,영천시|고경면|영천시|교촌동|영천시|대전동|영천시|대창면|영천시|도남동
emd,15157821,경상북도 영천시_동물약국현황,농림 - 농업·농촌,addr,3,15157838,경상북도 영천시_농어촌민박 현황,문화체육관광 - 관광,lotAddr,12,2,0.667,1,10,영천시|금호읍|영천시|신녕면,영천시|고경면|영천시|대창면|영천시|망정동|영천시|오미동|영천시|완산동
emd,15157821,경상북도 영천시_동물약국현황,농림 - 농업·농촌,addr,3,ep_YeongcheonFarmproduction,경상북도 영천시_농산물산지 현황,,addr,5,2,0.667,1,3,영천시|금호읍|영천시|신녕면,영천시|망정동|영천시|임고면|영천시|청통면|영천시|화남면
emd,15157821,경상북도 영천시_동물약국현황,농림 - 농업·농촌,addr,3,ep_YeongcheonMedicalfacility,경상북도 영천시_의료기관현황,보건 - 식품의약안전,addr,5,2,0.667,1,3,영천시|금호읍|영천시|신녕면,영천시|고경면|영천시|망정동|영천시|북안면|영천시|완산동
emd,15157821,경상북도 영천시_동물약국현황,농림 - 농업·농촌,addr,3,ep_YeongcheonPharmacy,경상북도 영천시_약국 현황,보건 - 식품의약안전,roadAddr,5,2,0.667,1,3,영천시|금호읍|영천시|신녕면,영천시|대창면|영천시|망정동|영천시|북안면|영천시|청통면
emd,15143264,경상북도_시군별 주민센터 현황,일반공공행정 - 일반행정,addr,230,15143780,경상북도_어린이보호구역 정보조회,사회복지 - 보육·가족및여성,addr,227,151,0.665,79,76,김천시|감문면|김천시|감천면|김천시|개령면|김천시|구성면|김천시|대덕면,경산시|남산면|경산시|남천면|경산시|압량읍|경산시|와촌면|경산시|용성면
emd,15110916,경상북도 영주시_건물재산,지역개발 - 지역및도시,LOCPLC,23,15143780,경상북도_어린이보호구역 정보조회,사회복지 - 보육·가족및여성,addr,227,15,0.652,8,212,영주시|가흥동|영주시|단산면|영주시|문수면|영주시|봉현면|영주시|부석면,김천시|감문면|김천시|감천면|김천시|개령면|김천시|구성면|김천시|남면
emd,15097237,경상북도 구미시_농경지 용수 공급 시설,농림 - 농업·농촌,adreslnm,20,15097248,경상북도 구미시_어린이 보호 구역,공공질서및안전 - 안전관리,lnm_adres,32,13,0.65,7,19,구미시|고아읍|구미시|구포동|구미시|도개면|구미시|무을면|구미시|산동읍,구미시|감문면|구미시|거의동|구미시|공단동|구미시|광평동|구미시|구평동
emd,15000736_getHsptlBassInfoInqire,국립중앙의료원_전국 병·의원 찾기 서비스,보건 - 보건의료,dutyAddr,286,15097238,경상북도 구미시_화학 물질 누출 대응 시스템 취급업체,공공질서및안전 - 안전관리,adres,14,9,0.643,277,5,구미시|가동|구미시|고아읍|구미시|공단동|구미시|산동면|구미시|선산읍,경산시|남산면|경산시|남천면|경산시|사동|경산시|삼풍동|경산시|압량면
emd,15000736_getHsptlMdcncFullDown,국립중앙의료원_전국 병·의원 찾기 서비스,보건 - 보건의료,dutyAddr,288,15097238,경상북도 구미시_화학 물질 누출 대응 시스템 취급업체,공공질서및안전 - 안전관리,adres,14,9,0.643,279,5,구미시|가동|구미시|고아읍|구미시|공단동|구미시|산동면|구미시|선산읍,경산시|남산면|경산시|남천면|경산시|사동|경산시|삼풍동|경산시|압량면
emd,15000736_getHsptlMdcncListInfoInqire,국립중앙의료원_전국 병·의원 찾기 서비스,보건 - 보건의료,dutyAddr,308,15097238,경상북도 구미시_화학 물질 누출 대응 시스템 취급업체,공공질서및안전 - 안전관리,adres,14,9,0.643,299,5,구미시|가동|구미시|고아읍|구미시|공단동|구미시|산동면|구미시|선산읍,경산시|남산면|경산시|남천면|경산시|사동|경산시|삼풍동|경산시|압량면
emd,15097231,경상북도 구미시_체육시설업 현황,문화체육관광 - 체육,fclty_adres_lnm,32,15097238,경상북도 구미시_화학 물질 누출 대응 시스템 취급업체,공공질서및안전 - 안전관리,adres,14,9,0.643,23,5,구미시|고아읍|구미시|공단동|구미시|구포동|구미시|산동면|구미시|선산읍,구미시|가동|구미시|거의동|구미시|광평동|구미시|구평동|구미시|금전동
emd,15097238,경상북도 구미시_화학 물질 누출 대응 시스템 취급업체,공공질서및안전 - 안전관리,adres,14,15097248,경상북도 구미시_어린이 보호 구역,공공질서및안전 - 안전관리,lnm_adres,32,9,0.643,5,23,구미시|고아읍|구미시|공단동|구미시|구포동|구미시|금전동|구미시|선산읍,구미시|가동|구미시|광평동|구미시|구평동|구미시|남통동|구미시|다사읍
emd,15097238,경상북도 구미시_화학 물질 누출 대응 시스템 취급업체,공공질서및안전 - 안전관리,adres,14,15097249,경상북도 구미시_경로당,사회복지 - 노인·청소년,lnm_adres,36,9,0.643,5,27,구미시|고아읍|구미시|공단동|구미시|구포동|구미시|금전동|구미시|선산읍,구미시|가동|구미시|거의동|구미시|광평동|구미시|구평동|구미시|남통동
emd,15097253,경상북도 구미시_노인 복지 시설 현황,사회복지 - 노인·청소년,instt_adres,14,15124615,경상북도 상주시_계약 정보,일반공공행정 - 일반행정,CNTRCT_TRGET_LC,190,9,0.643,5,181,구미시|고아읍|구미시|사곡동|구미시|산동면|구미시|선산읍|구미시|송정동,경산시|계양동|경산시|남천면|경산시|사정동|경산시|삼풍동|경산시|신교동
emd,15124615,경상북도 상주시_계약 정보,일반공공행정 - 일반행정,CNTRCT_TRGET_LC,190,15157817,경상북도 영천시_면직물 생산공장 현황,산업·통상·중소기업 - 산업·중소기업일반,lotAddr,14,9,0.643,181,5,영천시|고경면|영천시|금호읍|영천시|녹전동|영천시|대창면|영천시|신녕면,경산시|계양동|경산시|남천면|경산시|사정동|경산시|삼풍동|경산시|신교동
emd,15143264,경상북도_시군별 주민센터 현황,일반공공행정 - 일반행정,addr,230,15157817,경상북도 영천시_면직물 생산공장 현황,산업·통상·중소기업 - 산업·중소기업일반,lotAddr,14,9,0.643,221,5,영천시|고경면|영천시|금호읍|영천시|대창면|영천시|북안면|영천시|신녕면,경산시|남산면|경산시|남천면|경산시|압량읍|경산시|와촌면|경산시|용성면
emd,15143795,경상북도_노인복지시설 현황조회,사회복지 - 노인·청소년,fcltAddr,203,15157817,경상북도 영천시_면직물 생산공장 현황,산업·통상·중소기업 - 산업·중소기업일반,lotAddr,14,9,0.643,194,5,영천시|고경면|영천시|금호읍|영천시|대창면|영천시|북안면|영천시|신녕면,경산시|가동|경산시|계양동|경산시|남산면|경산시|남천면|경산시|대평동
emd,15157800,경상북도 영천시_의료기기판매업소 현황,보건 - 보건의료,addr,16,15157817,경상북도 영천시_면직물 생산공장 현황,산업·통상·중소기업 - 산업·중소기업일반,lotAddr,14,9,0.643,7,5,영천시|고경면|영천시|금호읍|영천시|대창면|영천시|망정동|영천시|북안면,영천시|녹전동|영천시|문외동|영천시|봉동|영천시|상가동|영천시|신기동
emd,15157817,경상북도 영천시_면직물 생산공장 현황,산업·통상·중소기업 - 산업·중소기업일반,lotAddr,14,15157829,경상북도 영천시_상수도원격검침 지역별 현황,지역개발 - 수자원,area,16,9,0.643,5,7,영천시|고경면|영천시|금호읍|영천시|대창면|영천시|북안면|영천시|신녕면,영천시|남부동|영천시|녹전동|영천시|동부동|영천시|망정동|영천시|서부동
emd,15157817,경상북도 영천시_면직물 생산공장 현황,산업·통상·중소기업 - 산업·중소기업일반,lotAddr,14,15157837,경상북도 영천시_새마을회관 현황,일반공공행정 - 일반행정,lotAddr,23,9,0.643,5,14,영천시|고경면|영천시|금호읍|영천시|대창면|영천시|북안면|영천시|신녕면,영천시|교촌동|영천시|녹전동|영천시|대전동|영천시|도남동|영천시|망정동
emd,15143265,경상북도_공중화장실 정보 조회,보건 - 보건의료,addr,437,15157767,경상북도 영천시_공장 현황,산업·통상·중소기업 - 산업·중소기업일반,lotAddr,33,21,0.636,416,12,영천시|고경면|영천시|금노동|영천시|금호읍|영천시|대창면|영천시|망정동,경산시|갑제동|경산시|계양동|경산시|남산면|경산시|남천면|경산시|대평동
emd,15097245,경상북도 구미시_축산 농가 현황,농림 - 농업·농촌,bplc_adreslnm,11,15124615,경상북도 상주시_계약 정보,일반공공행정 - 일반행정,CNTRCT_TRGET_LC,190,7,0.636,4,183,구미시|고아읍|구미시|도개면|구미시|산동면|구미시|선산읍|구미시|옥성면,경산시|계양동|경산시|남천면|경산시|사정동|경산시|삼풍동|경산시|신교동
emd,15143780,경상북도_어린이보호구역 정보조회,사회복지 - 보육·가족및여성,addr,227,15157812,경상북도 영천시_제설(모래) 배치현황,공공질서및안전 - 안전관리,dept,11,7,0.636,220,4,영천시|고경면|영천시|금호읍|영천시|북안면|영천시|신녕면|영천시|임고면,김천시|감문면|김천시|감천면|김천시|개령면|김천시|구성면|김천시|남면
emd,15143780,경상북도_어린이보호구역 정보조회,사회복지 - 보육·가족및여성,addr,227,15157824,경상북도 영천시_마을회관현황,사회복지 - 사회복지일반,addr,11,7,0.636,220,4,영천시|고경면|영천시|금호읍|영천시|북안면|영천시|신녕면|영천시|임고면,김천시|감문면|김천시|감천면|김천시|개령면|김천시|구성면|김천시|남면
emd,15157811,경상북도 영천시_안전상비의약품 판매업 현황,보건 - 보건의료,addr,12,15157812,경상북도 영천시_제설(모래) 배치현황,공공질서및안전 - 안전관리,dept,11,7,0.636,5,4,영천시|금호읍|영천시|대창면|영천시|신녕면|영천시|임고면|영천시|청통면,영천시|고경면|영천시|망정동|영천시|봉동|영천시|북안면|영천시|상가동
emd,15157811,경상북도 영천시_안전상비의약품 판매업 현황,보건 - 보건의료,addr,12,15157824,경상북도 영천시_마을회관현황,사회복지 - 사회복지일반,addr,11,7,0.636,5,4,영천시|금호읍|영천시|대창면|영천시|신녕면|영천시|임고면|영천시|청통면,영천시|고경면|영천시|망정동|영천시|봉동|영천시|북안면|영천시|상가동
emd,15000736_getHsptlBassInfoInqire,국립중앙의료원_전국 병·의원 찾기 서비스,보건 - 보건의료,dutyAddr,286,15097250,경상북도 구미시_공공와이파이 현황,통신 - 방송통신,locplc_rdnmadr,35,22,0.629,264,13,구미시|고아읍|구미시|공단동|구미시|도개면|구미시|도량동|구미시|무을면,경산시|남산면|경산시|남천면|경산시|사동|경산시|삼풍동|경산시|압량면
emd,15000736_getHsptlMdcncFullDown,국립중앙의료원_전국 병·의원 찾기 서비스,보건 - 보건의료,dutyAddr,288,15097250,경상북도 구미시_공공와이파이 현황,통신 - 방송통신,locplc_rdnmadr,35,22,0.629,266,13,구미시|고아읍|구미시|공단동|구미시|도개면|구미시|도량동|구미시|무을면,경산시|남산면|경산시|남천면|경산시|사동|경산시|삼풍동|경산시|압량면
emd,15000736_getHsptlMdcncListInfoInqire,국립중앙의료원_전국 병·의원 찾기 서비스,보건 - 보건의료,dutyAddr,308,15097250,경상북도 구미시_공공와이파이 현황,통신 - 방송통신,locplc_rdnmadr,35,22,0.629,286,13,구미시|고아읍|구미시|공단동|구미시|도개면|구미시|도량동|구미시|무을면,경산시|남산면|경산시|남천면|경산시|사동|경산시|삼풍동|경산시|압량면
emd,15000736_getHsptlBassInfoInqire,국립중앙의료원_전국 병·의원 찾기 서비스,보건 - 보건의료,dutyAddr,286,15097248,경상북도 구미시_어린이 보호 구역,공공질서및안전 - 안전관리,lnm_adres,32,20,0.625,266,12,구미시|고아읍|구미시|공단동|구미시|도개면|구미시|도량동|구미시|무을면,경산시|남산면|경산시|남천면|경산시|사동|경산시|삼풍동|경산시|압량면
emd,15000736_getHsptlMdcncFullDown,국립중앙의료원_전국 병·의원 찾기 서비스,보건 - 보건의료,dutyAddr,288,15097248,경상북도 구미시_어린이 보호 구역,공공질서및안전 - 안전관리,lnm_adres,32,20,0.625,268,12,구미시|고아읍|구미시|공단동|구미시|도개면|구미시|도량동|구미시|무을면,경산시|남산면|경산시|남천면|경산시|사동|경산시|삼풍동|경산시|압량면
emd,15000736_getHsptlMdcncListInfoInqire,국립중앙의료원_전국 병·의원 찾기 서비스,보건 - 보건의료,dutyAddr,308,15097248,경상북도 구미시_어린이 보호 구역,공공질서및안전 - 안전관리,lnm_adres,32,20,0.625,288,12,구미시|고아읍|구미시|공단동|구미시|도개면|구미시|도량동|구미시|무을면,경산시|남산면|경산시|남천면|경산시|사동|경산시|삼풍동|경산시|압량면
emd,15000736_getHsptlBassInfoInqire,국립중앙의료원_전국 병·의원 찾기 서비스,보건 - 보건의료,dutyAddr,286,15157829,경상북도 영천시_상수도원격검침 지역별 현황,지역개발 - 수자원,area,16,10,0.625,276,6,영천시|고경면|영천시|금호읍|영천시|대창면|영천시|북안면|영천시|신녕면,경산시|남산면|경산시|남천면|경산시|사동|경산시|삼풍동|경산시|압량면
emd,15000736_getHsptlMdcncFullDown,국립중앙의료원_전국 병·의원 찾기 서비스,보건 - 보건의료,dutyAddr,288,15157829,경상북도 영천시_상수도원격검침 지역별 현황,지역개발 - 수자원,area,16,10,0.625,278,6,영천시|고경면|영천시|금호읍|영천시|대창면|영천시|북안면|영천시|신녕면,경산시|남산면|경산시|남천면|경산시|사동|경산시|삼풍동|경산시|압량면
emd,15143264,경상북도_시군별 주민센터 현황,일반공공행정 - 일반행정,addr,230,15157829,경상북도 영천시_상수도원격검침 지역별 현황,지역개발 - 수자원,area,16,10,0.625,220,6,영천시|고경면|영천시|금호읍|영천시|대창면|영천시|북안면|영천시|신녕면,경산시|남산면|경산시|남천면|경산시|압량읍|경산시|와촌면|경산시|용성면
emd,15143795,경상북도_노인복지시설 현황조회,사회복지 - 노인·청소년,fcltAddr,203,15157794,경상북도 영천시_체육시설업현황,문화체육관광 - 체육,lotAddr,16,10,0.625,193,6,영천시|고경면|영천시|금호읍|영천시|문외동|영천시|성내동|영천시|신녕면,경산시|가동|경산시|계양동|경산시|남산면|경산시|남천면|경산시|대평동
emd,15157800,경상북도 영천시_의료기기판매업소 현황,보건 - 보건의료,addr,16,15157837,경상북도 영천시_새마을회관 현황,일반공공행정 - 일반행정,lotAddr,23,10,0.625,6,13,영천시|고경면|영천시|금호읍|영천시|대창면|영천시|북안면|영천시|신녕면,영천시|교촌동|영천시|대전동|영천시|도남동|영천시|망정동|영천시|문외동
emd,15000736_getHsptlBassInfoInqire,국립중앙의료원_전국 병·의원 찾기 서비스,보건 - 보건의료,dutyAddr,286,15109390,"경상북도 경주시_오토캠핑,야영장 현황",문화체육관광 - 관광,ADRES,8,5,0.625,281,3,경주시|감포읍|경주시|강동면|경주시|내남면|경주시|산내면|경주시|천북면,경산시|남산면|경산시|남천면|경산시|사동|경산시|삼풍동|경산시|압량면
emd,15000736_getHsptlMdcncFullDown,국립중앙의료원_전국 병·의원 찾기 서비스,보건 - 보건의료,dutyAddr,288,15109390,"경상북도 경주시_오토캠핑,야영장 현황",문화체육관광 - 관광,ADRES,8,5,0.625,283,3,경주시|감포읍|경주시|강동면|경주시|내남면|경주시|산내면|경주시|천북면,경산시|남산면|경산시|남천면|경산시|사동|경산시|삼풍동|경산시|압량면
emd,15000736_getHsptlMdcncListInfoInqire,국립중앙의료원_전국 병·의원 찾기 서비스,보건 - 보건의료,dutyAddr,308,15109390,"경상북도 경주시_오토캠핑,야영장 현황",문화체육관광 - 관광,ADRES,8,5,0.625,303,3,경주시|감포읍|경주시|강동면|경주시|내남면|경주시|산내면|경주시|천북면,경산시|남산면|경산시|남천면|경산시|사동|경산시|삼풍동|경산시|압량면
emd,15109390,"경상북도 경주시_오토캠핑,야영장 현황",문화체육관광 - 관광,ADRES,8,15143264,경상북도_시군별 주민센터 현황,일반공공행정 - 일반행정,addr,230,5,0.625,3,225,경주시|감포읍|경주시|강동면|경주시|내남면|경주시|산내면|경주시|천북면,경산시|남산면|경산시|남천면|경산시|압량읍|경산시|와촌면|경산시|용성면
emd,15110876,경상북도 영주시_일반음식점 입식테이블 설치지원 업소현황,일반공공행정 - 일반행정,ADRES,8,15110880,경상북도 영주시_농지전용허가 현황,농림 - 농업·농촌,LOCPLC,10,5,0.625,3,5,영주시|단산면|영주시|봉현면|영주시|부석면|영주시|안정면|영주시|풍기읍,영주시|고현동|영주시|문수면|영주시|순흥면|영주시|영주동|영주시|이산면
emd,15110876,경상북도 영주시_일반음식점 입식테이블 설치지원 업소현황,일반공공행정 - 일반행정,ADRES,8,15110882,경상북도 영주시_산지전용허가 현황,농림 - 농업·농촌,LOCPLC,11,5,0.625,3,6,영주시|단산면|영주시|봉현면|영주시|안정면|영주시|풍기읍|영주시|휴천동,영주시|가흥동|영주시|문수면|영주시|문정동|영주시|부석면|영주시|상망동
emd,15110876,경상북도 영주시_일반음식점 입식테이블 설치지원 업소현황,일반공공행정 - 일반행정,ADRES,8,15110897,경상북도 영주시_노인복지시설,사회복지 - 사회복지일반,RDNMADR,9,5,0.625,3,4,영주시|봉현면|영주시|순흥면|영주시|안정면|영주시|풍기읍|영주시|휴천동,영주시|단산면|영주시|문수면|영주시|부석면|영주시|영주동|영주시|장수면
emd,15143780,경상북도_어린이보호구역 정보조회,사회복지 - 보육·가족및여성,addr,227,15157808,경상북도 영천시_캠핑장현황,문화체육관광 - 관광,addr,8,5,0.625,222,3,영천시|고경면|영천시|금호읍|영천시|신녕면|영천시|임고면|영천시|화북면,김천시|감문면|김천시|감천면|김천시|개령면|김천시|구성면|김천시|남면
emd,15157794,경상북도 영천시_체육시설업현황,문화체육관광 - 체육,lotAddr,16,15157808,경상북도 영천시_캠핑장현황,문화체육관광 - 관광,addr,8,5,0.625,11,3,영천시|고경면|영천시|금호읍|영천시|신녕면|영천시|임고면|영천시|청통면,영천시|교촌동|영천시|대창면|영천시|망정동|영천시|문내동|영천시|문외동
emd,15157808,경상북도 영천시_캠핑장현황,문화체육관광 - 관광,addr,8,15157811,경상북도 영천시_안전상비의약품 판매업 현황,보건 - 보건의료,addr,12,5,0.625,3,7,영천시|금호읍|영천시|대창면|영천시|신녕면|영천시|임고면|영천시|청통면,영천시|고경면|영천시|망정동|영천시|봉동|영천시|상가동|영천시|완산동
emd,15000736_getHsptlBassInfoInqire,국립중앙의료원_전국 병·의원 찾기 서비스,보건 - 보건의료,dutyAddr,286,15139550,경상북도 포항시_지역별 기상 현황,환경 - 대기,lc,29,18,0.621,268,11,포항시|구룡포읍|포항시|기계면|포항시|기북면|포항시|대송면|포항시|동해면,경산시|남산면|경산시|남천면|경산시|사동|경산시|삼풍동|경산시|압량면
emd,15000736_getHsptlBassInfoInqire,국립중앙의료원_전국 병·의원 찾기 서비스,보건 - 보건의료,dutyAddr,286,15139552,경상북도 포항시_지역별 노령 인구 현황,일반공공행정 - 국가통계,sigun,29,18,0.621,268,11,포항시|구룡포읍|포항시|기계면|포항시|기북면|포항시|대송면|포항시|동해면,경산시|남산면|경산시|남천면|경산시|사동|경산시|삼풍동|경산시|압량면
emd,15000736_getHsptlBassInfoInqire,국립중앙의료원_전국 병·의원 찾기 서비스,보건 - 보건의료,dutyAddr,286,15139553,경상북도 포항시_지역별 생산 가능 인구 현황,일반공공행정 - 국가통계,sigun,29,18,0.621,268,11,포항시|구룡포읍|포항시|기계면|포항시|기북면|포항시|대송면|포항시|동해면,경산시|남산면|경산시|남천면|경산시|사동|경산시|삼풍동|경산시|압량면
emd,15000736_getHsptlBassInfoInqire,국립중앙의료원_전국 병·의원 찾기 서비스,보건 - 보건의료,dutyAddr,286,15139556,경상북도 포항시_지역별 유소년 인구 현황,일반공공행정 - 국가통계,sigun,29,18,0.621,268,11,포항시|구룡포읍|포항시|기계면|포항시|기북면|포항시|대송면|포항시|동해면,경산시|남산면|경산시|남천면|경산시|사동|경산시|삼풍동|경산시|압량면
emd,15000736_getHsptlBassInfoInqire,국립중앙의료원_전국 병·의원 찾기 서비스,보건 - 보건의료,dutyAddr,286,15139557,경상북도 포항시_지역별 주민등록 인구 현황,일반공공행정 - 국가통계,gpmn,29,18,0.621,268,11,포항시|구룡포읍|포항시|기계면|포항시|기북면|포항시|대송면|포항시|동해면,경산시|남산면|경산시|남천면|경산시|사동|경산시|삼풍동|경산시|압량면
emd,15000736_getHsptlBassInfoInqire,국립중앙의료원_전국 병·의원 찾기 서비스,보건 - 보건의료,dutyAddr,286,15139566,경상북도 포항시_방문 거주지 현황,일반공공행정 - 지방행정·재정지원,emd,29,18,0.621,268,11,포항시|구룡포읍|포항시|기계면|포항시|기북면|포항시|대송면|포항시|동해면,경산시|남산면|경산시|남천면|경산시|사동|경산시|삼풍동|경산시|압량면
emd,15000736_getHsptlBassInfoInqire,국립중앙의료원_전국 병·의원 찾기 서비스,보건 - 보건의료,dutyAddr,286,15139573,경상북도 포항시_생활 인구 거주지 현황,일반공공행정 - 지방행정·재정지원,emd,29,18,0.621,268,11,포항시|구룡포읍|포항시|기계면|포항시|기북면|포항시|대송면|포항시|동해면,경산시|남산면|경산시|남천면|경산시|사동|경산시|삼풍동|경산시|압량면
emd,15000736_getHsptlBassInfoInqire,국립중앙의료원_전국 병·의원 찾기 서비스,보건 - 보건의료,dutyAddr,286,15139580,경상북도 포항시_지역별 생활 인구 현황,일반공공행정 - 국가통계,adstrd,29,18,0.621,268,11,포항시|구룡포읍|포항시|기계면|포항시|기북면|포항시|대송면|포항시|동해면,경산시|남산면|경산시|남천면|경산시|사동|경산시|삼풍동|경산시|압량면
emd,15000736_getHsptlMdcncFullDown,국립중앙의료원_전국 병·의원 찾기 서비스,보건 - 보건의료,dutyAddr,288,15139550,경상북도 포항시_지역별 기상 현황,환경 - 대기,lc,29,18,0.621,270,11,포항시|구룡포읍|포항시|기계면|포항시|기북면|포항시|대송면|포항시|동해면,경산시|남산면|경산시|남천면|경산시|사동|경산시|삼풍동|경산시|압량면
emd,15000736_getHsptlMdcncFullDown,국립중앙의료원_전국 병·의원 찾기 서비스,보건 - 보건의료,dutyAddr,288,15139552,경상북도 포항시_지역별 노령 인구 현황,일반공공행정 - 국가통계,sigun,29,18,0.621,270,11,포항시|구룡포읍|포항시|기계면|포항시|기북면|포항시|대송면|포항시|동해면,경산시|남산면|경산시|남천면|경산시|사동|경산시|삼풍동|경산시|압량면
emd,15000736_getHsptlMdcncFullDown,국립중앙의료원_전국 병·의원 찾기 서비스,보건 - 보건의료,dutyAddr,288,15139553,경상북도 포항시_지역별 생산 가능 인구 현황,일반공공행정 - 국가통계,sigun,29,18,0.621,270,11,포항시|구룡포읍|포항시|기계면|포항시|기북면|포항시|대송면|포항시|동해면,경산시|남산면|경산시|남천면|경산시|사동|경산시|삼풍동|경산시|압량면
emd,15000736_getHsptlMdcncFullDown,국립중앙의료원_전국 병·의원 찾기 서비스,보건 - 보건의료,dutyAddr,288,15139556,경상북도 포항시_지역별 유소년 인구 현황,일반공공행정 - 국가통계,sigun,29,18,0.621,270,11,포항시|구룡포읍|포항시|기계면|포항시|기북면|포항시|대송면|포항시|동해면,경산시|남산면|경산시|남천면|경산시|사동|경산시|삼풍동|경산시|압량면
emd,15000736_getHsptlMdcncFullDown,국립중앙의료원_전국 병·의원 찾기 서비스,보건 - 보건의료,dutyAddr,288,15139557,경상북도 포항시_지역별 주민등록 인구 현황,일반공공행정 - 국가통계,gpmn,29,18,0.621,270,11,포항시|구룡포읍|포항시|기계면|포항시|기북면|포항시|대송면|포항시|동해면,경산시|남산면|경산시|남천면|경산시|사동|경산시|삼풍동|경산시|압량면
emd,15000736_getHsptlMdcncFullDown,국립중앙의료원_전국 병·의원 찾기 서비스,보건 - 보건의료,dutyAddr,288,15139566,경상북도 포항시_방문 거주지 현황,일반공공행정 - 지방행정·재정지원,emd,29,18,0.621,270,11,포항시|구룡포읍|포항시|기계면|포항시|기북면|포항시|대송면|포항시|동해면,경산시|남산면|경산시|남천면|경산시|사동|경산시|삼풍동|경산시|압량면
emd,15000736_getHsptlMdcncFullDown,국립중앙의료원_전국 병·의원 찾기 서비스,보건 - 보건의료,dutyAddr,288,15139573,경상북도 포항시_생활 인구 거주지 현황,일반공공행정 - 지방행정·재정지원,emd,29,18,0.621,270,11,포항시|구룡포읍|포항시|기계면|포항시|기북면|포항시|대송면|포항시|동해면,경산시|남산면|경산시|남천면|경산시|사동|경산시|삼풍동|경산시|압량면
emd,15000736_getHsptlMdcncFullDown,국립중앙의료원_전국 병·의원 찾기 서비스,보건 - 보건의료,dutyAddr,288,15139580,경상북도 포항시_지역별 생활 인구 현황,일반공공행정 - 국가통계,adstrd,29,18,0.621,270,11,포항시|구룡포읍|포항시|기계면|포항시|기북면|포항시|대송면|포항시|동해면,경산시|남산면|경산시|남천면|경산시|사동|경산시|삼풍동|경산시|압량면
emd,15000736_getHsptlMdcncListInfoInqire,국립중앙의료원_전국 병·의원 찾기 서비스,보건 - 보건의료,dutyAddr,308,15139550,경상북도 포항시_지역별 기상 현황,환경 - 대기,lc,29,18,0.621,290,11,포항시|구룡포읍|포항시|기계면|포항시|기북면|포항시|대송면|포항시|동해면,경산시|남산면|경산시|남천면|경산시|사동|경산시|삼풍동|경산시|압량면
emd,15000736_getHsptlMdcncListInfoInqire,국립중앙의료원_전국 병·의원 찾기 서비스,보건 - 보건의료,dutyAddr,308,15139552,경상북도 포항시_지역별 노령 인구 현황,일반공공행정 - 국가통계,sigun,29,18,0.621,290,11,포항시|구룡포읍|포항시|기계면|포항시|기북면|포항시|대송면|포항시|동해면,경산시|남산면|경산시|남천면|경산시|사동|경산시|삼풍동|경산시|압량면
emd,15000736_getHsptlMdcncListInfoInqire,국립중앙의료원_전국 병·의원 찾기 서비스,보건 - 보건의료,dutyAddr,308,15139553,경상북도 포항시_지역별 생산 가능 인구 현황,일반공공행정 - 국가통계,sigun,29,18,0.621,290,11,포항시|구룡포읍|포항시|기계면|포항시|기북면|포항시|대송면|포항시|동해면,경산시|남산면|경산시|남천면|경산시|사동|경산시|삼풍동|경산시|압량면
emd,15000736_getHsptlMdcncListInfoInqire,국립중앙의료원_전국 병·의원 찾기 서비스,보건 - 보건의료,dutyAddr,308,15139556,경상북도 포항시_지역별 유소년 인구 현황,일반공공행정 - 국가통계,sigun,29,18,0.621,290,11,포항시|구룡포읍|포항시|기계면|포항시|기북면|포항시|대송면|포항시|동해면,경산시|남산면|경산시|남천면|경산시|사동|경산시|삼풍동|경산시|압량면
emd,15000736_getHsptlMdcncListInfoInqire,국립중앙의료원_전국 병·의원 찾기 서비스,보건 - 보건의료,dutyAddr,308,15139557,경상북도 포항시_지역별 주민등록 인구 현황,일반공공행정 - 국가통계,gpmn,29,18,0.621,290,11,포항시|구룡포읍|포항시|기계면|포항시|기북면|포항시|대송면|포항시|동해면,경산시|남산면|경산시|남천면|경산시|사동|경산시|삼풍동|경산시|압량면
emd,15000736_getHsptlMdcncListInfoInqire,국립중앙의료원_전국 병·의원 찾기 서비스,보건 - 보건의료,dutyAddr,308,15139566,경상북도 포항시_방문 거주지 현황,일반공공행정 - 지방행정·재정지원,emd,29,18,0.621,290,11,포항시|구룡포읍|포항시|기계면|포항시|기북면|포항시|대송면|포항시|동해면,경산시|남산면|경산시|남천면|경산시|사동|경산시|삼풍동|경산시|압량면
emd,15000736_getHsptlMdcncListInfoInqire,국립중앙의료원_전국 병·의원 찾기 서비스,보건 - 보건의료,dutyAddr,308,15139573,경상북도 포항시_생활 인구 거주지 현황,일반공공행정 - 지방행정·재정지원,emd,29,18,0.621,290,11,포항시|구룡포읍|포항시|기계면|포항시|기북면|포항시|대송면|포항시|동해면,경산시|남산면|경산시|남천면|경산시|사동|경산시|삼풍동|경산시|압량면
emd,15000736_getHsptlMdcncListInfoInqire,국립중앙의료원_전국 병·의원 찾기 서비스,보건 - 보건의료,dutyAddr,308,15139580,경상북도 포항시_지역별 생활 인구 현황,일반공공행정 - 국가통계,adstrd,29,18,0.621,290,11,포항시|구룡포읍|포항시|기계면|포항시|기북면|포항시|대송면|포항시|동해면,경산시|남산면|경산시|남천면|경산시|사동|경산시|삼풍동|경산시|압량면
emd,15139519,경상북도 포항시_생활 지도 시설 현황,사회복지 - 사회복지일반,addr,84,15143780,경상북도_어린이보호구역 정보조회,사회복지 - 보육·가족및여성,addr,227,52,0.619,32,175,봉화군|봉화읍|상주시|공성면|상주시|남성동|상주시|사벌국면|상주시|함창읍,경주시|강동면|군위군|군위읍|김천시|감문면|김천시|감천면|김천시|개령면
emd,15000736_getHsptlBassInfoInqire,국립중앙의료원_전국 병·의원 찾기 서비스,보건 - 보건의료,dutyAddr,286,15097234,경상북도 구미시_문화재 정보,문화체육관광 - 문화재,locplc,21,13,0.619,273,8,구미시|고아읍|구미시|도개면|구미시|무을면|구미시|봉곡동|구미시|산동면,경산시|남산면|경산시|남천면|경산시|사동|경산시|삼풍동|경산시|압량면
emd,15000736_getHsptlMdcncFullDown,국립중앙의료원_전국 병·의원 찾기 서비스,보건 - 보건의료,dutyAddr,288,15097234,경상북도 구미시_문화재 정보,문화체육관광 - 문화재,locplc,21,13,0.619,275,8,구미시|고아읍|구미시|도개면|구미시|무을면|구미시|봉곡동|구미시|산동면,경산시|남산면|경산시|남천면|경산시|사동|경산시|삼풍동|경산시|압량면
emd,15000736_getHsptlMdcncListInfoInqire,국립중앙의료원_전국 병·의원 찾기 서비스,보건 - 보건의료,dutyAddr,308,15097234,경상북도 구미시_문화재 정보,문화체육관광 - 문화재,locplc,21,13,0.619,295,8,구미시|고아읍|구미시|도개면|구미시|무을면|구미시|봉곡동|구미시|산동면,경산시|남산면|경산시|남천면|경산시|사동|경산시|삼풍동|경산시|압량면
emd,15000736_getHsptlMdcncListInfoInqire,국립중앙의료원_전국 병·의원 찾기 서비스,보건 - 보건의료,dutyAddr,308,15157833,경상북도 영천시_저수지 보수보강 현황,농림 - 농업·농촌,addr,21,13,0.619,295,8,영천시|고경면|영천시|금호읍|영천시|대창면|영천시|망정동|영천시|북안면,경산시|남산면|경산시|남천면|경산시|사동|경산시|삼풍동|경산시|압량면
emd,15094915_getTourContentList,경상북도 경산시_관광자료 조회 서비스,문화체육관광 - 관광,address,21,15143795,경상북도_노인복지시설 현황조회,사회복지 - 노인·청소년,fcltAddr,203,13,0.619,8,190,경산시|가동|경산시|남산면|경산시|남천면|경산시|사동|경산시|상가동,경산시|계양동|경산시|나동|경산시|다동|경산시|대동|경산시|대평동
emd,15124615,경상북도 상주시_계약 정보,일반공공행정 - 일반행정,CNTRCT_TRGET_LC,190,15143264,경상북도_시군별 주민센터 현황,일반공공행정 - 일반행정,addr,230,117,0.616,73,113,경산시|남천면|경산시|와촌면|경산시|용성면|경산시|자인면|경산시|진량읍,경산시|계양동|경산시|남산면|경산시|사정동|경산시|삼풍동|경산시|신교동
emd,15157788,경상북도 영천시_사업장폐기물배출자신고 현황,환경 - 폐기물,lotAddr,27,15157823,경상북도 영천시_태양광발전사업 허가 현황,산업·통상·중소기업 - 에너지및자원개발,ridong,26,16,0.615,11,10,영천시|금노동|영천시|녹전동|영천시|대전동|영천시|도남동|영천시|도동,영천시|고경면|영천시|괴연동|영천시|금호읍|영천시|대창면|영천시|도림동
emd,15000736_getHsptlBassInfoInqire,국립중앙의료원_전국 병·의원 찾기 서비스,보건 - 보건의료,dutyAddr,286,15157827,경상북도 영천시_전문건설업 현황,지역개발 - 산업단지,roadAddr,13,8,0.615,278,5,영천시|고경면|영천시|금호읍|영천시|대창면|영천시|북안면|영천시|신녕면,경산시|남산면|경산시|남천면|경산시|사동|경산시|삼풍동|경산시|압량면
emd,15000736_getHsptlMdcncFullDown,국립중앙의료원_전국 병·의원 찾기 서비스,보건 - 보건의료,dutyAddr,288,15157827,경상북도 영천시_전문건설업 현황,지역개발 - 산업단지,roadAddr,13,8,0.615,280,5,영천시|고경면|영천시|금호읍|영천시|대창면|영천시|북안면|영천시|신녕면,경산시|남산면|경산시|남천면|경산시|사동|경산시|삼풍동|경산시|압량면
emd,15097247,경상북도 구미시_저수지 현황,농림 - 농업·농촌,adres,13,15143264,경상북도_시군별 주민센터 현황,일반공공행정 - 일반행정,addr,230,8,0.615,5,222,구미시|고아읍|구미시|도개면|구미시|무을면|구미시|산동읍|구미시|선산읍,경산시|남산면|경산시|남천면|경산시|압량읍|경산시|와촌면|경산시|용성면
emd,15097247,경상북도 구미시_저수지 현황,농림 - 농업·농촌,adres,13,15143795,경상북도_노인복지시설 현황조회,사회복지 - 노인·청소년,fcltAddr,203,8,0.615,5,195,구미시|고아읍|구미시|도개면|구미시|무을면|구미시|산동읍|구미시|선산읍,경산시|가동|경산시|계양동|경산시|남산면|경산시|남천면|경산시|대평동
emd,15124615,경상북도 상주시_계약 정보,일반공공행정 - 일반행정,CNTRCT_TRGET_LC,190,15157816,경상북도 영천시_강우량시설 현황,환경 - 대기,lotAddr,13,8,0.615,182,5,영천시|고경면|영천시|금호읍|영천시|대창면|영천시|신녕면|영천시|임고면,경산시|계양동|경산시|남천면|경산시|사정동|경산시|삼풍동|경산시|신교동
emd,15124615,경상북도 상주시_계약 정보,일반공공행정 - 일반행정,CNTRCT_TRGET_LC,190,15143756,경상북도_사회적기업 현황조회,교통및물류 - 물류등기타,roadaddr,124,76,0.613,114,48,경산시|와촌면|경산시|용성면|경산시|자인면|경산시|진량읍|경산시|하양읍,경산시|계양동|경산시|남산면|경산시|남천면|경산시|사정동|경산시|삼풍동
emd,15000736_getHsptlBassInfoInqire,국립중앙의료원_전국 병·의원 찾기 서비스,보건 - 보건의료,dutyAddr,286,15110916,경상북도 영주시_건물재산,지역개발 - 지역및도시,LOCPLC,23,14,0.609,272,9,영주시|가흥동|영주시|단산면|영주시|문수면|영주시|봉현면|영주시|부석면,경산시|남산면|경산시|남천면|경산시|사동|경산시|삼풍동|경산시|압량면
emd,15000736_getHsptlMdcncFullDown,국립중앙의료원_전국 병·의원 찾기 서비스,보건 - 보건의료,dutyAddr,288,15110916,경상북도 영주시_건물재산,지역개발 - 지역및도시,LOCPLC,23,14,0.609,274,9,영주시|가흥동|영주시|단산면|영주시|문수면|영주시|봉현면|영주시|부석면,경산시|남산면|경산시|남천면|경산시|사동|경산시|삼풍동|경산시|압량면
emd,15000736_getHsptlMdcncListInfoInqire,국립중앙의료원_전국 병·의원 찾기 서비스,보건 - 보건의료,dutyAddr,308,15110916,경상북도 영주시_건물재산,지역개발 - 지역및도시,LOCPLC,23,14,0.609,294,9,영주시|가흥동|영주시|단산면|영주시|문수면|영주시|봉현면|영주시|부석면,경산시|남산면|경산시|남천면|경산시|사동|경산시|삼풍동|경산시|압량면
emd,15157788,경상북도 영천시_사업장폐기물배출자신고 현황,환경 - 폐기물,lotAddr,27,15157799,경상북도 영천시_미용업현황,보건 - 보건의료,roadAddr,23,14,0.609,13,9,영천시|고경면|영천시|금호읍|영천시|대창면|영천시|망정동|영천시|문내동,영천시|가동|영천시|구읍|영천시|금노동|영천시|녹전동|영천시|대전동
emd,15143780,경상북도_어린이보호구역 정보조회,사회복지 - 보육·가족및여성,addr,227,15143795,경상북도_노인복지시설 현황조회,사회복지 - 노인·청소년,fcltAddr,203,122,0.601,105,81,김천시|감문면|김천시|감천면|김천시|구성면|김천시|남면|김천시|대항면,경산시|가동|경산시|계양동|경산시|남산면|경산시|남천면|경산시|대평동
emd,15097246,경상북도 구미시_일반 음식점,문화체육관광 - 관광,locplcrn,50,15143265,경상북도_공중화장실 정보 조회,보건 - 보건의료,addr,437,30,0.6,20,407,구미시|고아읍|구미시|공단동|구미시|광평동|구미시|구평동|구미시|구포동,경산시|갑제동|경산시|계양동|경산시|남산면|경산시|남천면|경산시|대평동
sgg,15097246,경상북도 구미시_일반 음식점,문화체육관광 - 관광,bssh_nm,16,15139519,경상북도 포항시_생활 지도 시설 현황,사회복지 - 사회복지일반,addr,10,6,0.6,10,4,안동시|영덕군|영주시|영천시|예천군,경주시|고령군|구미시|군위군|김천시
emd,15110880,경상북도 영주시_농지전용허가 현황,농림 - 농업·농촌,LOCPLC,10,15110882,경상북도 영주시_산지전용허가 현황,농림 - 농업·농촌,LOCPLC,11,6,0.6,4,5,영주시|단산면|영주시|문수면|영주시|봉현면|영주시|안정면|영주시|평은면,영주시|가흥동|영주시|고현동|영주시|문정동|영주시|부석면|영주시|상망동
emd,15110880,경상북도 영주시_농지전용허가 현황,농림 - 농업·농촌,LOCPLC,10,15143756,경상북도_사회적기업 현황조회,교통및물류 - 물류등기타,roadaddr,124,6,0.6,4,118,영주시|문수면|영주시|봉현면|영주시|부석면|영주시|안정면|영주시|장수면,경산시|남산면|경산시|압량읍|경산시|와촌면|경산시|용성면|경산시|자인면
emd,15110882,경상북도 영주시_산지전용허가 현황,농림 - 농업·농촌,LOCPLC,11,15110883,경상북도 영주시_보건지소 및 진료소 현황,보건 - 보건의료,LC,10,6,0.6,5,4,영주시|단산면|영주시|문수면|영주시|봉현면|영주시|안정면|영주시|평은면,영주시|가흥동|영주시|문정동|영주시|부석면|영주시|상망동|영주시|순흥면
emd,15110883,경상북도 영주시_보건지소 및 진료소 현황,보건 - 보건의료,LC,10,15110913,경상북도 영주시_토지재산,지역개발 - 지역및도시,LOCPLC,19,6,0.6,4,13,영주시|문수면|영주시|안정면|영주시|이산면|영주시|장수면|영주시|평은면,영주시|가흥동|영주시|고현동|영주시|단산면|영주시|문정동|영주시|봉현면
emd,15110883,경상북도 영주시_보건지소 및 진료소 현황,보건 - 보건의료,LC,10,15143795,경상북도_노인복지시설 현황조회,사회복지 - 노인·청소년,fcltAddr,203,6,0.6,4,197,영주시|문수면|영주시|봉현면|영주시|순흥면|영주시|안정면|영주시|장수면,경산시|가동|경산시|계양동|경산시|남산면|경산시|남천면|경산시|대평동
emd,15143780,경상북도_어린이보호구역 정보조회,사회복지 - 보육·가족및여성,addr,227,15157795,경상북도 영천시_동물병원 현황,농림 - 임업·산촌,addr,10,6,0.6,221,4,영천시|금호읍|영천시|북안면|영천시|성내동|영천시|야사동|영천시|완산동,김천시|감문면|김천시|감천면|김천시|개령면|김천시|구성면|김천시|남면
emd,15157795,경상북도 영천시_동물병원 현황,농림 - 임업·산촌,addr,10,15157800,경상북도 영천시_의료기기판매업소 현황,보건 - 보건의료,addr,16,6,0.6,4,10,영천시|금호읍|영천시|문외동|영천시|북안면|영천시|야사동|영천시|완산동,영천시|고경면|영천시|대창면|영천시|도림동|영천시|망정동|영천시|문내동
emd,15157795,경상북도 영천시_동물병원 현황,농림 - 임업·산촌,addr,10,15157823,경상북도 영천시_태양광발전사업 허가 현황,산업·통상·중소기업 - 에너지및자원개발,ridong,26,6,0.6,4,20,영천시|도림동|영천시|문외동|영천시|성내동|영천시|야사동|영천시|완산동,영천시|괴연동|영천시|금노동|영천시|금호읍|영천시|녹전동|영천시|대전동
emd,15157795,경상북도 영천시_동물병원 현황,농림 - 임업·산촌,addr,10,15157837,경상북도 영천시_새마을회관 현황,일반공공행정 - 일반행정,lotAddr,23,6,0.6,4,17,영천시|금호읍|영천시|북안면|영천시|성내동|영천시|완산동|영천시|청통면,영천시|고경면|영천시|교촌동|영천시|대전동|영천시|대창면|영천시|도남동
emd,15000736_getHsptlBassInfoInqire,국립중앙의료원_전국 병·의원 찾기 서비스,보건 - 보건의료,dutyAddr,286,15109586,경상북도 경주시_걷기길 정보,문화체육관광 - 문화체육관광일반,SEARCH,5,3,0.6,283,2,경주시|감포읍|경주시|문무대왕면|경주시|양남면,경산시|남산면|경산시|남천면|경산시|사동|경산시|삼풍동|경산시|압량면
emd,15000736_getHsptlBassInfoInqire,국립중앙의료원_전국 병·의원 찾기 서비스,보건 - 보건의료,dutyAddr,286,15157773,경상북도 영천시_착한가격업소 현황,지역개발 - 지역및도시,roadAddr,5,3,0.6,283,2,영천시|고경면|영천시|신녕면|영천시|화북면,경산시|남산면|경산시|남천면|경산시|사동|경산시|삼풍동|경산시|압량면
emd,15000736_getHsptlBassInfoInqire,국립중앙의료원_전국 병·의원 찾기 서비스,보건 - 보건의료,dutyAddr,286,15157805,경상북도 영천시_임신부 할인업소 현황,보건 - 식품의약안전,addr,5,3,0.6,283,2,영천시|금호읍|영천시|북안면|영천시|신녕면,경산시|남산면|경산시|남천면|경산시|사동|경산시|삼풍동|경산시|압량면
emd,15000736_getHsptlBassInfoInqire,국립중앙의료원_전국 병·의원 찾기 서비스,보건 - 보건의료,dutyAddr,286,ep_YeongcheonFarmproduction,경상북도 영천시_농산물산지 현황,,addr,5,3,0.6,283,2,영천시|금호읍|영천시|신녕면|영천시|화남면,경산시|남산면|경산시|남천면|경산시|사동|경산시|삼풍동|경산시|압량면
emd,15000736_getHsptlMdcncFullDown,국립중앙의료원_전국 병·의원 찾기 서비스,보건 - 보건의료,dutyAddr,288,15109586,경상북도 경주시_걷기길 정보,문화체육관광 - 문화체육관광일반,SEARCH,5,3,0.6,285,2,경주시|감포읍|경주시|문무대왕면|경주시|양남면,경산시|남산면|경산시|남천면|경산시|사동|경산시|삼풍동|경산시|압량면
emd,15000736_getHsptlMdcncFullDown,국립중앙의료원_전국 병·의원 찾기 서비스,보건 - 보건의료,dutyAddr,288,15157773,경상북도 영천시_착한가격업소 현황,지역개발 - 지역및도시,roadAddr,5,3,0.6,285,2,영천시|고경면|영천시|신녕면|영천시|화북면,경산시|남산면|경산시|남천면|경산시|사동|경산시|삼풍동|경산시|압량면
emd,15000736_getHsptlMdcncFullDown,국립중앙의료원_전국 병·의원 찾기 서비스,보건 - 보건의료,dutyAddr,288,15157805,경상북도 영천시_임신부 할인업소 현황,보건 - 식품의약안전,addr,5,3,0.6,285,2,영천시|금호읍|영천시|북안면|영천시|신녕면,경산시|남산면|경산시|남천면|경산시|사동|경산시|삼풍동|경산시|압량면
emd,15000736_getHsptlMdcncFullDown,국립중앙의료원_전국 병·의원 찾기 서비스,보건 - 보건의료,dutyAddr,288,ep_YeongcheonFarmproduction,경상북도 영천시_농산물산지 현황,,addr,5,3,0.6,285,2,영천시|금호읍|영천시|신녕면|영천시|화남면,경산시|남산면|경산시|남천면|경산시|사동|경산시|삼풍동|경산시|압량면
emd,15000736_getHsptlMdcncListInfoInqire,국립중앙의료원_전국 병·의원 찾기 서비스,보건 - 보건의료,dutyAddr,308,15109586,경상북도 경주시_걷기길 정보,문화체육관광 - 문화체육관광일반,SEARCH,5,3,0.6,305,2,경주시|감포읍|경주시|문무대왕면|경주시|양남면,경산시|남산면|경산시|남천면|경산시|사동|경산시|삼풍동|경산시|압량면
emd,15000736_getHsptlMdcncListInfoInqire,국립중앙의료원_전국 병·의원 찾기 서비스,보건 - 보건의료,dutyAddr,308,15157773,경상북도 영천시_착한가격업소 현황,지역개발 - 지역및도시,roadAddr,5,3,0.6,305,2,영천시|고경면|영천시|신녕면|영천시|화북면,경산시|남산면|경산시|남천면|경산시|사동|경산시|삼풍동|경산시|압량면
emd,15097231,경상북도 구미시_체육시설업 현황,문화체육관광 - 체육,fclty_adres_lnm,32,15097251,경상북도 구미시_가축분뇨 배출시설 설치 허가 농가,환경 - 환경일반,locplc,5,3,0.6,29,2,구미시|고아읍|구미시|선산읍|구미시|해평면,구미시|거의동|구미시|공단동|구미시|광평동|구미시|구평동|구미시|구포동
emd,15097251,경상북도 구미시_가축분뇨 배출시설 설치 허가 농가,환경 - 환경일반,locplc,5,15097253,경상북도 구미시_노인 복지 시설 현황,사회복지 - 노인·청소년,instt_adres,14,3,0.6,2,11,구미시|고아읍|구미시|산동읍|구미시|선산읍,구미시|가동|구미시|도개면|구미시|무을면|구미시|봉곡동|구미시|사곡동
emd,15097251,경상북도 구미시_가축분뇨 배출시설 설치 허가 농가,환경 - 환경일반,locplc,5,15143756,경상북도_사회적기업 현황조회,교통및물류 - 물류등기타,roadaddr,124,3,0.6,2,121,구미시|고아읍|구미시|선산읍|구미시|해평면,경산시|남산면|경산시|압량읍|경산시|와촌면|경산시|용성면|경산시|자인면
emd,15109586,경상북도 경주시_걷기길 정보,문화체육관광 - 문화체육관광일반,SEARCH,5,15143264,경상북도_시군별 주민센터 현황,일반공공행정 - 일반행정,addr,230,3,0.6,2,227,경주시|감포읍|경주시|문무대왕면|경주시|양남면,경산시|남산면|경산시|남천면|경산시|압량읍|경산시|와촌면|경산시|용성면
emd,15110872,경상북도 영주시_안심식당 현황,문화체육관광 - 관광,ADRES,9,15110898,경상북도 영주시_장기요양시설,사회복지 - 사회복지일반,ADRES,5,3,0.6,6,2,영주시|문수면|영주시|순흥면|영주시|풍기읍,영주시|단산면|영주시|봉현면|영주시|부석면|영주시|안정면|영주시|영주동
emd,15110876,경상북도 영주시_일반음식점 입식테이블 설치지원 업소현황,일반공공행정 - 일반행정,ADRES,8,15110899,경상북도 영주시_장애인복지시설,사회복지 - 사회복지일반,RDNMADR,5,3,0.6,5,2,영주시|단산면|영주시|안정면|영주시|풍기읍,영주시|문수면|영주시|봉현면|영주시|부석면|영주시|순흥면|영주시|영주동
emd,15110877,경상북도 영주시_영주맛집 현황,문화체육관광 - 관광,ADRES,6,15110898,경상북도 영주시_장기요양시설,사회복지 - 사회복지일반,ADRES,5,3,0.6,3,2,영주시|문수면|영주시|순흥면|영주시|풍기읍,영주시|봉현면|영주시|부석면|영주시|안정면|영주시|영주동|영주시|휴천동
emd,15110877,경상북도 영주시_영주맛집 현황,문화체육관광 - 관광,ADRES,6,15110899,경상북도 영주시_장애인복지시설,사회복지 - 사회복지일반,RDNMADR,5,3,0.6,3,2,영주시|문수면|영주시|안정면|영주시|풍기읍,영주시|단산면|영주시|봉현면|영주시|부석면|영주시|순흥면|영주시|이산면
emd,15110882,경상북도 영주시_산지전용허가 현황,농림 - 농업·농촌,LOCPLC,11,15110898,경상북도 영주시_장기요양시설,사회복지 - 사회복지일반,ADRES,5,3,0.6,8,2,영주시|문수면|영주시|풍기읍|영주시|휴천동,영주시|가흥동|영주시|단산면|영주시|문정동|영주시|봉현면|영주시|상망동
emd,15110883,경상북도 영주시_보건지소 및 진료소 현황,보건 - 보건의료,LC,10,15110898,경상북도 영주시_장기요양시설,사회복지 - 사회복지일반,ADRES,5,3,0.6,7,2,영주시|문수면|영주시|순흥면|영주시|풍기읍,영주시|단산면|영주시|봉현면|영주시|부석면|영주시|안정면|영주시|영주동
emd,15110884,경상북도 영주시_모자보건사업실적,보건 - 보건의료,SIGNGU_NM,12,15110898,경상북도 영주시_장기요양시설,사회복지 - 사회복지일반,ADRES,5,3,0.6,9,2,영주시|문수면|영주시|순흥면|영주시|풍기읍,영주시|단산면|영주시|봉현면|영주시|부석면|영주시|상망동|영주시|안정면
emd,15110897,경상북도 영주시_노인복지시설,사회복지 - 사회복지일반,RDNMADR,9,15110899,경상북도 영주시_장애인복지시설,사회복지 - 사회복지일반,RDNMADR,5,3,0.6,6,2,영주시|문수면|영주시|안정면|영주시|풍기읍,영주시|단산면|영주시|봉현면|영주시|순흥면|영주시|이산면|영주시|장수면
emd,15110898,경상북도 영주시_장기요양시설,사회복지 - 사회복지일반,ADRES,5,15110904,경상북도 영주시_연도별 주요기업 유치현황,산업·통상·중소기업 - 산업·중소기업일반,LC,9,3,0.6,2,6,영주시|문수면|영주시|영주동|영주시|풍기읍,영주시|가흥동|영주시|부석면|영주시|상줄동|영주시|순흥면|영주시|아지동
emd,15110898,경상북도 영주시_장기요양시설,사회복지 - 사회복지일반,ADRES,5,15110924,경상북도 영주시_농어촌민박 신고대장,문화체육관광 - 문화체육관광일반,RDNMADR,9,3,0.6,2,6,영주시|문수면|영주시|순흥면|영주시|풍기읍,영주시|단산면|영주시|봉현면|영주시|부석면|영주시|안정면|영주시|영주동
emd,15110898,경상북도 영주시_장기요양시설,사회복지 - 사회복지일반,ADRES,5,15110937,경상북도 영주시_불법주정차 CCTV 단속 현황,교통및물류 - 물류등기타,VIOLT_PLACE,6,3,0.6,2,3,영주시|영주동|영주시|풍기읍|영주시|휴천동,영주시|문수면|영주시|순흥면|영주시|장우동|영주시|하망동|영주시|후지우동
emd,15110898,경상북도 영주시_장기요양시설,사회복지 - 사회복지일반,ADRES,5,15124615,경상북도 상주시_계약 정보,일반공공행정 - 일반행정,CNTRCT_TRGET_LC,190,3,0.6,2,187,영주시|문수면|영주시|영주동|영주시|풍기읍,경산시|계양동|경산시|남천면|경산시|사정동|경산시|삼풍동|경산시|신교동
emd,15110898,경상북도 영주시_장기요양시설,사회복지 - 사회복지일반,ADRES,5,15143264,경상북도_시군별 주민센터 현황,일반공공행정 - 일반행정,addr,230,3,0.6,2,227,영주시|문수면|영주시|순흥면|영주시|풍기읍,경산시|남산면|경산시|남천면|경산시|압량읍|경산시|와촌면|경산시|용성면
emd,15110898,경상북도 영주시_장기요양시설,사회복지 - 사회복지일반,ADRES,5,15143795,경상북도_노인복지시설 현황조회,사회복지 - 노인·청소년,fcltAddr,203,3,0.6,2,200,영주시|문수면|영주시|순흥면|영주시|풍기읍,경산시|가동|경산시|계양동|경산시|남산면|경산시|남천면|경산시|대평동
emd,15110899,경상북도 영주시_장애인복지시설,사회복지 - 사회복지일반,RDNMADR,5,15110904,경상북도 영주시_연도별 주요기업 유치현황,산업·통상·중소기업 - 산업·중소기업일반,LC,9,3,0.6,2,6,영주시|문수면|영주시|안정면|영주시|풍기읍,영주시|가흥동|영주시|단산면|영주시|부석면|영주시|상줄동|영주시|아지동
emd,15110899,경상북도 영주시_장애인복지시설,사회복지 - 사회복지일반,RDNMADR,5,15143756,경상북도_사회적기업 현황조회,교통및물류 - 물류등기타,roadaddr,124,3,0.6,2,121,영주시|문수면|영주시|안정면|영주시|풍기읍,경산시|남산면|경산시|압량읍|경산시|와촌면|경산시|용성면|경산시|자인면
emd,15110899,경상북도 영주시_장애인복지시설,사회복지 - 사회복지일반,RDNMADR,5,15143795,경상북도_노인복지시설 현황조회,사회복지 - 노인·청소년,fcltAddr,203,3,0.6,2,200,영주시|문수면|영주시|안정면|영주시|풍기읍,경산시|가동|경산시|계양동|경산시|남산면|경산시|남천면|경산시|대평동
emd,15124615,경상북도 상주시_계약 정보,일반공공행정 - 일반행정,CNTRCT_TRGET_LC,190,15157773,경상북도 영천시_착한가격업소 현황,지역개발 - 지역및도시,roadAddr,5,3,0.6,187,2,영천시|고경면|영천시|신녕면|영천시|중앙동,경산시|계양동|경산시|남천면|경산시|사정동|경산시|삼풍동|경산시|신교동
emd,15124615,경상북도 상주시_계약 정보,일반공공행정 - 일반행정,CNTRCT_TRGET_LC,190,ep_YeongcheonMedicalfacility,경상북도 영천시_의료기관현황,보건 - 식품의약안전,addr,5,3,0.6,187,2,영천시|고경면|영천시|금호읍|영천시|신녕면,경산시|계양동|경산시|남천면|경산시|사정동|경산시|삼풍동|경산시|신교동
emd,15139519,경상북도 포항시_생활 지도 시설 현황,사회복지 - 사회복지일반,addr,84,15157805,경상북도 영천시_임신부 할인업소 현황,보건 - 식품의약안전,addr,5,3,0.6,81,2,영천시|금호읍|영천시|북안면|영천시|신녕면,경주시|강동면|군위군|군위읍|봉화군|봉화읍|봉화군|신내동|상주시|공성면
emd,15139519,경상북도 포항시_생활 지도 시설 현황,사회복지 - 사회복지일반,addr,84,ep_YeongcheonPharmacy,경상북도 영천시_약국 현황,보건 - 식품의약안전,roadAddr,5,3,0.6,81,2,영천시|금호읍|영천시|북안면|영천시|신녕면,경주시|강동면|군위군|군위읍|봉화군|봉화읍|봉화군|신내동|상주시|공성면
emd,15143756,경상북도_사회적기업 현황조회,교통및물류 - 물류등기타,roadaddr,124,ep_YeongcheonFarmproduction,경상북도 영천시_농산물산지 현황,,addr,5,3,0.6,121,2,영천시|금호읍|영천시|임고면|영천시|화남면,경산시|남산면|경산시|압량읍|경산시|와촌면|경산시|용성면|경산시|자인면
emd,15143780,경상북도_어린이보호구역 정보조회,사회복지 - 보육·가족및여성,addr,227,15157773,경상북도 영천시_착한가격업소 현황,지역개발 - 지역및도시,roadAddr,5,3,0.6,224,2,영천시|고경면|영천시|신녕면|영천시|화북면,김천시|감문면|김천시|감천면|김천시|개령면|김천시|구성면|김천시|남면
emd,15143780,경상북도_어린이보호구역 정보조회,사회복지 - 보육·가족및여성,addr,227,ep_YeongcheonPharmacy,경상북도 영천시_약국 현황,보건 - 식품의약안전,roadAddr,5,3,0.6,224,2,영천시|금호읍|영천시|북안면|영천시|신녕면,김천시|감문면|김천시|감천면|김천시|개령면|김천시|구성면|김천시|남면
emd,15157767,경상북도 영천시_공장 현황,산업·통상·중소기업 - 산업·중소기업일반,lotAddr,33,15157773,경상북도 영천시_착한가격업소 현황,지역개발 - 지역및도시,roadAddr,5,3,0.6,30,2,영천시|고경면|영천시|신녕면|영천시|화북면,영천시|괴연동|영천시|금노동|영천시|금호읍|영천시|녹전동|영천시|대전동
emd,15157773,경상북도 영천시_착한가격업소 현황,지역개발 - 지역및도시,roadAddr,5,15157788,경상북도 영천시_사업장폐기물배출자신고 현황,환경 - 폐기물,lotAddr,27,3,0.6,2,24,영천시|고경면|영천시|신녕면|영천시|화북면,영천시|금노동|영천시|금호읍|영천시|녹전동|영천시|대전동|영천시|대창면
emd,15157773,경상북도 영천시_착한가격업소 현황,지역개발 - 지역및도시,roadAddr,5,15157794,경상북도 영천시_체육시설업현황,문화체육관광 - 체육,lotAddr,16,3,0.6,2,13,영천시|고경면|영천시|문외동|영천시|신녕면,영천시|교촌동|영천시|금호읍|영천시|망정동|영천시|문내동|영천시|성내동
emd,15157773,경상북도 영천시_착한가격업소 현황,지역개발 - 지역및도시,roadAddr,5,15157808,경상북도 영천시_캠핑장현황,문화체육관광 - 관광,addr,8,3,0.6,2,5,영천시|고경면|영천시|신녕면|영천시|화북면,영천시|금호읍|영천시|대창면|영천시|문외동|영천시|임고면|영천시|자양면
emd,15157773,경상북도 영천시_착한가격업소 현황,지역개발 - 지역및도시,roadAddr,5,15157809,경상북도 영천시_직업소개소 현황,지역개발 - 지역및도시,roadAddr,7,3,0.6,2,4,영천시|고경면|영천시|신녕면|영천시|중앙동,영천시|구읍|영천시|금호읍|영천시|문외동|영천시|청통면|영천시|화남면
emd,15157773,경상북도 영천시_착한가격업소 현황,지역개발 - 지역및도시,roadAddr,5,15157812,경상북도 영천시_제설(모래) 배치현황,공공질서및안전 - 안전관리,dept,11,3,0.6,2,8,영천시|고경면|영천시|신녕면|영천시|화북면,영천시|금호읍|영천시|대창면|영천시|문외동|영천시|북안면|영천시|임고면
emd,15157773,경상북도 영천시_착한가격업소 현황,지역개발 - 지역및도시,roadAddr,5,15157824,경상북도 영천시_마을회관현황,사회복지 - 사회복지일반,addr,11,3,0.6,2,8,영천시|고경면|영천시|신녕면|영천시|화북면,영천시|금호읍|영천시|대창면|영천시|문외동|영천시|북안면|영천시|임고면
emd,15157773,경상북도 영천시_착한가격업소 현황,지역개발 - 지역및도시,roadAddr,5,15157833,경상북도 영천시_저수지 보수보강 현황,농림 - 농업·농촌,addr,21,3,0.6,2,18,영천시|고경면|영천시|신녕면|영천시|화북면,영천시|괴연동|영천시|금노동|영천시|금호읍|영천시|대창면|영천시|도림동
emd,15157773,경상북도 영천시_착한가격업소 현황,지역개발 - 지역및도시,roadAddr,5,15157837,경상북도 영천시_새마을회관 현황,일반공공행정 - 일반행정,lotAddr,23,3,0.6,2,20,영천시|고경면|영천시|신녕면|영천시|화북면,영천시|교촌동|영천시|금호읍|영천시|대전동|영천시|대창면|영천시|도남동
emd,15157773,경상북도 영천시_착한가격업소 현황,지역개발 - 지역및도시,roadAddr,5,15157838,경상북도 영천시_농어촌민박 현황,문화체육관광 - 관광,lotAddr,12,3,0.6,2,9,영천시|고경면|영천시|신녕면|영천시|화북면,영천시|금호읍|영천시|대창면|영천시|문외동|영천시|오미동|영천시|완산동
emd,15157793,경상북도 영천시_군장병 할인업소 현황,보건 - 식품의약안전,addr,9,ep_YeongcheonFarmproduction,경상북도 영천시_농산물산지 현황,,addr,5,3,0.6,6,2,영천시|금호읍|영천시|임고면|영천시|청통면,영천시|고경면|영천시|과전동|영천시|북안면|영천시|신녕면|영천시|야사동
emd,15157793,경상북도 영천시_군장병 할인업소 현황,보건 - 식품의약안전,addr,9,ep_YeongcheonPharmacy,경상북도 영천시_약국 현황,보건 - 식품의약안전,roadAddr,5,3,0.6,6,2,영천시|금호읍|영천시|북안면|영천시|청통면,영천시|고경면|영천시|과전동|영천시|대창면|영천시|신녕면|영천시|야사동
emd,15157794,경상북도 영천시_체육시설업현황,문화체육관광 - 체육,lotAddr,16,ep_YeongcheonPharmacy,경상북도 영천시_약국 현황,보건 - 식품의약안전,roadAddr,5,3,0.6,13,2,영천시|금호읍|영천시|신녕면|영천시|청통면,영천시|고경면|영천시|교촌동|영천시|대창면|영천시|망정동|영천시|문내동
emd,15157795,경상북도 영천시_동물병원 현황,농림 - 임업·산촌,addr,10,15157805,경상북도 영천시_임신부 할인업소 현황,보건 - 식품의약안전,addr,5,3,0.6,7,2,영천시|금호읍|영천시|북안면|영천시|청통면,영천시|도림동|영천시|문내동|영천시|문외동|영천시|성내동|영천시|신녕면
emd,15157795,경상북도 영천시_동물병원 현황,농림 - 임업·산촌,addr,10,ep_YeongcheonMedicalfacility,경상북도 영천시_의료기관현황,보건 - 식품의약안전,addr,5,3,0.6,7,2,영천시|금호읍|영천시|북안면|영천시|완산동,영천시|고경면|영천시|도림동|영천시|문내동|영천시|문외동|영천시|성내동
emd,15157795,경상북도 영천시_동물병원 현황,농림 - 임업·산촌,addr,10,ep_YeongcheonPharmacy,경상북도 영천시_약국 현황,보건 - 식품의약안전,roadAddr,5,3,0.6,7,2,영천시|금호읍|영천시|북안면|영천시|청통면,영천시|대창면|영천시|도림동|영천시|문내동|영천시|문외동|영천시|성내동
emd,15157805,경상북도 영천시_임신부 할인업소 현황,보건 - 식품의약안전,addr,5,15157809,경상북도 영천시_직업소개소 현황,지역개발 - 지역및도시,roadAddr,7,3,0.6,2,4,영천시|금호읍|영천시|신녕면|영천시|청통면,영천시|고경면|영천시|구읍|영천시|북안면|영천시|임고면|영천시|중앙동
emd,15157805,경상북도 영천시_임신부 할인업소 현황,보건 - 식품의약안전,addr,5,ep_YeongcheonMedicalfacility,경상북도 영천시_의료기관현황,보건 - 식품의약안전,addr,5,3,0.6,2,2,영천시|금호읍|영천시|북안면|영천시|신녕면,영천시|고경면|영천시|완산동|영천시|임고면|영천시|청통면
emd,15157808,경상북도 영천시_캠핑장현황,문화체육관광 - 관광,addr,8,ep_YeongcheonMedicalfacility,경상북도 영천시_의료기관현황,보건 - 식품의약안전,addr,5,3,0.6,5,2,영천시|고경면|영천시|금호읍|영천시|신녕면,영천시|대창면|영천시|북안면|영천시|완산동|영천시|임고면|영천시|자양면
emd,15157809,경상북도 영천시_직업소개소 현황,지역개발 - 지역및도시,roadAddr,7,ep_YeongcheonMedicalfacility,경상북도 영천시_의료기관현황,보건 - 식품의약안전,addr,5,3,0.6,4,2,영천시|고경면|영천시|금호읍|영천시|신녕면,영천시|구읍|영천시|북안면|영천시|완산동|영천시|중앙동|영천시|청통면
emd,15157809,경상북도 영천시_직업소개소 현황,지역개발 - 지역및도시,roadAddr,7,ep_YeongcheonPharmacy,경상북도 영천시_약국 현황,보건 - 식품의약안전,roadAddr,5,3,0.6,4,2,영천시|금호읍|영천시|신녕면|영천시|청통면,영천시|고경면|영천시|구읍|영천시|대창면|영천시|북안면|영천시|중앙동
emd,15157811,경상북도 영천시_안전상비의약품 판매업 현황,보건 - 보건의료,addr,12,ep_YeongcheonMedicalfacility,경상북도 영천시_의료기관현황,보건 - 식품의약안전,addr,5,3,0.6,9,2,영천시|금호읍|영천시|신녕면|영천시|완산동,영천시|고경면|영천시|대창면|영천시|망정동|영천시|봉동|영천시|북안면
emd,15157832,경상북도 영천시_경질유 중질유 사용업체현황,환경 - 대기,addr,7,ep_YeongcheonFarmproduction,경상북도 영천시_농산물산지 현황,,addr,5,3,0.6,4,2,영천시|금호읍|영천시|신녕면|영천시|청통면,영천시|고경면|영천시|대창면|영천시|북안면|영천시|임고면|영천시|화남면
emd,ep_YeongcheonFarmproduction,경상북도 영천시_농산물산지 현황,,addr,5,ep_YeongcheonPharmacy,경상북도 영천시_약국 현황,보건 - 식품의약안전,roadAddr,5,3,0.6,2,2,영천시|금호읍|영천시|신녕면|영천시|청통면,영천시|대창면|영천시|북안면|영천시|임고면|영천시|화남면
emd,ep_YeongcheonMedicalfacility,경상북도 영천시_의료기관현황,보건 - 식품의약안전,addr,5,ep_YeongcheonPharmacy,경상북도 영천시_약국 현황,보건 - 식품의약안전,roadAddr,5,3,0.6,2,2,영천시|금호읍|영천시|북안면|영천시|신녕면,영천시|고경면|영천시|대창면|영천시|완산동|영천시|청통면
emd,ep_YeongcheonMedicalfacility,경상북도 영천시_의료기관현황,보건 - 식품의약안전,addr,5,ep_YeongchoenSeniorwelfare,경상북도 영천시_노인복지시설 현황,사회복지 - 노인·청소년,roadAddr,7,3,0.6,2,4,영천시|고경면|영천시|금호읍|영천시|북안면,영천시|신녕면|영천시|완산동|영천시|임고면|영천시|청통면|영천시|화남면
emd,ep_YeongcheonPharmacy,경상북도 영천시_약국 현황,보건 - 식품의약안전,roadAddr,5,ep_YeongchoenSeniorwelfare,경상북도 영천시_노인복지시설 현황,사회복지 - 노인·청소년,roadAddr,7,3,0.6,2,4,영천시|금호읍|영천시|북안면|영천시|청통면,영천시|고경면|영천시|대창면|영천시|신녕면|영천시|임고면|영천시|화남면
emd,15000736_getHsptlMdcncListInfoInqire,국립중앙의료원_전국 병·의원 찾기 서비스,보건 - 보건의료,dutyAddr,308,15139519,경상북도 포항시_생활 지도 시설 현황,사회복지 - 사회복지일반,addr,84,50,0.595,258,34,경주시|강동면|봉화군|봉화읍|상주시|공성면|상주시|남성동|상주시|무양동,경산시|남산면|경산시|남천면|경산시|사동|경산시|삼풍동|경산시|압량면
emd,15000736_getHsptlMdcncFullDown,국립중앙의료원_전국 병·의원 찾기 서비스,보건 - 보건의료,dutyAddr,288,15139519,경상북도 포항시_생활 지도 시설 현황,사회복지 - 사회복지일반,addr,84,49,0.583,239,35,경주시|강동면|봉화군|봉화읍|상주시|공성면|상주시|남성동|상주시|무양동,경산시|남산면|경산시|남천면|경산시|사동|경산시|삼풍동|경산시|압량면
emd,15000736_getHsptlBassInfoInqire,국립중앙의료원_전국 병·의원 찾기 서비스,보건 - 보건의료,dutyAddr,286,15157811,경상북도 영천시_안전상비의약품 판매업 현황,보건 - 보건의료,addr,12,7,0.583,279,5,영천시|금호읍|영천시|대창면|영천시|망정동|영천시|신녕면|영천시|완산동,경산시|남산면|경산시|남천면|경산시|사동|경산시|삼풍동|경산시|압량면
emd,15000736_getHsptlMdcncFullDown,국립중앙의료원_전국 병·의원 찾기 서비스,보건 - 보건의료,dutyAddr,288,15157811,경상북도 영천시_안전상비의약품 판매업 현황,보건 - 보건의료,addr,12,7,0.583,281,5,영천시|금호읍|영천시|대창면|영천시|망정동|영천시|신녕면|영천시|완산동,경산시|남산면|경산시|남천면|경산시|사동|경산시|삼풍동|경산시|압량면
emd,15143264,경상북도_시군별 주민센터 현황,일반공공행정 - 일반행정,addr,230,15157811,경상북도 영천시_안전상비의약품 판매업 현황,보건 - 보건의료,addr,12,7,0.583,223,5,영천시|금호읍|영천시|대창면|영천시|신녕면|영천시|임고면|영천시|청통면,경산시|남산면|경산시|남천면|경산시|압량읍|경산시|와촌면|경산시|용성면
emd,15143780,경상북도_어린이보호구역 정보조회,사회복지 - 보육·가족및여성,addr,227,15157838,경상북도 영천시_농어촌민박 현황,문화체육관광 - 관광,lotAddr,12,7,0.583,220,5,영천시|고경면|영천시|금호읍|영천시|신녕면|영천시|완산동|영천시|임고면,김천시|감문면|김천시|감천면|김천시|개령면|김천시|구성면|김천시|남면
emd,15157794,경상북도 영천시_체육시설업현황,문화체육관광 - 체육,lotAddr,16,15157811,경상북도 영천시_안전상비의약품 판매업 현황,보건 - 보건의료,addr,12,7,0.583,9,5,영천시|금호읍|영천시|망정동|영천시|신녕면|영천시|완산동|영천시|임고면,영천시|고경면|영천시|교촌동|영천시|대창면|영천시|문내동|영천시|문외동
emd,15157811,경상북도 영천시_안전상비의약품 판매업 현황,보건 - 보건의료,addr,12,15157816,경상북도 영천시_강우량시설 현황,환경 - 대기,lotAddr,13,7,0.583,5,6,영천시|금호읍|영천시|대창면|영천시|신녕면|영천시|임고면|영천시|청통면,영천시|고경면|영천시|망정동|영천시|문외동|영천시|범어동|영천시|봉동
emd,15124615,경상북도 상주시_계약 정보,일반공공행정 - 일반행정,CNTRCT_TRGET_LC,190,15143795,경상북도_노인복지시설 현황조회,사회복지 - 노인·청소년,fcltAddr,203,110,0.579,80,93,경산시|계양동|경산시|남천면|경산시|사정동|경산시|옥산동|경산시|와촌면,경산시|가동|경산시|남산면|경산시|대평동|경산시|사동|경산시|삼풍동
emd,15110913,경상북도 영주시_토지재산,지역개발 - 지역및도시,LOCPLC,19,15143780,경상북도_어린이보호구역 정보조회,사회복지 - 보육·가족및여성,addr,227,11,0.579,8,216,영주시|가흥동|영주시|문수면|영주시|상망동|영주시|안정면|영주시|영주동,김천시|감문면|김천시|감천면|김천시|개령면|김천시|구성면|김천시|남면
emd,15000736_getHsptlBassInfoInqire,국립중앙의료원_전국 병·의원 찾기 서비스,보건 - 보건의료,dutyAddr,286,15139519,경상북도 포항시_생활 지도 시설 현황,사회복지 - 사회복지일반,addr,84,48,0.571,238,36,경주시|강동면|봉화군|봉화읍|상주시|공성면|상주시|남성동|상주시|무양동,경산시|남산면|경산시|남천면|경산시|사동|경산시|삼풍동|경산시|압량면
emd,15000736_getHsptlBassInfoInqire,국립중앙의료원_전국 병·의원 찾기 서비스,보건 - 보건의료,dutyAddr,286,15094915_getTourContentList,경상북도 경산시_관광자료 조회 서비스,문화체육관광 - 관광,address,21,12,0.571,274,9,경산시|남산면|경산시|남천면|경산시|사동|경산시|압량면|경산시|압량읍,경산시|가동|경산시|나동|경산시|다동|경산시|대동|경산시|바동
emd,15000736_getHsptlMdcncFullDown,국립중앙의료원_전국 병·의원 찾기 서비스,보건 - 보건의료,dutyAddr,288,15094915_getTourContentList,경상북도 경산시_관광자료 조회 서비스,문화체육관광 - 관광,address,21,12,0.571,276,9,경산시|남산면|경산시|남천면|경산시|사동|경산시|압량면|경산시|압량읍,경산시|가동|경산시|나동|경산시|다동|경산시|대동|경산시|바동
emd,15000736_getHsptlMdcncListInfoInqire,국립중앙의료원_전국 병·의원 찾기 서비스,보건 - 보건의료,dutyAddr,308,15094915_getTourContentList,경상북도 경산시_관광자료 조회 서비스,문화체육관광 - 관광,address,21,12,0.571,296,9,경산시|남산면|경산시|남천면|경산시|사동|경산시|압량면|경산시|압량읍,경산시|가동|경산시|나동|경산시|다동|경산시|대동|경산시|바동
emd,15157799,경상북도 영천시_미용업현황,보건 - 보건의료,roadAddr,23,15157833,경상북도 영천시_저수지 보수보강 현황,농림 - 농업·농촌,addr,21,12,0.571,11,9,영천시|고경면|영천시|금호읍|영천시|대창면|영천시|망정동|영천시|북안면,영천시|가동|영천시|괴연동|영천시|구읍|영천시|금노동|영천시|도림동
emd,15157822,경상북도 영천시_부동산중개업 현황,지역개발 - 지역및도시,addr,21,15157833,경상북도 영천시_저수지 보수보강 현황,농림 - 농업·농촌,addr,21,12,0.571,9,9,영천시|고경면|영천시|금노동|영천시|금호읍|영천시|대창면|영천시|망정동,영천시|괴연동|영천시|구읍|영천시|도동|영천시|도림동|영천시|문내동
emd,15000736_getHsptlBassInfoInqire,국립중앙의료원_전국 병·의원 찾기 서비스,보건 - 보건의료,dutyAddr,286,15157817,경상북도 영천시_면직물 생산공장 현황,산업·통상·중소기업 - 산업·중소기업일반,lotAddr,14,8,0.571,278,6,영천시|고경면|영천시|금호읍|영천시|대창면|영천시|망정동|영천시|북안면,경산시|남산면|경산시|남천면|경산시|사동|경산시|삼풍동|경산시|압량면
emd,15000736_getHsptlMdcncFullDown,국립중앙의료원_전국 병·의원 찾기 서비스,보건 - 보건의료,dutyAddr,288,15157817,경상북도 영천시_면직물 생산공장 현황,산업·통상·중소기업 - 산업·중소기업일반,lotAddr,14,8,0.571,280,6,영천시|고경면|영천시|금호읍|영천시|대창면|영천시|망정동|영천시|북안면,경산시|남산면|경산시|남천면|경산시|사동|경산시|삼풍동|경산시|압량면
emd,15097238,경상북도 구미시_화학 물질 누출 대응 시스템 취급업체,공공질서및안전 - 안전관리,adres,14,15124615,경상북도 상주시_계약 정보,일반공공행정 - 일반행정,CNTRCT_TRGET_LC,190,8,0.571,6,182,구미시|고아읍|구미시|산동면|구미시|선산읍|구미시|옥계동|구미시|인동,경산시|계양동|경산시|남천면|경산시|사정동|경산시|삼풍동|경산시|신교동
emd,15097253,경상북도 구미시_노인 복지 시설 현황,사회복지 - 노인·청소년,instt_adres,14,15143795,경상북도_노인복지시설 현황조회,사회복지 - 노인·청소년,fcltAddr,203,8,0.571,6,195,구미시|고아읍|구미시|무을면|구미시|사곡동|구미시|산동읍|구미시|선산읍,경산시|가동|경산시|계양동|경산시|남산면|경산시|남천면|경산시|대평동
sgg,15110937,경상북도 영주시_불법주정차 CCTV 단속 현황,교통및물류 - 물류등기타,VIOLT_PLACE,7,15139504,경상북도 포항시_광역 교통 월별 행선지 분석 전체,교통및물류 - 물류등기타,area,14,4,0.571,3,10,안동시|영주시|예천군|청송군,경산시|경주시|구미시|김천시|문경시
sgg,15110937,경상북도 영주시_불법주정차 CCTV 단속 현황,교통및물류 - 물류등기타,VIOLT_PLACE,7,15139519,경상북도 포항시_생활 지도 시설 현황,사회복지 - 사회복지일반,addr,10,4,0.571,3,6,봉화군|안동시|영주시|예천군,경주시|군위군|상주시|영덕군|영양군
emd,15000736_getHsptlBassInfoInqire,국립중앙의료원_전국 병·의원 찾기 서비스,보건 - 보건의료,dutyAddr,286,15109386,경상북도 경주시_한옥 호텔 현황,문화체육관광 - 관광,ADRES,7,4,0.571,282,3,경주시|감포읍|경주시|강동면|경주시|내남면|경주시|외동읍,경산시|남산면|경산시|남천면|경산시|사동|경산시|삼풍동|경산시|압량면
emd,15000736_getHsptlBassInfoInqire,국립중앙의료원_전국 병·의원 찾기 서비스,보건 - 보건의료,dutyAddr,286,15157809,경상북도 영천시_직업소개소 현황,지역개발 - 지역및도시,roadAddr,7,4,0.571,282,3,영천시|고경면|영천시|금호읍|영천시|신녕면|영천시|화남면,경산시|남산면|경산시|남천면|경산시|사동|경산시|삼풍동|경산시|압량면
emd,15000736_getHsptlMdcncFullDown,국립중앙의료원_전국 병·의원 찾기 서비스,보건 - 보건의료,dutyAddr,288,15109386,경상북도 경주시_한옥 호텔 현황,문화체육관광 - 관광,ADRES,7,4,0.571,284,3,경주시|감포읍|경주시|강동면|경주시|내남면|경주시|외동읍,경산시|남산면|경산시|남천면|경산시|사동|경산시|삼풍동|경산시|압량면
emd,15000736_getHsptlMdcncFullDown,국립중앙의료원_전국 병·의원 찾기 서비스,보건 - 보건의료,dutyAddr,288,15157809,경상북도 영천시_직업소개소 현황,지역개발 - 지역및도시,roadAddr,7,4,0.571,284,3,영천시|고경면|영천시|금호읍|영천시|신녕면|영천시|화남면,경산시|남산면|경산시|남천면|경산시|사동|경산시|삼풍동|경산시|압량면
emd,15000736_getHsptlMdcncListInfoInqire,국립중앙의료원_전국 병·의원 찾기 서비스,보건 - 보건의료,dutyAddr,308,15109386,경상북도 경주시_한옥 호텔 현황,문화체육관광 - 관광,ADRES,7,4,0.571,304,3,경주시|감포읍|경주시|강동면|경주시|내남면|경주시|외동읍,경산시|남산면|경산시|남천면|경산시|사동|경산시|삼풍동|경산시|압량면
emd,15097229,경상북도 구미시_학교 주변 cctv,공공질서및안전 - 안전관리,nw_adres,7,15097234,경상북도 구미시_문화재 정보,문화체육관광 - 문화재,locplc,21,4,0.571,3,17,구미시|구평동|구미시|원평동|구미시|형곡동|구미시|황상동,구미시|고아읍|구미시|구포동|구미시|남통동|구미시|도개면|구미시|도량동
emd,15097229,경상북도 구미시_학교 주변 cctv,공공질서및안전 - 안전관리,nw_adres,7,15124615,경상북도 상주시_계약 정보,일반공공행정 - 일반행정,CNTRCT_TRGET_LC,190,4,0.571,3,186,구미시|송정동|구미시|옥계동|구미시|원평동|구미시|형곡동,경산시|계양동|경산시|남천면|경산시|사정동|경산시|삼풍동|경산시|신교동
emd,15097235,경상북도 구미시_경찰서 무인카메라 설치 현황,교통및물류 - 도로,instl_place,7,15097247,경상북도 구미시_저수지 현황,농림 - 농업·농촌,adres,13,4,0.571,3,9,구미시|고아읍|구미시|도개면|구미시|옥성면|구미시|장천면,구미시|도량동|구미시|무을면|구미시|산동|구미시|산동면|구미시|산동읍
emd,15097235,경상북도 구미시_경찰서 무인카메라 설치 현황,교통및물류 - 도로,instl_place,7,15097253,경상북도 구미시_노인 복지 시설 현황,사회복지 - 노인·청소년,instt_adres,14,4,0.571,3,10,구미시|고아읍|구미시|산동면|구미시|옥성면|구미시|임은동,구미시|가동|구미시|도개면|구미시|무을면|구미시|봉곡동|구미시|사곡동
emd,15097235,경상북도 구미시_경찰서 무인카메라 설치 현황,교통및물류 - 도로,instl_place,7,15143264,경상북도_시군별 주민센터 현황,일반공공행정 - 일반행정,addr,230,4,0.571,3,226,구미시|고아읍|구미시|도개면|구미시|옥성면|구미시|장천면,경산시|남산면|경산시|남천면|경산시|압량읍|경산시|와촌면|경산시|용성면
emd,15097235,경상북도 구미시_경찰서 무인카메라 설치 현황,교통및물류 - 도로,instl_place,7,15143795,경상북도_노인복지시설 현황조회,사회복지 - 노인·청소년,fcltAddr,203,4,0.571,3,199,구미시|고아읍|구미시|도개면|구미시|옥성면|구미시|장천면,경산시|가동|경산시|계양동|경산시|남산면|경산시|남천면|경산시|대평동
emd,15109386,경상북도 경주시_한옥 호텔 현황,문화체육관광 - 관광,ADRES,7,15143264,경상북도_시군별 주민센터 현황,일반공공행정 - 일반행정,addr,230,4,0.571,3,226,경주시|감포읍|경주시|강동면|경주시|내남면|경주시|외동읍,경산시|남산면|경산시|남천면|경산시|압량읍|경산시|와촌면|경산시|용성면
emd,15110882,경상북도 영주시_산지전용허가 현황,농림 - 농업·농촌,LOCPLC,11,15110900,경상북도 영주시_농촌관광시설 현황,문화체육관광 - 문화체육관광일반,RDNMADR,7,4,0.571,7,3,영주시|문수면|영주시|봉현면|영주시|평은면|영주시|풍기읍,영주시|가흥동|영주시|단산면|영주시|문정동|영주시|부석면|영주시|상망동
emd,15110900,경상북도 영주시_농촌관광시설 현황,문화체육관광 - 문화체육관광일반,RDNMADR,7,15110904,경상북도 영주시_연도별 주요기업 유치현황,산업·통상·중소기업 - 산업·중소기업일반,LC,9,4,0.571,3,5,영주시|문수면|영주시|부석면|영주시|영주동|영주시|풍기읍,영주시|가흥동|영주시|봉현면|영주시|상줄동|영주시|순흥면|영주시|아지동
emd,15110900,경상북도 영주시_농촌관광시설 현황,문화체육관광 - 문화체육관광일반,RDNMADR,7,15110913,경상북도 영주시_토지재산,지역개발 - 지역및도시,LOCPLC,19,4,0.571,3,15,영주시|문수면|영주시|영주동|영주시|평은면|영주시|풍기읍,영주시|가흥동|영주시|고현동|영주시|문정동|영주시|봉현면|영주시|부석면
emd,15110900,경상북도 영주시_농촌관광시설 현황,문화체육관광 - 문화체육관광일반,RDNMADR,7,15143795,경상북도_노인복지시설 현황조회,사회복지 - 노인·청소년,fcltAddr,203,4,0.571,3,199,영주시|문수면|영주시|봉현면|영주시|순흥면|영주시|풍기읍,경산시|가동|경산시|계양동|경산시|남산면|경산시|남천면|경산시|대평동
emd,15143756,경상북도_사회적기업 현황조회,교통및물류 - 물류등기타,roadaddr,124,ep_YeongchoenSeniorwelfare,경상북도 영천시_노인복지시설 현황,사회복지 - 노인·청소년,roadAddr,7,4,0.571,120,3,영천시|고경면|영천시|금호읍|영천시|임고면|영천시|화남면,경산시|남산면|경산시|압량읍|경산시|와촌면|경산시|용성면|경산시|자인면
emd,15143780,경상북도_어린이보호구역 정보조회,사회복지 - 보육·가족및여성,addr,227,15157809,경상북도 영천시_직업소개소 현황,지역개발 - 지역및도시,roadAddr,7,4,0.571,223,3,영천시|고경면|영천시|금호읍|영천시|신녕면|영천시|화남면,김천시|감문면|김천시|감천면|김천시|개령면|김천시|구성면|김천시|남면
emd,15143780,경상북도_어린이보호구역 정보조회,사회복지 - 보육·가족및여성,addr,227,15157832,경상북도 영천시_경질유 중질유 사용업체현황,환경 - 대기,addr,7,4,0.571,223,3,영천시|고경면|영천시|금호읍|영천시|북안면|영천시|신녕면,김천시|감문면|김천시|감천면|김천시|개령면|김천시|구성면|김천시|남면
emd,15157793,경상북도 영천시_군장병 할인업소 현황,보건 - 식품의약안전,addr,9,15157809,경상북도 영천시_직업소개소 현황,지역개발 - 지역및도시,roadAddr,7,4,0.571,5,3,영천시|고경면|영천시|금호읍|영천시|중앙동|영천시|청통면,영천시|과전동|영천시|구읍|영천시|북안면|영천시|신녕면|영천시|야사동
emd,15157793,경상북도 영천시_군장병 할인업소 현황,보건 - 식품의약안전,addr,9,15157832,경상북도 영천시_경질유 중질유 사용업체현황,환경 - 대기,addr,7,4,0.571,5,3,영천시|고경면|영천시|금호읍|영천시|북안면|영천시|청통면,영천시|과전동|영천시|대창면|영천시|신녕면|영천시|야사동|영천시|완산동
emd,15157794,경상북도 영천시_체육시설업현황,문화체육관광 - 체육,lotAddr,16,15157832,경상북도 영천시_경질유 중질유 사용업체현황,환경 - 대기,addr,7,4,0.571,12,3,영천시|고경면|영천시|금호읍|영천시|신녕면|영천시|청통면,영천시|교촌동|영천시|대창면|영천시|망정동|영천시|문내동|영천시|문외동
emd,15157808,경상북도 영천시_캠핑장현황,문화체육관광 - 관광,addr,8,15157809,경상북도 영천시_직업소개소 현황,지역개발 - 지역및도시,roadAddr,7,4,0.571,4,3,영천시|고경면|영천시|금호읍|영천시|신녕면|영천시|청통면,영천시|구읍|영천시|대창면|영천시|임고면|영천시|자양면|영천시|중앙동
emd,15157808,경상북도 영천시_캠핑장현황,문화체육관광 - 관광,addr,8,ep_YeongchoenSeniorwelfare,경상북도 영천시_노인복지시설 현황,사회복지 - 노인·청소년,roadAddr,7,4,0.571,4,3,영천시|고경면|영천시|금호읍|영천시|임고면|영천시|청통면,영천시|대창면|영천시|북안면|영천시|신녕면|영천시|자양면|영천시|화남면
emd,15157809,경상북도 영천시_직업소개소 현황,지역개발 - 지역및도시,roadAddr,7,15157832,경상북도 영천시_경질유 중질유 사용업체현황,환경 - 대기,addr,7,4,0.571,3,3,영천시|고경면|영천시|금호읍|영천시|신녕면|영천시|청통면,영천시|구읍|영천시|대창면|영천시|북안면|영천시|중앙동|영천시|화남면
emd,15157809,경상북도 영천시_직업소개소 현황,지역개발 - 지역및도시,roadAddr,7,ep_YeongchoenSeniorwelfare,경상북도 영천시_노인복지시설 현황,사회복지 - 노인·청소년,roadAddr,7,4,0.571,3,3,영천시|고경면|영천시|금호읍|영천시|청통면|영천시|화남면,영천시|구읍|영천시|북안면|영천시|신녕면|영천시|임고면|영천시|중앙동
emd,15000736_getHsptlMdcncListInfoInqire,국립중앙의료원_전국 병·의원 찾기 서비스,보건 - 보건의료,dutyAddr,308,15157837,경상북도 영천시_새마을회관 현황,일반공공행정 - 일반행정,lotAddr,23,13,0.565,295,10,영천시|고경면|영천시|금호읍|영천시|대창면|영천시|북안면|영천시|신녕면,경산시|남산면|경산시|남천면|경산시|사동|경산시|삼풍동|경산시|압량면
emd,15143795,경상북도_노인복지시설 현황조회,사회복지 - 노인·청소년,fcltAddr,203,15157799,경상북도 영천시_미용업현황,보건 - 보건의료,roadAddr,23,13,0.565,190,10,영천시|고경면|영천시|금호읍|영천시|대창면|영천시|북안면|영천시|성내동,경산시|가동|경산시|계양동|경산시|남산면|경산시|남천면|경산시|대평동
emd,15157799,경상북도 영천시_미용업현황,보건 - 보건의료,roadAddr,23,15157837,경상북도 영천시_새마을회관 현황,일반공공행정 - 일반행정,lotAddr,23,13,0.565,10,10,영천시|고경면|영천시|금호읍|영천시|대창면|영천시|북안면|영천시|성내동,영천시|가동|영천시|교촌동|영천시|구읍|영천시|대전동|영천시|도남동
emd,15000736_getHsptlBassInfoInqire,국립중앙의료원_전국 병·의원 찾기 서비스,보건 - 보건의료,dutyAddr,286,15097231,경상북도 구미시_체육시설업 현황,문화체육관광 - 체육,fclty_adres_lnm,32,18,0.562,268,14,구미시|고아읍|구미시|공단동|구미시|도량동|구미시|봉곡동|구미시|사곡동,경산시|남산면|경산시|남천면|경산시|사동|경산시|삼풍동|경산시|압량면
emd,15000736_getHsptlMdcncFullDown,국립중앙의료원_전국 병·의원 찾기 서비스,보건 - 보건의료,dutyAddr,288,15097231,경상북도 구미시_체육시설업 현황,문화체육관광 - 체육,fclty_adres_lnm,32,18,0.562,270,14,구미시|고아읍|구미시|공단동|구미시|도량동|구미시|봉곡동|구미시|사곡동,경산시|남산면|경산시|남천면|경산시|사동|경산시|삼풍동|경산시|압량면
emd,15000736_getHsptlMdcncListInfoInqire,국립중앙의료원_전국 병·의원 찾기 서비스,보건 - 보건의료,dutyAddr,308,15097231,경상북도 구미시_체육시설업 현황,문화체육관광 - 체육,fclty_adres_lnm,32,18,0.562,290,14,구미시|고아읍|구미시|공단동|구미시|도량동|구미시|봉곡동|구미시|사곡동,경산시|남산면|경산시|남천면|경산시|사동|경산시|삼풍동|경산시|압량면
emd,15000736_getHsptlBassInfoInqire,국립중앙의료원_전국 병·의원 찾기 서비스,보건 - 보건의료,dutyAddr,286,15157800,경상북도 영천시_의료기기판매업소 현황,보건 - 보건의료,addr,16,9,0.562,277,7,영천시|고경면|영천시|금호읍|영천시|대창면|영천시|망정동|영천시|북안면,경산시|남산면|경산시|남천면|경산시|사동|경산시|삼풍동|경산시|압량면
emd,15000736_getHsptlMdcncFullDown,국립중앙의료원_전국 병·의원 찾기 서비스,보건 - 보건의료,dutyAddr,288,15157800,경상북도 영천시_의료기기판매업소 현황,보건 - 보건의료,addr,16,9,0.562,279,7,영천시|고경면|영천시|금호읍|영천시|대창면|영천시|망정동|영천시|북안면,경산시|남산면|경산시|남천면|경산시|사동|경산시|삼풍동|경산시|압량면
emd,15000736_getHsptlMdcncListInfoInqire,국립중앙의료원_전국 병·의원 찾기 서비스,보건 - 보건의료,dutyAddr,308,15157794,경상북도 영천시_체육시설업현황,문화체육관광 - 체육,lotAddr,16,9,0.562,299,7,영천시|고경면|영천시|금호읍|영천시|망정동|영천시|신녕면|영천시|오미동,경산시|남산면|경산시|남천면|경산시|사동|경산시|삼풍동|경산시|압량면
emd,15124615,경상북도 상주시_계약 정보,일반공공행정 - 일반행정,CNTRCT_TRGET_LC,190,15157800,경상북도 영천시_의료기기판매업소 현황,보건 - 보건의료,addr,16,9,0.562,181,7,영천시|고경면|영천시|금호읍|영천시|대창면|영천시|신녕면|영천시|야사동,경산시|계양동|경산시|남천면|경산시|사정동|경산시|삼풍동|경산시|신교동
emd,15124615,경상북도 상주시_계약 정보,일반공공행정 - 일반행정,CNTRCT_TRGET_LC,190,15157829,경상북도 영천시_상수도원격검침 지역별 현황,지역개발 - 수자원,area,16,9,0.562,181,7,영천시|고경면|영천시|금호읍|영천시|대창면|영천시|신녕면|영천시|임고면,경산시|계양동|경산시|남천면|경산시|사정동|경산시|삼풍동|경산시|신교동
emd,15143780,경상북도_어린이보호구역 정보조회,사회복지 - 보육·가족및여성,addr,227,15157794,경상북도 영천시_체육시설업현황,문화체육관광 - 체육,lotAddr,16,9,0.562,218,7,영천시|고경면|영천시|금호읍|영천시|성내동|영천시|신녕면|영천시|야사동,김천시|감문면|김천시|감천면|김천시|개령면|김천시|구성면|김천시|남면
emd,15157794,경상북도 영천시_체육시설업현황,문화체육관광 - 체육,lotAddr,16,15157800,경상북도 영천시_의료기기판매업소 현황,보건 - 보건의료,addr,16,9,0.562,7,7,영천시|고경면|영천시|금호읍|영천시|망정동|영천시|문외동|영천시|신녕면,영천시|교촌동|영천시|대창면|영천시|문내동|영천시|봉동|영천시|북안면
emd,15157794,경상북도 영천시_체육시설업현황,문화체육관광 - 체육,lotAddr,16,15157833,경상북도 영천시_저수지 보수보강 현황,농림 - 농업·농촌,addr,21,9,0.562,7,12,영천시|고경면|영천시|금호읍|영천시|망정동|영천시|신녕면|영천시|야사동,영천시|괴연동|영천시|교촌동|영천시|금노동|영천시|대창면|영천시|도림동
emd,15000736_getHsptlBassInfoInqire,국립중앙의료원_전국 병·의원 찾기 서비스,보건 - 보건의료,dutyAddr,286,15097249,경상북도 구미시_경로당,사회복지 - 노인·청소년,lnm_adres,36,20,0.556,266,16,구미시|고아읍|구미시|공단동|구미시|도개면|구미시|도량동|구미시|무을면,경산시|남산면|경산시|남천면|경산시|사동|경산시|삼풍동|경산시|압량면
emd,15000736_getHsptlMdcncFullDown,국립중앙의료원_전국 병·의원 찾기 서비스,보건 - 보건의료,dutyAddr,288,15097249,경상북도 구미시_경로당,사회복지 - 노인·청소년,lnm_adres,36,20,0.556,268,16,구미시|고아읍|구미시|공단동|구미시|도개면|구미시|도량동|구미시|무을면,경산시|남산면|경산시|남천면|경산시|사동|경산시|삼풍동|경산시|압량면
emd,15000736_getHsptlMdcncListInfoInqire,국립중앙의료원_전국 병·의원 찾기 서비스,보건 - 보건의료,dutyAddr,308,15097249,경상북도 구미시_경로당,사회복지 - 노인·청소년,lnm_adres,36,20,0.556,288,16,구미시|고아읍|구미시|공단동|구미시|도개면|구미시|도량동|구미시|무을면,경산시|남산면|경산시|남천면|경산시|사동|경산시|삼풍동|경산시|압량면
emd,15000736_getHsptlMdcncListInfoInqire,국립중앙의료원_전국 병·의원 찾기 서비스,보건 - 보건의료,dutyAddr,308,15124609,경상북도 상주시_일반 음식점,문화체육관광 - 관광,RDNMADR,36,20,0.556,288,16,상주시|공검면|상주시|공성면|상주시|낙동면|상주시|남성동|상주시|내서면,경산시|남산면|경산시|남천면|경산시|사동|경산시|삼풍동|경산시|압량면
emd,15110872,경상북도 영주시_안심식당 현황,문화체육관광 - 관광,ADRES,9,15110882,경상북도 영주시_산지전용허가 현황,농림 - 농업·농촌,LOCPLC,11,5,0.556,4,6,영주시|단산면|영주시|문수면|영주시|봉현면|영주시|안정면|영주시|풍기읍,영주시|가흥동|영주시|문정동|영주시|부석면|영주시|상망동|영주시|순흥면
emd,15110872,경상북도 영주시_안심식당 현황,문화체육관광 - 관광,ADRES,9,15110904,경상북도 영주시_연도별 주요기업 유치현황,산업·통상·중소기업 - 산업·중소기업일반,LC,9,5,0.556,4,4,영주시|문수면|영주시|부석면|영주시|안정면|영주시|장수면|영주시|풍기읍,영주시|가흥동|영주시|단산면|영주시|봉현면|영주시|상줄동|영주시|순흥면
emd,15110872,경상북도 영주시_안심식당 현황,문화체육관광 - 관광,ADRES,9,15110913,경상북도 영주시_토지재산,지역개발 - 지역및도시,LOCPLC,19,5,0.556,4,14,영주시|문수면|영주시|안정면|영주시|이산면|영주시|장수면|영주시|풍기읍,영주시|가흥동|영주시|고현동|영주시|단산면|영주시|문정동|영주시|봉현면
emd,15110880,경상북도 영주시_농지전용허가 현황,농림 - 농업·농촌,LOCPLC,10,15110904,경상북도 영주시_연도별 주요기업 유치현황,산업·통상·중소기업 - 산업·중소기업일반,LC,9,5,0.556,5,4,영주시|문수면|영주시|부석면|영주시|안정면|영주시|장수면|영주시|풍기읍,영주시|가흥동|영주시|고현동|영주시|단산면|영주시|봉현면|영주시|상줄동
emd,15110883,경상북도 영주시_보건지소 및 진료소 현황,보건 - 보건의료,LC,10,15110904,경상북도 영주시_연도별 주요기업 유치현황,산업·통상·중소기업 - 산업·중소기업일반,LC,9,5,0.556,5,4,영주시|문수면|영주시|부석면|영주시|안정면|영주시|장수면|영주시|풍기읍,영주시|가흥동|영주시|단산면|영주시|봉현면|영주시|상줄동|영주시|순흥면
emd,15110884,경상북도 영주시_모자보건사업실적,보건 - 보건의료,SIGNGU_NM,12,15110904,경상북도 영주시_연도별 주요기업 유치현황,산업·통상·중소기업 - 산업·중소기업일반,LC,9,5,0.556,7,4,영주시|문수면|영주시|부석면|영주시|안정면|영주시|장수면|영주시|풍기읍,영주시|가흥동|영주시|단산면|영주시|봉현면|영주시|상망동|영주시|상줄동
emd,15110904,경상북도 영주시_연도별 주요기업 유치현황,산업·통상·중소기업 - 산업·중소기업일반,LC,9,15124615,경상북도 상주시_계약 정보,일반공공행정 - 일반행정,CNTRCT_TRGET_LC,190,5,0.556,4,185,영주시|가흥동|영주시|문수면|영주시|영주동|영주시|장수면|영주시|풍기읍,경산시|계양동|경산시|남천면|경산시|사정동|경산시|삼풍동|경산시|신교동
emd,15110904,경상북도 영주시_연도별 주요기업 유치현황,산업·통상·중소기업 - 산업·중소기업일반,LC,9,15143264,경상북도_시군별 주민센터 현황,일반공공행정 - 일반행정,addr,230,5,0.556,4,225,영주시|문수면|영주시|부석면|영주시|안정면|영주시|장수면|영주시|풍기읍,경산시|남산면|경산시|남천면|경산시|압량읍|경산시|와촌면|경산시|용성면
emd,15110913,경상북도 영주시_토지재산,지역개발 - 지역및도시,LOCPLC,19,15110924,경상북도 영주시_농어촌민박 신고대장,문화체육관광 - 문화체육관광일반,RDNMADR,9,5,0.556,14,4,영주시|문수면|영주시|안정면|영주시|이산면|영주시|평은면|영주시|풍기읍,영주시|가흥동|영주시|고현동|영주시|단산면|영주시|문정동|영주시|봉현면
emd,15110924,경상북도 영주시_농어촌민박 신고대장,문화체육관광 - 문화체육관광일반,RDNMADR,9,15143795,경상북도_노인복지시설 현황조회,사회복지 - 노인·청소년,fcltAddr,203,5,0.556,4,198,영주시|문수면|영주시|봉현면|영주시|순흥면|영주시|안정면|영주시|풍기읍,경산시|가동|경산시|계양동|경산시|남산면|경산시|남천면|경산시|대평동
emd,15143264,경상북도_시군별 주민센터 현황,일반공공행정 - 일반행정,addr,230,15157793,경상북도 영천시_군장병 할인업소 현황,보건 - 식품의약안전,addr,9,5,0.556,225,4,영천시|고경면|영천시|금호읍|영천시|북안면|영천시|임고면|영천시|청통면,경산시|남산면|경산시|남천면|경산시|압량읍|경산시|와촌면|경산시|용성면
emd,15157793,경상북도 영천시_군장병 할인업소 현황,보건 - 식품의약안전,addr,9,15157795,경상북도 영천시_동물병원 현황,농림 - 임업·산촌,addr,10,5,0.556,4,5,영천시|금호읍|영천시|북안면|영천시|야사동|영천시|완산동|영천시|청통면,영천시|고경면|영천시|과전동|영천시|도림동|영천시|문내동|영천시|문외동
emd,15157793,경상북도 영천시_군장병 할인업소 현황,보건 - 식품의약안전,addr,9,15157811,경상북도 영천시_안전상비의약품 판매업 현황,보건 - 보건의료,addr,12,5,0.556,4,7,영천시|금호읍|영천시|완산동|영천시|임고면|영천시|중앙동|영천시|청통면,영천시|고경면|영천시|과전동|영천시|대창면|영천시|망정동|영천시|봉동
emd,15157793,경상북도 영천시_군장병 할인업소 현황,보건 - 식품의약안전,addr,9,15157812,경상북도 영천시_제설(모래) 배치현황,공공질서및안전 - 안전관리,dept,11,5,0.556,4,6,영천시|고경면|영천시|금호읍|영천시|북안면|영천시|임고면|영천시|청통면,영천시|과전동|영천시|대창면|영천시|신녕면|영천시|야사동|영천시|완산동
emd,15157793,경상북도 영천시_군장병 할인업소 현황,보건 - 식품의약안전,addr,9,15157816,경상북도 영천시_강우량시설 현황,환경 - 대기,lotAddr,13,5,0.556,4,8,영천시|고경면|영천시|금호읍|영천시|북안면|영천시|임고면|영천시|청통면,영천시|과전동|영천시|대창면|영천시|문외동|영천시|범어동|영천시|신녕면
emd,15157793,경상북도 영천시_군장병 할인업소 현황,보건 - 식품의약안전,addr,9,15157817,경상북도 영천시_면직물 생산공장 현황,산업·통상·중소기업 - 산업·중소기업일반,lotAddr,14,5,0.556,4,9,영천시|고경면|영천시|금호읍|영천시|북안면|영천시|임고면|영천시|청통면,영천시|과전동|영천시|녹전동|영천시|대창면|영천시|망정동|영천시|신기동
emd,15157793,경상북도 영천시_군장병 할인업소 현황,보건 - 식품의약안전,addr,9,15157824,경상북도 영천시_마을회관현황,사회복지 - 사회복지일반,addr,11,5,0.556,4,6,영천시|고경면|영천시|금호읍|영천시|북안면|영천시|임고면|영천시|청통면,영천시|과전동|영천시|대창면|영천시|신녕면|영천시|야사동|영천시|완산동
emd,15157793,경상북도 영천시_군장병 할인업소 현황,보건 - 식품의약안전,addr,9,15157838,경상북도 영천시_농어촌민박 현황,문화체육관광 - 관광,lotAddr,12,5,0.556,4,7,영천시|고경면|영천시|금호읍|영천시|완산동|영천시|임고면|영천시|청통면,영천시|과전동|영천시|대창면|영천시|북안면|영천시|신녕면|영천시|야사동
emd,15000736_getHsptlBassInfoInqire,국립중앙의료원_전국 병·의원 찾기 서비스,보건 - 보건의료,dutyAddr,286,15097237,경상북도 구미시_농경지 용수 공급 시설,농림 - 농업·농촌,adreslnm,20,11,0.55,275,9,구미시|고아읍|구미시|도개면|구미시|무을면|구미시|산동면|구미시|산동읍,경산시|남산면|경산시|남천면|경산시|사동|경산시|삼풍동|경산시|압량면
emd,15000736_getHsptlMdcncFullDown,국립중앙의료원_전국 병·의원 찾기 서비스,보건 - 보건의료,dutyAddr,288,15097237,경상북도 구미시_농경지 용수 공급 시설,농림 - 농업·농촌,adreslnm,20,11,0.55,277,9,구미시|고아읍|구미시|도개면|구미시|무을면|구미시|산동면|구미시|산동읍,경산시|남산면|경산시|남천면|경산시|사동|경산시|삼풍동|경산시|압량면
emd,15000736_getHsptlMdcncListInfoInqire,국립중앙의료원_전국 병·의원 찾기 서비스,보건 - 보건의료,dutyAddr,308,15097237,경상북도 구미시_농경지 용수 공급 시설,농림 - 농업·농촌,adreslnm,20,11,0.55,297,9,구미시|고아읍|구미시|도개면|구미시|무을면|구미시|산동면|구미시|산동읍,경산시|남산면|경산시|남천면|경산시|사동|경산시|삼풍동|경산시|압량면
emd,15097234,경상북도 구미시_문화재 정보,문화체육관광 - 문화재,locplc,21,15097237,경상북도 구미시_농경지 용수 공급 시설,농림 - 농업·농촌,adreslnm,20,11,0.55,10,9,구미시|고아읍|구미시|구포동|구미시|도개면|구미시|무을면|구미시|산동면,구미시|감문면|구미시|거의동|구미시|구평동|구미시|남통동|구미시|봉곡동
emd,15124610,경상북도 상주시_담배 소매인,문화체육관광 - 문화체육관광일반,RDNMADR,22,15143795,경상북도_노인복지시설 현황조회,사회복지 - 노인·청소년,fcltAddr,203,12,0.545,10,191,상주시|공검면|상주시|낙동면|상주시|내서면|상주시|모서면|상주시|사벌국면,경산시|가동|경산시|계양동|경산시|남산면|경산시|남천면|경산시|대평동
emd,15097245,경상북도 구미시_축산 농가 현황,농림 - 농업·농촌,bplc_adreslnm,11,15097253,경상북도 구미시_노인 복지 시설 현황,사회복지 - 노인·청소년,instt_adres,14,6,0.545,5,8,구미시|고아읍|구미시|무을면|구미시|산동면|구미시|산동읍|구미시|선산읍,구미시|가동|구미시|도개면|구미시|봉곡동|구미시|사곡동|구미시|송정동
emd,15110882,경상북도 영주시_산지전용허가 현황,농림 - 농업·농촌,LOCPLC,11,15143264,경상북도_시군별 주민센터 현황,일반공공행정 - 일반행정,addr,230,6,0.545,5,224,영주시|단산면|영주시|문수면|영주시|봉현면|영주시|안정면|영주시|평은면,경산시|남산면|경산시|남천면|경산시|압량읍|경산시|와촌면|경산시|용성면
emd,15157794,경상북도 영천시_체육시설업현황,문화체육관광 - 체육,lotAddr,16,15157812,경상북도 영천시_제설(모래) 배치현황,공공질서및안전 - 안전관리,dept,11,6,0.545,10,5,영천시|고경면|영천시|금호읍|영천시|신녕면|영천시|임고면|영천시|청통면,영천시|교촌동|영천시|대창면|영천시|망정동|영천시|문내동|영천시|문외동
emd,15157794,경상북도 영천시_체육시설업현황,문화체육관광 - 체육,lotAddr,16,15157824,경상북도 영천시_마을회관현황,사회복지 - 사회복지일반,addr,11,6,0.545,10,5,영천시|고경면|영천시|금호읍|영천시|신녕면|영천시|임고면|영천시|청통면,영천시|교촌동|영천시|대창면|영천시|망정동|영천시|문내동|영천시|문외동
emd,15097234,경상북도 구미시_문화재 정보,문화체육관광 - 문화재,locplc,21,15097247,경상북도 구미시_저수지 현황,농림 - 농업·농촌,adres,13,7,0.538,14,6,구미시|고아읍|구미시|도개면|구미시|무을면|구미시|선산읍|구미시|옥성면,구미시|구평동|구미시|구포동|구미시|남통동|구미시|도량동|구미시|봉곡동
emd,15143780,경상북도_어린이보호구역 정보조회,사회복지 - 보육·가족및여성,addr,227,15157792,경상북도 영천시_지진재난 이재민수용시설 현황,공공질서및안전 - 안전관리,addr,13,7,0.538,220,6,영천시|고경면|영천시|금호읍|영천시|북안면|영천시|신녕면|영천시|임고면,김천시|감문면|김천시|감천면|김천시|개령면|김천시|구성면|김천시|남면
emd,15143780,경상북도_어린이보호구역 정보조회,사회복지 - 보육·가족및여성,addr,227,15157816,경상북도 영천시_강우량시설 현황,환경 - 대기,lotAddr,13,7,0.538,220,6,영천시|고경면|영천시|금호읍|영천시|북안면|영천시|신녕면|영천시|임고면,김천시|감문면|김천시|감천면|김천시|개령면|김천시|구성면|김천시|남면
emd,15143780,경상북도_어린이보호구역 정보조회,사회복지 - 보육·가족및여성,addr,227,15157827,경상북도 영천시_전문건설업 현황,지역개발 - 산업단지,roadAddr,13,7,0.538,220,6,영천시|고경면|영천시|금호읍|영천시|북안면|영천시|신녕면|영천시|임고면,김천시|감문면|김천시|감천면|김천시|개령면|김천시|구성면|김천시|남면
emd,15157794,경상북도 영천시_체육시설업현황,문화체육관광 - 체육,lotAddr,16,15157816,경상북도 영천시_강우량시설 현황,환경 - 대기,lotAddr,13,7,0.538,9,6,영천시|고경면|영천시|금호읍|영천시|문외동|영천시|신녕면|영천시|임고면,영천시|교촌동|영천시|대창면|영천시|망정동|영천시|문내동|영천시|범어동
emd,15000736_getHsptlMdcncFullDown,국립중앙의료원_전국 병·의원 찾기 서비스,보건 - 보건의료,dutyAddr,288,15124609,경상북도 상주시_일반 음식점,문화체육관광 - 관광,RDNMADR,36,19,0.528,269,17,상주시|공검면|상주시|공성면|상주시|낙동면|상주시|남성동|상주시|내서면,경산시|남산면|경산시|남천면|경산시|사동|경산시|삼풍동|경산시|압량면
emd,15000736_getHsptlBassInfoInqire,국립중앙의료원_전국 병·의원 찾기 서비스,보건 - 보건의료,dutyAddr,286,15110913,경상북도 영주시_토지재산,지역개발 - 지역및도시,LOCPLC,19,10,0.526,276,9,영주시|가흥동|영주시|문수면|영주시|안정면|영주시|영주동|영주시|이산면,경산시|남산면|경산시|남천면|경산시|사동|경산시|삼풍동|경산시|압량면
emd,15000736_getHsptlMdcncFullDown,국립중앙의료원_전국 병·의원 찾기 서비스,보건 - 보건의료,dutyAddr,288,15110913,경상북도 영주시_토지재산,지역개발 - 지역및도시,LOCPLC,19,10,0.526,278,9,영주시|가흥동|영주시|문수면|영주시|안정면|영주시|영주동|영주시|이산면,경산시|남산면|경산시|남천면|경산시|사동|경산시|삼풍동|경산시|압량면
emd,15000736_getHsptlMdcncListInfoInqire,국립중앙의료원_전국 병·의원 찾기 서비스,보건 - 보건의료,dutyAddr,308,15110913,경상북도 영주시_토지재산,지역개발 - 지역및도시,LOCPLC,19,10,0.526,298,9,영주시|가흥동|영주시|문수면|영주시|안정면|영주시|영주동|영주시|이산면,경산시|남산면|경산시|남천면|경산시|사동|경산시|삼풍동|경산시|압량면
emd,15110920,경상북도 영주시_태양광발전사업 허가내역,산업·통상·중소기업 - 에너지및자원개발,INSTL_PLACE,19,15143264,경상북도_시군별 주민센터 현황,일반공공행정 - 일반행정,addr,230,10,0.526,9,220,영주시|단산면|영주시|문수면|영주시|봉현면|영주시|부석면|영주시|순흥면,경산시|남산면|경산시|남천면|경산시|압량읍|경산시|와촌면|경산시|용성면
emd,15000736_getHsptlBassInfoInqire,국립중앙의료원_전국 병·의원 찾기 서비스,보건 - 보건의료,dutyAddr,286,15157833,경상북도 영천시_저수지 보수보강 현황,농림 - 농업·농촌,addr,21,11,0.524,275,10,영천시|고경면|영천시|금호읍|영천시|대창면|영천시|망정동|영천시|북안면,경산시|남산면|경산시|남천면|경산시|사동|경산시|삼풍동|경산시|압량면
emd,15000736_getHsptlMdcncFullDown,국립중앙의료원_전국 병·의원 찾기 서비스,보건 - 보건의료,dutyAddr,288,15157833,경상북도 영천시_저수지 보수보강 현황,농림 - 농업·농촌,addr,21,11,0.524,277,10,영천시|고경면|영천시|금호읍|영천시|대창면|영천시|망정동|영천시|북안면,경산시|남산면|경산시|남천면|경산시|사동|경산시|삼풍동|경산시|압량면
emd,15000736_getHsptlMdcncListInfoInqire,국립중앙의료원_전국 병·의원 찾기 서비스,보건 - 보건의료,dutyAddr,308,15157822,경상북도 영천시_부동산중개업 현황,지역개발 - 지역및도시,addr,21,11,0.524,297,10,영천시|고경면|영천시|금호읍|영천시|대창면|영천시|망정동|영천시|북안면,경산시|남산면|경산시|남천면|경산시|사동|경산시|삼풍동|경산시|압량면
emd,15097234,경상북도 구미시_문화재 정보,문화체육관광 - 문화재,locplc,21,15124615,경상북도 상주시_계약 정보,일반공공행정 - 일반행정,CNTRCT_TRGET_LC,190,11,0.524,10,179,구미시|고아읍|구미시|도개면|구미시|산동면|구미시|선산읍|구미시|옥성면,경산시|계양동|경산시|남천면|경산시|사정동|경산시|삼풍동|경산시|신교동
emd,15000736_getHsptlMdcncListInfoInqire,국립중앙의료원_전국 병·의원 찾기 서비스,보건 - 보건의료,dutyAddr,308,15157799,경상북도 영천시_미용업현황,보건 - 보건의료,roadAddr,23,12,0.522,296,11,영천시|고경면|영천시|금호읍|영천시|대창면|영천시|망정동|영천시|북안면,경산시|남산면|경산시|남천면|경산시|사동|경산시|삼풍동|경산시|압량면
emd,15124615,경상북도 상주시_계약 정보,일반공공행정 - 일반행정,CNTRCT_TRGET_LC,190,15143780,경상북도_어린이보호구역 정보조회,사회복지 - 보육·가족및여성,addr,227,98,0.516,92,129,김천시|개령면|김천시|구성면|김천시|봉산면|김천시|아포읍|김천시|어모면,경산시|계양동|경산시|남천면|경산시|사정동|경산시|삼풍동|경산시|신교동
emd,15000736_getHsptlBassInfoInqire,국립중앙의료원_전국 병·의원 찾기 서비스,보건 - 보건의료,dutyAddr,286,15124609,경상북도 상주시_일반 음식점,문화체육관광 - 관광,RDNMADR,36,18,0.5,268,18,상주시|공검면|상주시|공성면|상주시|낙동면|상주시|남성동|상주시|내서면,경산시|남산면|경산시|남천면|경산시|사동|경산시|삼풍동|경산시|압량면
emd,15124609,경상북도 상주시_일반 음식점,문화체육관광 - 관광,RDNMADR,36,15143264,경상북도_시군별 주민센터 현황,일반공공행정 - 일반행정,addr,230,18,0.5,18,212,상주시|공검면|상주시|공성면|상주시|낙동면|상주시|내서면|상주시|모동면,경산시|남산면|경산시|남천면|경산시|압량읍|경산시|와촌면|경산시|용성면
emd,15143265,경상북도_공중화장실 정보 조회,보건 - 보건의료,addr,437,15157823,경상북도 영천시_태양광발전사업 허가 현황,산업·통상·중소기업 - 에너지및자원개발,ridong,26,13,0.5,424,13,영천시|금노동|영천시|망정동|영천시|매산동|영천시|문외동|영천시|성내동,경산시|갑제동|경산시|계양동|경산시|남산면|경산시|남천면|경산시|대평동
emd,15143264,경상북도_시군별 주민센터 현황,일반공공행정 - 일반행정,addr,230,15157800,경상북도 영천시_의료기기판매업소 현황,보건 - 보건의료,addr,16,8,0.5,222,8,영천시|고경면|영천시|금호읍|영천시|대창면|영천시|북안면|영천시|신녕면,경산시|남산면|경산시|남천면|경산시|압량읍|경산시|와촌면|경산시|용성면
emd,15143780,경상북도_어린이보호구역 정보조회,사회복지 - 보육·가족및여성,addr,227,15157800,경상북도 영천시_의료기기판매업소 현황,보건 - 보건의료,addr,16,8,0.5,219,8,영천시|고경면|영천시|금호읍|영천시|북안면|영천시|신녕면|영천시|야사동,김천시|감문면|김천시|감천면|김천시|개령면|김천시|구성면|김천시|남면
emd,15143780,경상북도_어린이보호구역 정보조회,사회복지 - 보육·가족및여성,addr,227,15157829,경상북도 영천시_상수도원격검침 지역별 현황,지역개발 - 수자원,area,16,8,0.5,219,8,영천시|고경면|영천시|금호읍|영천시|북안면|영천시|신녕면|영천시|완산동,김천시|감문면|김천시|감천면|김천시|개령면|김천시|구성면|김천시|남면
emd,15157794,경상북도 영천시_체육시설업현황,문화체육관광 - 체육,lotAddr,16,15157823,경상북도 영천시_태양광발전사업 허가 현황,산업·통상·중소기업 - 에너지및자원개발,ridong,26,8,0.5,8,18,영천시|망정동|영천시|문외동|영천시|성내동|영천시|야사동|영천시|오미동,영천시|고경면|영천시|괴연동|영천시|교촌동|영천시|금노동|영천시|금호읍
emd,15097234,경상북도 구미시_문화재 정보,문화체육관광 - 문화재,locplc,21,15097238,경상북도 구미시_화학 물질 누출 대응 시스템 취급업체,공공질서및안전 - 안전관리,adres,14,7,0.5,14,7,구미시|고아읍|구미시|구포동|구미시|산동면|구미시|선산읍|구미시|임수동,구미시|가동|구미시|공단동|구미시|구평동|구미시|금전동|구미시|남통동
emd,15097234,경상북도 구미시_문화재 정보,문화체육관광 - 문화재,locplc,21,15097253,경상북도 구미시_노인 복지 시설 현황,사회복지 - 노인·청소년,instt_adres,14,7,0.5,14,7,구미시|고아읍|구미시|무을면|구미시|봉곡동|구미시|산동면|구미시|선산읍,구미시|가동|구미시|구평동|구미시|구포동|구미시|남통동|구미시|도개면
emd,15097237,경상북도 구미시_농경지 용수 공급 시설,농림 - 농업·농촌,adreslnm,20,15097253,경상북도 구미시_노인 복지 시설 현황,사회복지 - 노인·청소년,instt_adres,14,7,0.5,13,7,구미시|고아읍|구미시|무을면|구미시|산동면|구미시|산동읍|구미시|선산읍,구미시|가동|구미시|감문면|구미시|거의동|구미시|구포동|구미시|도개면
emd,15097238,경상북도 구미시_화학 물질 누출 대응 시스템 취급업체,공공질서및안전 - 안전관리,adres,14,15097253,경상북도 구미시_노인 복지 시설 현황,사회복지 - 노인·청소년,instt_adres,14,7,0.5,7,7,구미시|가동|구미시|고아읍|구미시|산동면|구미시|선산읍|구미시|옥계동,구미시|공단동|구미시|구포동|구미시|금전동|구미시|다사읍|구미시|무을면
emd,15097238,경상북도 구미시_화학 물질 누출 대응 시스템 취급업체,공공질서및안전 - 안전관리,adres,14,15143265,경상북도_공중화장실 정보 조회,보건 - 보건의료,addr,437,7,0.5,7,430,구미시|고아읍|구미시|공단동|구미시|구포동|구미시|선산읍|구미시|옥계동,경산시|갑제동|경산시|계양동|경산시|남산면|경산시|남천면|경산시|대평동
emd,15097253,경상북도 구미시_노인 복지 시설 현황,사회복지 - 노인·청소년,instt_adres,14,15143264,경상북도_시군별 주민센터 현황,일반공공행정 - 일반행정,addr,230,7,0.5,7,223,구미시|고아읍|구미시|무을면|구미시|사곡동|구미시|산동읍|구미시|선산읍,경산시|남산면|경산시|남천면|경산시|압량읍|경산시|와촌면|경산시|용성면
emd,15157794,경상북도 영천시_체육시설업현황,문화체육관광 - 체육,lotAddr,16,15157817,경상북도 영천시_면직물 생산공장 현황,산업·통상·중소기업 - 산업·중소기업일반,lotAddr,14,7,0.5,9,7,영천시|고경면|영천시|금호읍|영천시|망정동|영천시|신녕면|영천시|임고면,영천시|교촌동|영천시|녹전동|영천시|대창면|영천시|문내동|영천시|문외동
emd,15110884,경상북도 영주시_모자보건사업실적,보건 - 보건의료,SIGNGU_NM,12,15143795,경상북도_노인복지시설 현황조회,사회복지 - 노인·청소년,fcltAddr,203,6,0.5,6,197,영주시|문수면|영주시|봉현면|영주시|순흥면|영주시|안정면|영주시|장수면,경산시|가동|경산시|계양동|경산시|남산면|경산시|남천면|경산시|대평동
emd,15000736_getHsptlBassInfoInqire,국립중앙의료원_전국 병·의원 찾기 서비스,보건 - 보건의료,dutyAddr,286,ep_pohangArpltnEnvrn,경상북도 포항시_대기오염 환경,,msrstn_nm,10,5,0.5,281,5,포항시|대도동|포항시|대송면|포항시|연일읍|포항시|오천읍|포항시|우현동,경산시|남산면|경산시|남천면|경산시|사동|경산시|삼풍동|경산시|압량면
emd,15000736_getHsptlMdcncFullDown,국립중앙의료원_전국 병·의원 찾기 서비스,보건 - 보건의료,dutyAddr,288,ep_pohangArpltnEnvrn,경상북도 포항시_대기오염 환경,,msrstn_nm,10,5,0.5,283,5,포항시|대도동|포항시|대송면|포항시|연일읍|포항시|오천읍|포항시|우현동,경산시|남산면|경산시|남천면|경산시|사동|경산시|삼풍동|경산시|압량면
emd,15000736_getHsptlMdcncListInfoInqire,국립중앙의료원_전국 병·의원 찾기 서비스,보건 - 보건의료,dutyAddr,308,ep_pohangArpltnEnvrn,경상북도 포항시_대기오염 환경,,msrstn_nm,10,5,0.5,303,5,포항시|대도동|포항시|대송면|포항시|연일읍|포항시|오천읍|포항시|우현동,경산시|남산면|경산시|남천면|경산시|사동|경산시|삼풍동|경산시|압량면
emd,15110880,경상북도 영주시_농지전용허가 현황,농림 - 농업·농촌,LOCPLC,10,15143795,경상북도_노인복지시설 현황조회,사회복지 - 노인·청소년,fcltAddr,203,5,0.5,5,198,영주시|문수면|영주시|봉현면|영주시|안정면|영주시|장수면|영주시|풍기읍,경산시|가동|경산시|계양동|경산시|남산면|경산시|남천면|경산시|대평동
emd,15157788,경상북도 영천시_사업장폐기물배출자신고 현황,환경 - 폐기물,lotAddr,27,15157795,경상북도 영천시_동물병원 현황,농림 - 임업·산촌,addr,10,5,0.5,22,5,영천시|금호읍|영천시|문내동|영천시|북안면|영천시|완산동|영천시|청통면,영천시|고경면|영천시|금노동|영천시|녹전동|영천시|대전동|영천시|대창면
emd,15157795,경상북도 영천시_동물병원 현황,농림 - 임업·산촌,addr,10,15157833,경상북도 영천시_저수지 보수보강 현황,농림 - 농업·농촌,addr,21,5,0.5,5,16,영천시|금호읍|영천시|도림동|영천시|북안면|영천시|야사동|영천시|청통면,영천시|고경면|영천시|괴연동|영천시|금노동|영천시|대창면|영천시|망정동
emd,15109390,"경상북도 경주시_오토캠핑,야영장 현황",문화체육관광 - 관광,ADRES,8,15143795,경상북도_노인복지시설 현황조회,사회복지 - 노인·청소년,fcltAddr,203,4,0.5,4,199,경주시|강동면|경주시|내남면|경주시|산내면|경주시|천북면,경산시|가동|경산시|계양동|경산시|남산면|경산시|남천면|경산시|대평동
emd,15110876,경상북도 영주시_일반음식점 입식테이블 설치지원 업소현황,일반공공행정 - 일반행정,ADRES,8,15110904,경상북도 영주시_연도별 주요기업 유치현황,산업·통상·중소기업 - 산업·중소기업일반,LC,9,4,0.5,4,5,영주시|부석면|영주시|안정면|영주시|영주동|영주시|풍기읍,영주시|가흥동|영주시|단산면|영주시|문수면|영주시|봉현면|영주시|상줄동
emd,15110876,경상북도 영주시_일반음식점 입식테이블 설치지원 업소현황,일반공공행정 - 일반행정,ADRES,8,15110913,경상북도 영주시_토지재산,지역개발 - 지역및도시,LOCPLC,19,4,0.5,4,15,영주시|안정면|영주시|영주동|영주시|풍기읍|영주시|휴천동,영주시|가흥동|영주시|고현동|영주시|단산면|영주시|문수면|영주시|문정동
emd,15110876,경상북도 영주시_일반음식점 입식테이블 설치지원 업소현황,일반공공행정 - 일반행정,ADRES,8,15143795,경상북도_노인복지시설 현황조회,사회복지 - 노인·청소년,fcltAddr,203,4,0.5,4,199,영주시|봉현면|영주시|순흥면|영주시|안정면|영주시|풍기읍,경산시|가동|경산시|계양동|경산시|남산면|경산시|남천면|경산시|대평동
emd,15143756,경상북도_사회적기업 현황조회,교통및물류 - 물류등기타,roadaddr,124,15157808,경상북도 영천시_캠핑장현황,문화체육관광 - 관광,addr,8,4,0.5,120,4,영천시|고경면|영천시|금호읍|영천시|대창면|영천시|임고면,경산시|남산면|경산시|압량읍|경산시|와촌면|경산시|용성면|경산시|자인면
emd,15157793,경상북도 영천시_군장병 할인업소 현황,보건 - 식품의약안전,addr,9,15157808,경상북도 영천시_캠핑장현황,문화체육관광 - 관광,addr,8,4,0.5,5,4,영천시|고경면|영천시|금호읍|영천시|임고면|영천시|청통면,영천시|과전동|영천시|대창면|영천시|북안면|영천시|신녕면|영천시|야사동
sgg,15110937,경상북도 영주시_불법주정차 CCTV 단속 현황,교통및물류 - 물류등기타,VIOLT_PLACE,7,15124609,경상북도 상주시_일반 음식점,문화체육관광 - 관광,BSSH_NM,6,3,0.5,4,3,안동시|영양군|의성군,문경시|봉화군|상주시|성주군|영주시
sgg,15124609,경상북도 상주시_일반 음식점,문화체육관광 - 관광,BSSH_NM,6,15139504,경상북도 포항시_광역 교통 월별 행선지 분석 전체,교통및물류 - 물류등기타,area,14,3,0.5,3,11,문경시|상주시|안동시,경산시|경주시|구미시|김천시|성주군
emd,15000736_getHsptlBassInfoInqire,국립중앙의료원_전국 병·의원 찾기 서비스,보건 - 보건의료,dutyAddr,286,15109581,경상북도 경주시_전망포인트,문화체육관광 - 관광,LC,6,3,0.5,283,3,경주시|감포읍|경주시|산내면|경주시|양남면,경산시|남산면|경산시|남천면|경산시|사동|경산시|삼풍동|경산시|압량면
emd,15000736_getHsptlMdcncFullDown,국립중앙의료원_전국 병·의원 찾기 서비스,보건 - 보건의료,dutyAddr,288,15109581,경상북도 경주시_전망포인트,문화체육관광 - 관광,LC,6,3,0.5,285,3,경주시|감포읍|경주시|산내면|경주시|양남면,경산시|남산면|경산시|남천면|경산시|사동|경산시|삼풍동|경산시|압량면
emd,15000736_getHsptlMdcncListInfoInqire,국립중앙의료원_전국 병·의원 찾기 서비스,보건 - 보건의료,dutyAddr,308,15109581,경상북도 경주시_전망포인트,문화체육관광 - 관광,LC,6,3,0.5,305,3,경주시|감포읍|경주시|산내면|경주시|양남면,경산시|남산면|경산시|남천면|경산시|사동|경산시|삼풍동|경산시|압량면
emd,15109390,"경상북도 경주시_오토캠핑,야영장 현황",문화체육관광 - 관광,ADRES,8,15109581,경상북도 경주시_전망포인트,문화체육관광 - 관광,LC,6,3,0.5,5,3,경주시|감포읍|경주시|배동|경주시|산내면,경주시|강동면|경주시|내남면|경주시|동방동|경주시|서악동|경주시|석장동
emd,15109581,경상북도 경주시_전망포인트,문화체육관광 - 관광,LC,6,15143264,경상북도_시군별 주민센터 현황,일반공공행정 - 일반행정,addr,230,3,0.5,3,227,경주시|감포읍|경주시|산내면|경주시|양남면,경산시|남산면|경산시|남천면|경산시|압량읍|경산시|와촌면|경산시|용성면
emd,15110876,경상북도 영주시_일반음식점 입식테이블 설치지원 업소현황,일반공공행정 - 일반행정,ADRES,8,15110937,경상북도 영주시_불법주정차 CCTV 단속 현황,교통및물류 - 물류등기타,VIOLT_PLACE,6,3,0.5,5,3,영주시|영주동|영주시|풍기읍|영주시|휴천동,영주시|단산면|영주시|봉현면|영주시|부석면|영주시|순흥면|영주시|안정면
emd,15110877,경상북도 영주시_영주맛집 현황,문화체육관광 - 관광,ADRES,6,15110913,경상북도 영주시_토지재산,지역개발 - 지역및도시,LOCPLC,19,3,0.5,3,16,영주시|문수면|영주시|안정면|영주시|풍기읍,영주시|가흥동|영주시|고현동|영주시|문정동|영주시|봉현면|영주시|부석면
emd,15110882,경상북도 영주시_산지전용허가 현황,농림 - 농업·농촌,LOCPLC,11,15110937,경상북도 영주시_불법주정차 CCTV 단속 현황,교통및물류 - 물류등기타,VIOLT_PLACE,6,3,0.5,8,3,영주시|풍기읍|영주시|하망동|영주시|휴천동,영주시|가흥동|영주시|단산면|영주시|문수면|영주시|문정동|영주시|봉현면
emd,15110897,경상북도 영주시_노인복지시설,사회복지 - 사회복지일반,RDNMADR,9,15110937,경상북도 영주시_불법주정차 CCTV 단속 현황,교통및물류 - 물류등기타,VIOLT_PLACE,6,3,0.5,6,3,영주시|풍기읍|영주시|하망동|영주시|휴천동,영주시|문수면|영주시|봉현면|영주시|순흥면|영주시|안정면|영주시|영주동
emd,15110920,경상북도 영주시_태양광발전사업 허가내역,산업·통상·중소기업 - 에너지및자원개발,INSTL_PLACE,19,15110937,경상북도 영주시_불법주정차 CCTV 단속 현황,교통및물류 - 물류등기타,VIOLT_PLACE,6,3,0.5,16,3,영주시|풍기읍|영주시|하망동|영주시|휴천동,영주시|가흥동|영주시|고현동|영주시|단산면|영주시|문수면|영주시|문정동
emd,15110937,경상북도 영주시_불법주정차 CCTV 단속 현황,교통및물류 - 물류등기타,VIOLT_PLACE,6,15139519,경상북도 포항시_생활 지도 시설 현황,사회복지 - 사회복지일반,addr,84,3,0.5,3,81,영주시|풍기읍|영주시|하망동|영주시|휴천동,경주시|강동면|군위군|군위읍|봉화군|봉화읍|봉화군|신내동|상주시|공성면
sgg,15000736_getBabyListInfoInqire,국립중앙의료원_전국 병·의원 찾기 서비스,보건 - 보건의료,dutyAddr,4,15139505,경상북도 포항시_교통 이슈 현황 리스트 지도,교통및물류 - 도로,area,4,2,0.5,2,2,경주시|포항시,구미시|상주시|안동시|영덕군
sgg,15097246,경상북도 구미시_일반 음식점,문화체육관광 - 관광,bssh_nm,16,15139505,경상북도 포항시_교통 이슈 현황 리스트 지도,교통및물류 - 도로,area,4,2,0.5,14,2,영덕군|포항시,경주시|고령군|구미시|김천시|문경시
sgg,15110937,경상북도 영주시_불법주정차 CCTV 단속 현황,교통및물류 - 물류등기타,VIOLT_PLACE,7,15114465,경상북도 경주시_경주문화관광_메뉴별음식점,문화체육관광 - 관광,CON_SUMMARY,4,2,0.5,5,2,영양군|영주시,경주시|봉화군|상주시|안동시|예천군
sgg,15114465,경상북도 경주시_경주문화관광_메뉴별음식점,문화체육관광 - 관광,CON_SUMMARY,4,15124609,경상북도 상주시_일반 음식점,문화체육관광 - 관광,BSSH_NM,6,2,0.5,2,4,상주시|영양군,경주시|문경시|성주군|안동시|영주시
sgg,15114465,경상북도 경주시_경주문화관광_메뉴별음식점,문화체육관광 - 관광,CON_SUMMARY,4,15139505,경상북도 포항시_교통 이슈 현황 리스트 지도,교통및물류 - 도로,area,4,2,0.5,2,2,경주시|상주시,영덕군|영양군|영주시|포항시
sgg,15139505,경상북도 포항시_교통 이슈 현황 리스트 지도,교통및물류 - 도로,area,4,15157788,경상북도 영천시_사업장폐기물배출자신고 현황,환경 - 폐기물,procStoreNm,10,2,0.5,2,8,경주시|포항시,경산시|고령군|구미시|김천시|문경시
emd,15000736_getBabyListInfoInqire,국립중앙의료원_전국 병·의원 찾기 서비스,보건 - 보건의료,dutyAddr,4,15139519,경상북도 포항시_생활 지도 시설 현황,사회복지 - 사회복지일반,addr,84,2,0.5,2,82,포항시|오천읍|포항시|흥해읍,경주시|강동면|경주시|황성동|구미시|산동읍|군위군|군위읍|봉화군|봉화읍
emd,15000736_getBabyListInfoInqire,국립중앙의료원_전국 병·의원 찾기 서비스,보건 - 보건의료,dutyAddr,4,15139542,경상북도 포항시_인구 건물 위치,사회복지 - 노인·청소년,sigun,43,2,0.5,2,41,포항시|오천읍|포항시|흥해읍,경주시|황성동|구미시|산동읍|포항시|구룡포읍|포항시|기계면|포항시|기북면
emd,15000736_getBabyListInfoInqire,국립중앙의료원_전국 병·의원 찾기 서비스,보건 - 보건의료,dutyAddr,4,15139550,경상북도 포항시_지역별 기상 현황,환경 - 대기,lc,29,2,0.5,2,27,포항시|오천읍|포항시|흥해읍,경주시|황성동|구미시|산동읍|포항시|구룡포읍|포항시|기계면|포항시|기북면
emd,15000736_getBabyListInfoInqire,국립중앙의료원_전국 병·의원 찾기 서비스,보건 - 보건의료,dutyAddr,4,15139552,경상북도 포항시_지역별 노령 인구 현황,일반공공행정 - 국가통계,sigun,29,2,0.5,2,27,포항시|오천읍|포항시|흥해읍,경주시|황성동|구미시|산동읍|포항시|구룡포읍|포항시|기계면|포항시|기북면
emd,15000736_getBabyListInfoInqire,국립중앙의료원_전국 병·의원 찾기 서비스,보건 - 보건의료,dutyAddr,4,15139553,경상북도 포항시_지역별 생산 가능 인구 현황,일반공공행정 - 국가통계,sigun,29,2,0.5,2,27,포항시|오천읍|포항시|흥해읍,경주시|황성동|구미시|산동읍|포항시|구룡포읍|포항시|기계면|포항시|기북면
emd,15000736_getBabyListInfoInqire,국립중앙의료원_전국 병·의원 찾기 서비스,보건 - 보건의료,dutyAddr,4,15139556,경상북도 포항시_지역별 유소년 인구 현황,일반공공행정 - 국가통계,sigun,29,2,0.5,2,27,포항시|오천읍|포항시|흥해읍,경주시|황성동|구미시|산동읍|포항시|구룡포읍|포항시|기계면|포항시|기북면
emd,15000736_getBabyListInfoInqire,국립중앙의료원_전국 병·의원 찾기 서비스,보건 - 보건의료,dutyAddr,4,15139557,경상북도 포항시_지역별 주민등록 인구 현황,일반공공행정 - 국가통계,gpmn,29,2,0.5,2,27,포항시|오천읍|포항시|흥해읍,경주시|황성동|구미시|산동읍|포항시|구룡포읍|포항시|기계면|포항시|기북면
emd,15000736_getBabyListInfoInqire,국립중앙의료원_전국 병·의원 찾기 서비스,보건 - 보건의료,dutyAddr,4,15139564,경상북도 포항시_대피 장소 목록,공공질서및안전 - 안전관리,addr,42,2,0.5,2,40,포항시|오천읍|포항시|흥해읍,경주시|황성동|구미시|산동읍|포항시|구룡포읍|포항시|기계면|포항시|기북면
emd,15000736_getBabyListInfoInqire,국립중앙의료원_전국 병·의원 찾기 서비스,보건 - 보건의료,dutyAddr,4,15139566,경상북도 포항시_방문 거주지 현황,일반공공행정 - 지방행정·재정지원,emd,29,2,0.5,2,27,포항시|오천읍|포항시|흥해읍,경주시|황성동|구미시|산동읍|포항시|구룡포읍|포항시|기계면|포항시|기북면
emd,15000736_getBabyListInfoInqire,국립중앙의료원_전국 병·의원 찾기 서비스,보건 - 보건의료,dutyAddr,4,15139573,경상북도 포항시_생활 인구 거주지 현황,일반공공행정 - 지방행정·재정지원,emd,29,2,0.5,2,27,포항시|오천읍|포항시|흥해읍,경주시|황성동|구미시|산동읍|포항시|구룡포읍|포항시|기계면|포항시|기북면
emd,15000736_getBabyListInfoInqire,국립중앙의료원_전국 병·의원 찾기 서비스,보건 - 보건의료,dutyAddr,4,15139580,경상북도 포항시_지역별 생활 인구 현황,일반공공행정 - 국가통계,adstrd,29,2,0.5,2,27,포항시|오천읍|포항시|흥해읍,경주시|황성동|구미시|산동읍|포항시|구룡포읍|포항시|기계면|포항시|기북면
emd,15000736_getBabyListInfoInqire,국립중앙의료원_전국 병·의원 찾기 서비스,보건 - 보건의료,dutyAddr,4,15143756,경상북도_사회적기업 현황조회,교통및물류 - 물류등기타,roadaddr,124,2,0.5,2,122,포항시|오천읍|포항시|흥해읍,경산시|남산면|경산시|압량읍|경산시|와촌면|경산시|용성면|경산시|자인면
emd,15000736_getBabyListInfoInqire,국립중앙의료원_전국 병·의원 찾기 서비스,보건 - 보건의료,dutyAddr,4,15143780,경상북도_어린이보호구역 정보조회,사회복지 - 보육·가족및여성,addr,227,2,0.5,2,225,포항시|오천읍|포항시|흥해읍,경주시|황성동|구미시|산동읍|김천시|감문면|김천시|감천면|김천시|개령면
emd,15000736_getHsptlBassInfoInqire,국립중앙의료원_전국 병·의원 찾기 서비스,보건 - 보건의료,dutyAddr,286,15109399,경상북도 경주시_축제 현황,문화체육관광 - 관광,ADRES,4,2,0.5,284,2,경주시|감포읍|경주시|황성동,경산시|남산면|경산시|남천면|경산시|사동|경산시|삼풍동|경산시|압량면
emd,15000736_getHsptlBassInfoInqire,국립중앙의료원_전국 병·의원 찾기 서비스,보건 - 보건의료,dutyAddr,286,15160485,경상북도_반려동물동반관광지정보 현황조회,문화체육관광 - 관광,loc,4,2,0.5,284,2,울릉군|서면|포항시|호미곶면,경산시|남산면|경산시|남천면|경산시|사동|경산시|삼풍동|경산시|압량면
emd,15000736_getHsptlMdcncFullDown,국립중앙의료원_전국 병·의원 찾기 서비스,보건 - 보건의료,dutyAddr,288,15109399,경상북도 경주시_축제 현황,문화체육관광 - 관광,ADRES,4,2,0.5,286,2,경주시|감포읍|경주시|황성동,경산시|남산면|경산시|남천면|경산시|사동|경산시|삼풍동|경산시|압량면
emd,15000736_getHsptlMdcncFullDown,국립중앙의료원_전국 병·의원 찾기 서비스,보건 - 보건의료,dutyAddr,288,15160485,경상북도_반려동물동반관광지정보 현황조회,문화체육관광 - 관광,loc,4,2,0.5,286,2,울릉군|서면|포항시|호미곶면,경산시|남산면|경산시|남천면|경산시|사동|경산시|삼풍동|경산시|압량면
emd,15000736_getHsptlMdcncListInfoInqire,국립중앙의료원_전국 병·의원 찾기 서비스,보건 - 보건의료,dutyAddr,308,15109399,경상북도 경주시_축제 현황,문화체육관광 - 관광,ADRES,4,2,0.5,306,2,경주시|감포읍|경주시|황성동,경산시|남산면|경산시|남천면|경산시|사동|경산시|삼풍동|경산시|압량면
emd,15000736_getHsptlMdcncListInfoInqire,국립중앙의료원_전국 병·의원 찾기 서비스,보건 - 보건의료,dutyAddr,308,15160485,경상북도_반려동물동반관광지정보 현황조회,문화체육관광 - 관광,loc,4,2,0.5,306,2,울릉군|서면|포항시|호미곶면,경산시|남산면|경산시|남천면|경산시|사동|경산시|삼풍동|경산시|압량면
emd,15109383,경상북도 경주시_전망 좋은 카페 현황,문화체육관광 - 관광,ADRES,4,15109390,"경상북도 경주시_오토캠핑,야영장 현황",문화체육관광 - 관광,ADRES,8,2,0.5,2,6,경주시|감포읍|경주시|강동면,경주시|내남면|경주시|동방동|경주시|배동|경주시|산내면|경주시|양남면
emd,15109383,경상북도 경주시_전망 좋은 카페 현황,문화체육관광 - 관광,ADRES,4,15109581,경상북도 경주시_전망포인트,문화체육관광 - 관광,LC,6,2,0.5,2,4,경주시|감포읍|경주시|양남면,경주시|강동면|경주시|배동|경주시|산내면|경주시|서악동|경주시|석장동
emd,15109383,경상북도 경주시_전망 좋은 카페 현황,문화체육관광 - 관광,ADRES,4,15109586,경상북도 경주시_걷기길 정보,문화체육관광 - 문화체육관광일반,SEARCH,5,2,0.5,2,3,경주시|감포읍|경주시|양남면,경주시|강동면|경주시|교동|경주시|문무대왕면|경주시|북군동|경주시|외동읍
emd,15109383,경상북도 경주시_전망 좋은 카페 현황,문화체육관광 - 관광,ADRES,4,15114467,경상북도 경주시_경주문화관광_카페 및 찻집 정보,문화체육관광 - 관광,CON_CONTENT,8,2,0.5,2,6,경주시|양남면|경주시|외동읍,경주시|감포읍|경주시|강동면|경주시|개동|경주시|들어가면|경주시|들어서면
emd,15109383,경상북도 경주시_전망 좋은 카페 현황,문화체육관광 - 관광,ADRES,4,15143795,경상북도_노인복지시설 현황조회,사회복지 - 노인·청소년,fcltAddr,203,2,0.5,2,201,경주시|강동면|경주시|양남면,경산시|가동|경산시|계양동|경산시|남산면|경산시|남천면|경산시|대평동
emd,15109390,"경상북도 경주시_오토캠핑,야영장 현황",문화체육관광 - 관광,ADRES,8,15109545,경상북도 경주시_농촌교육장 체험마을 정보,문화체육관광 - 문화예술,ADRES,4,2,0.5,6,2,경주시|감포읍|경주시|산내면,경주시|강동면|경주시|내남면|경주시|동방동|경주시|문무대왕면|경주시|배동
emd,15109399,경상북도 경주시_축제 현황,문화체육관광 - 관광,ADRES,4,15109575,경상북도 경주시_야경 정보,문화체육관광 - 문화예술,LC,4,2,0.5,2,2,경주시|교동|경주시|노동동,경주시|감포읍|경주시|석장동|경주시|인왕동|경주시|황성동
emd,15109399,경상북도 경주시_축제 현황,문화체육관광 - 관광,ADRES,4,15109586,경상북도 경주시_걷기길 정보,문화체육관광 - 문화체육관광일반,SEARCH,5,2,0.5,2,3,경주시|감포읍|경주시|교동,경주시|노동동|경주시|문무대왕면|경주시|북군동|경주시|양남면|경주시|황성동
emd,15109399,경상북도 경주시_축제 현황,문화체육관광 - 관광,ADRES,4,15124615,경상북도 상주시_계약 정보,일반공공행정 - 일반행정,CNTRCT_TRGET_LC,190,2,0.5,2,188,경주시|감포읍|경주시|황성동,경산시|계양동|경산시|남천면|경산시|사정동|경산시|삼풍동|경산시|신교동
emd,15109402,경상북도 경주시_공연 현황,문화체육관광 - 문화예술,ADRES,4,15109565,경상북도 경주시_숲길 정보,문화체육관광 - 관광,LC,7,2,0.5,2,5,경주시|건천읍|경주시|안강읍,경주시|교동|경주시|구황동|경주시|배동|경주시|보문동|경주시|서면
emd,15109402,경상북도 경주시_공연 현황,문화체육관광 - 문화예술,ADRES,4,15143795,경상북도_노인복지시설 현황조회,사회복지 - 노인·청소년,fcltAddr,203,2,0.5,2,201,경주시|건천읍|경주시|안강읍,경산시|가동|경산시|계양동|경산시|남산면|경산시|남천면|경산시|대평동
emd,15109439,경상북도 경주시_시정뉴스 현황,문화체육관광 - 문화예술,COREC_NEWS_NM,38,15109545,경상북도 경주시_농촌교육장 체험마을 정보,문화체육관광 - 문화예술,ADRES,4,2,0.5,36,2,경주시|산내면|경주시|안강읍,경주시|감면|경주시|감포읍|경주시|건천읍|경주시|관합동|경주시|교류활동
emd,15109545,경상북도 경주시_농촌교육장 체험마을 정보,문화체육관광 - 문화예술,ADRES,4,15109581,경상북도 경주시_전망포인트,문화체육관광 - 관광,LC,6,2,0.5,2,4,경주시|감포읍|경주시|산내면,경주시|문무대왕면|경주시|배동|경주시|서악동|경주시|석장동|경주시|안강읍
emd,15109545,경상북도 경주시_농촌교육장 체험마을 정보,문화체육관광 - 문화예술,ADRES,4,15109586,경상북도 경주시_걷기길 정보,문화체육관광 - 문화체육관광일반,SEARCH,5,2,0.5,2,3,경주시|감포읍|경주시|문무대왕면,경주시|교동|경주시|북군동|경주시|산내면|경주시|안강읍|경주시|양남면
emd,15109545,경상북도 경주시_농촌교육장 체험마을 정보,문화체육관광 - 문화예술,ADRES,4,15124615,경상북도 상주시_계약 정보,일반공공행정 - 일반행정,CNTRCT_TRGET_LC,190,2,0.5,2,188,경주시|감포읍|경주시|안강읍,경산시|계양동|경산시|남천면|경산시|사정동|경산시|삼풍동|경산시|신교동
emd,15109545,경상북도 경주시_농촌교육장 체험마을 정보,문화체육관광 - 문화예술,ADRES,4,15143756,경상북도_사회적기업 현황조회,교통및물류 - 물류등기타,roadaddr,124,2,0.5,2,122,경주시|문무대왕면|경주시|안강읍,경산시|남산면|경산시|압량읍|경산시|와촌면|경산시|용성면|경산시|자인면
emd,15110888,경상북도 영주시_드림스타트 시설현황,일반공공행정 - 일반행정,INST_ADRES,4,15124615,경상북도 상주시_계약 정보,일반공공행정 - 일반행정,CNTRCT_TRGET_LC,190,2,0.5,2,188,영주시|문수면|영주시|풍기읍,경산시|계양동|경산시|남천면|경산시|사정동|경산시|삼풍동|경산시|신교동
emd,15143264,경상북도_시군별 주민센터 현황,일반공공행정 - 일반행정,addr,230,15160485,경상북도_반려동물동반관광지정보 현황조회,문화체육관광 - 관광,loc,4,2,0.5,228,2,울릉군|서면|포항시|호미곶면,경산시|남산면|경산시|남천면|경산시|압량읍|경산시|와촌면|경산시|용성면
emd,15143795,경상북도_노인복지시설 현황조회,사회복지 - 노인·청소년,fcltAddr,203,15160485,경상북도_반려동물동반관광지정보 현황조회,문화체육관광 - 관광,loc,4,2,0.5,201,2,울릉군|서면|포항시|호미곶면,경산시|가동|경산시|계양동|경산시|남산면|경산시|남천면|경산시|대평동
emd,15139550,경상북도 포항시_지역별 기상 현황,환경 - 대기,lc,29,15143264,경상북도_시군별 주민센터 현황,일반공공행정 - 일반행정,addr,230,14,0.483,15,216,포항시|구룡포읍|포항시|기계면|포항시|기북면|포항시|대송면|포항시|동해면,경산시|남산면|경산시|남천면|경산시|압량읍|경산시|와촌면|경산시|용성면
emd,15139550,경상북도 포항시_지역별 기상 현황,환경 - 대기,lc,29,15143795,경상북도_노인복지시설 현황조회,사회복지 - 노인·청소년,fcltAddr,203,14,0.483,15,189,포항시|구룡포읍|포항시|기계면|포항시|대송면|포항시|동해면|포항시|송라면,경산시|가동|경산시|계양동|경산시|남산면|경산시|남천면|경산시|대평동
emd,15139552,경상북도 포항시_지역별 노령 인구 현황,일반공공행정 - 국가통계,sigun,29,15143264,경상북도_시군별 주민센터 현황,일반공공행정 - 일반행정,addr,230,14,0.483,15,216,포항시|구룡포읍|포항시|기계면|포항시|기북면|포항시|대송면|포항시|동해면,경산시|남산면|경산시|남천면|경산시|압량읍|경산시|와촌면|경산시|용성면
emd,15139552,경상북도 포항시_지역별 노령 인구 현황,일반공공행정 - 국가통계,sigun,29,15143795,경상북도_노인복지시설 현황조회,사회복지 - 노인·청소년,fcltAddr,203,14,0.483,15,189,포항시|구룡포읍|포항시|기계면|포항시|대송면|포항시|동해면|포항시|송라면,경산시|가동|경산시|계양동|경산시|남산면|경산시|남천면|경산시|대평동
emd,15139553,경상북도 포항시_지역별 생산 가능 인구 현황,일반공공행정 - 국가통계,sigun,29,15143264,경상북도_시군별 주민센터 현황,일반공공행정 - 일반행정,addr,230,14,0.483,15,216,포항시|구룡포읍|포항시|기계면|포항시|기북면|포항시|대송면|포항시|동해면,경산시|남산면|경산시|남천면|경산시|압량읍|경산시|와촌면|경산시|용성면
emd,15139553,경상북도 포항시_지역별 생산 가능 인구 현황,일반공공행정 - 국가통계,sigun,29,15143795,경상북도_노인복지시설 현황조회,사회복지 - 노인·청소년,fcltAddr,203,14,0.483,15,189,포항시|구룡포읍|포항시|기계면|포항시|대송면|포항시|동해면|포항시|송라면,경산시|가동|경산시|계양동|경산시|남산면|경산시|남천면|경산시|대평동
emd,15139556,경상북도 포항시_지역별 유소년 인구 현황,일반공공행정 - 국가통계,sigun,29,15143264,경상북도_시군별 주민센터 현황,일반공공행정 - 일반행정,addr,230,14,0.483,15,216,포항시|구룡포읍|포항시|기계면|포항시|기북면|포항시|대송면|포항시|동해면,경산시|남산면|경산시|남천면|경산시|압량읍|경산시|와촌면|경산시|용성면
emd,15139556,경상북도 포항시_지역별 유소년 인구 현황,일반공공행정 - 국가통계,sigun,29,15143795,경상북도_노인복지시설 현황조회,사회복지 - 노인·청소년,fcltAddr,203,14,0.483,15,189,포항시|구룡포읍|포항시|기계면|포항시|대송면|포항시|동해면|포항시|송라면,경산시|가동|경산시|계양동|경산시|남산면|경산시|남천면|경산시|대평동
emd,15139557,경상북도 포항시_지역별 주민등록 인구 현황,일반공공행정 - 국가통계,gpmn,29,15143264,경상북도_시군별 주민센터 현황,일반공공행정 - 일반행정,addr,230,14,0.483,15,216,포항시|구룡포읍|포항시|기계면|포항시|기북면|포항시|대송면|포항시|동해면,경산시|남산면|경산시|남천면|경산시|압량읍|경산시|와촌면|경산시|용성면
emd,15139557,경상북도 포항시_지역별 주민등록 인구 현황,일반공공행정 - 국가통계,gpmn,29,15143795,경상북도_노인복지시설 현황조회,사회복지 - 노인·청소년,fcltAddr,203,14,0.483,15,189,포항시|구룡포읍|포항시|기계면|포항시|대송면|포항시|동해면|포항시|송라면,경산시|가동|경산시|계양동|경산시|남산면|경산시|남천면|경산시|대평동
emd,15139566,경상북도 포항시_방문 거주지 현황,일반공공행정 - 지방행정·재정지원,emd,29,15143264,경상북도_시군별 주민센터 현황,일반공공행정 - 일반행정,addr,230,14,0.483,15,216,포항시|구룡포읍|포항시|기계면|포항시|기북면|포항시|대송면|포항시|동해면,경산시|남산면|경산시|남천면|경산시|압량읍|경산시|와촌면|경산시|용성면
emd,15139566,경상북도 포항시_방문 거주지 현황,일반공공행정 - 지방행정·재정지원,emd,29,15143795,경상북도_노인복지시설 현황조회,사회복지 - 노인·청소년,fcltAddr,203,14,0.483,15,189,포항시|구룡포읍|포항시|기계면|포항시|대송면|포항시|동해면|포항시|송라면,경산시|가동|경산시|계양동|경산시|남산면|경산시|남천면|경산시|대평동
emd,15139573,경상북도 포항시_생활 인구 거주지 현황,일반공공행정 - 지방행정·재정지원,emd,29,15143264,경상북도_시군별 주민센터 현황,일반공공행정 - 일반행정,addr,230,14,0.483,15,216,포항시|구룡포읍|포항시|기계면|포항시|기북면|포항시|대송면|포항시|동해면,경산시|남산면|경산시|남천면|경산시|압량읍|경산시|와촌면|경산시|용성면
emd,15139573,경상북도 포항시_생활 인구 거주지 현황,일반공공행정 - 지방행정·재정지원,emd,29,15143795,경상북도_노인복지시설 현황조회,사회복지 - 노인·청소년,fcltAddr,203,14,0.483,15,189,포항시|구룡포읍|포항시|기계면|포항시|대송면|포항시|동해면|포항시|송라면,경산시|가동|경산시|계양동|경산시|남산면|경산시|남천면|경산시|대평동
emd,15139580,경상북도 포항시_지역별 생활 인구 현황,일반공공행정 - 국가통계,adstrd,29,15143264,경상북도_시군별 주민센터 현황,일반공공행정 - 일반행정,addr,230,14,0.483,15,216,포항시|구룡포읍|포항시|기계면|포항시|기북면|포항시|대송면|포항시|동해면,경산시|남산면|경산시|남천면|경산시|압량읍|경산시|와촌면|경산시|용성면
emd,15139580,경상북도 포항시_지역별 생활 인구 현황,일반공공행정 - 국가통계,adstrd,29,15143795,경상북도_노인복지시설 현황조회,사회복지 - 노인·청소년,fcltAddr,203,14,0.483,15,189,포항시|구룡포읍|포항시|기계면|포항시|대송면|포항시|동해면|포항시|송라면,경산시|가동|경산시|계양동|경산시|남산면|경산시|남천면|경산시|대평동
emd,15124614,경상북도 상주시_일반 건축물 시가 표준액,일반공공행정 - 일반행정,ADRES,54,15143780,경상북도_어린이보호구역 정보조회,사회복지 - 보육·가족및여성,addr,227,26,0.481,28,201,상주시|공검면|상주시|공성면|상주시|낙동면|상주시|남성동|상주시|내서면,김천시|감문면|김천시|감천면|김천시|개령면|김천시|구성면|김천시|남면
emd,15000736_getHsptlMdcncListInfoInqire,국립중앙의료원_전국 병·의원 찾기 서비스,보건 - 보건의료,dutyAddr,308,15157788,경상북도 영천시_사업장폐기물배출자신고 현황,환경 - 폐기물,lotAddr,27,13,0.481,295,14,영천시|고경면|영천시|금호읍|영천시|대창면|영천시|망정동|영천시|북안면,경산시|남산면|경산시|남천면|경산시|사동|경산시|삼풍동|경산시|압량면
emd,15000736_getHsptlBassInfoInqire,국립중앙의료원_전국 병·의원 찾기 서비스,보건 - 보건의료,dutyAddr,286,15157837,경상북도 영천시_새마을회관 현황,일반공공행정 - 일반행정,lotAddr,23,11,0.478,275,12,영천시|고경면|영천시|금호읍|영천시|대창면|영천시|북안면|영천시|신녕면,경산시|남산면|경산시|남천면|경산시|사동|경산시|삼풍동|경산시|압량면
emd,15000736_getHsptlMdcncFullDown,국립중앙의료원_전국 병·의원 찾기 서비스,보건 - 보건의료,dutyAddr,288,15157837,경상북도 영천시_새마을회관 현황,일반공공행정 - 일반행정,lotAddr,23,11,0.478,277,12,영천시|고경면|영천시|금호읍|영천시|대창면|영천시|북안면|영천시|신녕면,경산시|남산면|경산시|남천면|경산시|사동|경산시|삼풍동|경산시|압량면
emd,15143780,경상북도_어린이보호구역 정보조회,사회복지 - 보육·가족및여성,addr,227,15157799,경상북도 영천시_미용업현황,보건 - 보건의료,roadAddr,23,11,0.478,216,12,영천시|고경면|영천시|금호읍|영천시|북안면|영천시|성내동|영천시|신녕면,김천시|감문면|김천시|감천면|김천시|개령면|김천시|구성면|김천시|남면
emd,15143795,경상북도_노인복지시설 현황조회,사회복지 - 노인·청소년,fcltAddr,203,15157837,경상북도 영천시_새마을회관 현황,일반공공행정 - 일반행정,lotAddr,23,11,0.478,192,12,영천시|고경면|영천시|금호읍|영천시|대창면|영천시|북안면|영천시|성내동,경산시|가동|경산시|계양동|경산시|남산면|경산시|남천면|경산시|대평동
emd,15157823,경상북도 영천시_태양광발전사업 허가 현황,산업·통상·중소기업 - 에너지및자원개발,ridong,26,15157837,경상북도 영천시_새마을회관 현황,일반공공행정 - 일반행정,lotAddr,23,11,0.478,15,12,영천시|대전동|영천시|도남동|영천시|범어동|영천시|서산동|영천시|성내동,영천시|고경면|영천시|괴연동|영천시|교촌동|영천시|금노동|영천시|금호읍
emd,15124615,경상북도 상주시_계약 정보,일반공공행정 - 일반행정,CNTRCT_TRGET_LC,190,15157822,경상북도 영천시_부동산중개업 현황,지역개발 - 지역및도시,addr,21,10,0.476,180,11,영천시|고경면|영천시|금호읍|영천시|대창면|영천시|신녕면|영천시|야사동,경산시|계양동|경산시|남천면|경산시|사정동|경산시|삼풍동|경산시|신교동
emd,15143264,경상북도_시군별 주민센터 현황,일반공공행정 - 일반행정,addr,230,15157833,경상북도 영천시_저수지 보수보강 현황,농림 - 농업·농촌,addr,21,10,0.476,220,11,영천시|고경면|영천시|금호읍|영천시|대창면|영천시|북안면|영천시|신녕면,경산시|남산면|경산시|남천면|경산시|압량읍|경산시|와촌면|경산시|용성면
emd,15143795,경상북도_노인복지시설 현황조회,사회복지 - 노인·청소년,fcltAddr,203,15157833,경상북도 영천시_저수지 보수보강 현황,농림 - 농업·농촌,addr,21,10,0.476,193,11,영천시|고경면|영천시|금호읍|영천시|대창면|영천시|북안면|영천시|신녕면,경산시|가동|경산시|계양동|경산시|남산면|경산시|남천면|경산시|대평동
emd,15157822,경상북도 영천시_부동산중개업 현황,지역개발 - 지역및도시,addr,21,15157837,경상북도 영천시_새마을회관 현황,일반공공행정 - 일반행정,lotAddr,23,10,0.476,11,13,영천시|고경면|영천시|금호읍|영천시|대창면|영천시|북안면|영천시|신녕면,영천시|교촌동|영천시|구읍|영천시|금노동|영천시|대전동|영천시|도남동
emd,15157823,경상북도 영천시_태양광발전사업 허가 현황,산업·통상·중소기업 - 에너지및자원개발,ridong,26,15157833,경상북도 영천시_저수지 보수보강 현황,농림 - 농업·농촌,addr,21,10,0.476,16,11,영천시|괴연동|영천시|금노동|영천시|도림동|영천시|망정동|영천시|본촌동,영천시|고경면|영천시|금호읍|영천시|녹전동|영천시|대전동|영천시|대창면
emd,15097231,경상북도 구미시_체육시설업 현황,문화체육관광 - 체육,fclty_adres_lnm,32,15097247,경상북도 구미시_저수지 현황,농림 - 농업·농촌,adres,13,6,0.462,26,7,구미시|고아읍|구미시|도량동|구미시|선산읍|구미시|옥성면|구미시|장천면,구미시|거의동|구미시|공단동|구미시|광평동|구미시|구평동|구미시|구포동
emd,15097247,경상북도 구미시_저수지 현황,농림 - 농업·농촌,adres,13,15124615,경상북도 상주시_계약 정보,일반공공행정 - 일반행정,CNTRCT_TRGET_LC,190,6,0.462,7,184,구미시|고아읍|구미시|도개면|구미시|선산읍|구미시|옥성면|구미시|장천면,경산시|계양동|경산시|남천면|경산시|사정동|경산시|삼풍동|경산시|신교동
emd,15157792,경상북도 영천시_지진재난 이재민수용시설 현황,공공질서및안전 - 안전관리,addr,13,15157794,경상북도 영천시_체육시설업현황,문화체육관광 - 체육,lotAddr,16,6,0.462,7,10,영천시|고경면|영천시|금호읍|영천시|신녕면|영천시|임고면|영천시|청통면,영천시|교촌동|영천시|구읍|영천시|대창면|영천시|망정동|영천시|문내동
emd,15157794,경상북도 영천시_체육시설업현황,문화체육관광 - 체육,lotAddr,16,15157827,경상북도 영천시_전문건설업 현황,지역개발 - 산업단지,roadAddr,13,6,0.462,10,7,영천시|고경면|영천시|금호읍|영천시|신녕면|영천시|임고면|영천시|청통면,영천시|교촌동|영천시|대창면|영천시|도동|영천시|망정동|영천시|문내동
emd,15124611,경상북도 상주시_경로당 현황,사회복지 - 노인·청소년,EMD,24,15143795,경상북도_노인복지시설 현황조회,사회복지 - 노인·청소년,fcltAddr,203,11,0.458,13,192,상주시|공검면|상주시|낙동면|상주시|내서면|상주시|모서면|상주시|사벌국면,경산시|가동|경산시|계양동|경산시|남산면|경산시|남천면|경산시|대평동
emd,15124613,경상북도 상주시_가축 사육업,농림 - 농업·농촌,ADSTRD,24,15143795,경상북도_노인복지시설 현황조회,사회복지 - 노인·청소년,fcltAddr,203,11,0.458,13,192,상주시|공검면|상주시|낙동면|상주시|내서면|상주시|모서면|상주시|사벌국면,경산시|가동|경산시|계양동|경산시|남산면|경산시|남천면|경산시|대평동
emd,15110882,경상북도 영주시_산지전용허가 현황,농림 - 농업·농촌,LOCPLC,11,15143756,경상북도_사회적기업 현황조회,교통및물류 - 물류등기타,roadaddr,124,5,0.455,6,119,영주시|문수면|영주시|봉현면|영주시|상망동|영주시|안정면|영주시|풍기읍,경산시|남산면|경산시|압량읍|경산시|와촌면|경산시|용성면|경산시|자인면
emd,15143756,경상북도_사회적기업 현황조회,교통및물류 - 물류등기타,roadaddr,124,15157812,경상북도 영천시_제설(모래) 배치현황,공공질서및안전 - 안전관리,dept,11,5,0.455,119,6,영천시|고경면|영천시|금호읍|영천시|대창면|영천시|임고면|영천시|화남면,경산시|남산면|경산시|압량읍|경산시|와촌면|경산시|용성면|경산시|자인면
emd,15143756,경상북도_사회적기업 현황조회,교통및물류 - 물류등기타,roadaddr,124,15157824,경상북도 영천시_마을회관현황,사회복지 - 사회복지일반,addr,11,5,0.455,119,6,영천시|고경면|영천시|금호읍|영천시|대창면|영천시|임고면|영천시|화남면,경산시|남산면|경산시|압량읍|경산시|와촌면|경산시|용성면|경산시|자인면
emd,15000736_getHsptlBassInfoInqire,국립중앙의료원_전국 병·의원 찾기 서비스,보건 - 보건의료,dutyAddr,286,15157793,경상북도 영천시_군장병 할인업소 현황,보건 - 식품의약안전,addr,9,4,0.444,282,5,영천시|고경면|영천시|금호읍|영천시|북안면|영천시|완산동,경산시|남산면|경산시|남천면|경산시|사동|경산시|삼풍동|경산시|압량면
emd,15000736_getHsptlMdcncFullDown,국립중앙의료원_전국 병·의원 찾기 서비스,보건 - 보건의료,dutyAddr,288,15157793,경상북도 영천시_군장병 할인업소 현황,보건 - 식품의약안전,addr,9,4,0.444,284,5,영천시|고경면|영천시|금호읍|영천시|북안면|영천시|완산동,경산시|남산면|경산시|남천면|경산시|사동|경산시|삼풍동|경산시|압량면
emd,15110882,경상북도 영주시_산지전용허가 현황,농림 - 농업·농촌,LOCPLC,11,15110904,경상북도 영주시_연도별 주요기업 유치현황,산업·통상·중소기업 - 산업·중소기업일반,LC,9,4,0.444,7,5,영주시|가흥동|영주시|문수면|영주시|안정면|영주시|풍기읍,영주시|단산면|영주시|문정동|영주시|봉현면|영주시|부석면|영주시|상망동
emd,15110897,경상북도 영주시_노인복지시설,사회복지 - 사회복지일반,RDNMADR,9,15110904,경상북도 영주시_연도별 주요기업 유치현황,산업·통상·중소기업 - 산업·중소기업일반,LC,9,4,0.444,5,5,영주시|문수면|영주시|안정면|영주시|장수면|영주시|풍기읍,영주시|가흥동|영주시|봉현면|영주시|부석면|영주시|상줄동|영주시|순흥면
emd,15110904,경상북도 영주시_연도별 주요기업 유치현황,산업·통상·중소기업 - 산업·중소기업일반,LC,9,15110924,경상북도 영주시_농어촌민박 신고대장,문화체육관광 - 문화체육관광일반,RDNMADR,9,4,0.444,5,5,영주시|문수면|영주시|부석면|영주시|안정면|영주시|풍기읍,영주시|가흥동|영주시|단산면|영주시|봉현면|영주시|상줄동|영주시|순흥면
emd,15110904,경상북도 영주시_연도별 주요기업 유치현황,산업·통상·중소기업 - 산업·중소기업일반,LC,9,15143795,경상북도_노인복지시설 현황조회,사회복지 - 노인·청소년,fcltAddr,203,4,0.444,5,199,영주시|문수면|영주시|안정면|영주시|장수면|영주시|풍기읍,경산시|가동|경산시|계양동|경산시|남산면|경산시|남천면|경산시|대평동
emd,15000736_getHsptlBassInfoInqire,국립중앙의료원_전국 병·의원 찾기 서비스,보건 - 보건의료,dutyAddr,286,15097246,경상북도 구미시_일반 음식점,문화체육관광 - 관광,locplcrn,50,22,0.44,264,28,구미시|가동|구미시|고아읍|구미시|공단동|구미시|도개면|구미시|도량동,경산시|남산면|경산시|남천면|경산시|사동|경산시|삼풍동|경산시|압량면
emd,15000736_getHsptlMdcncFullDown,국립중앙의료원_전국 병·의원 찾기 서비스,보건 - 보건의료,dutyAddr,288,15097246,경상북도 구미시_일반 음식점,문화체육관광 - 관광,locplcrn,50,22,0.44,266,28,구미시|가동|구미시|고아읍|구미시|공단동|구미시|도개면|구미시|도량동,경산시|남산면|경산시|남천면|경산시|사동|경산시|삼풍동|경산시|압량면
emd,15000736_getHsptlMdcncListInfoInqire,국립중앙의료원_전국 병·의원 찾기 서비스,보건 - 보건의료,dutyAddr,308,15097246,경상북도 구미시_일반 음식점,문화체육관광 - 관광,locplcrn,50,22,0.44,286,28,구미시|가동|구미시|고아읍|구미시|공단동|구미시|도개면|구미시|도량동,경산시|남산면|경산시|남천면|경산시|사동|경산시|삼풍동|경산시|압량면
emd,15000736_getHsptlBassInfoInqire,국립중앙의료원_전국 병·의원 찾기 서비스,보건 - 보건의료,dutyAddr,286,15157794,경상북도 영천시_체육시설업현황,문화체육관광 - 체육,lotAddr,16,7,0.438,279,9,영천시|고경면|영천시|금호읍|영천시|망정동|영천시|신녕면|영천시|오미동,경산시|남산면|경산시|남천면|경산시|사동|경산시|삼풍동|경산시|압량면
emd,15000736_getHsptlMdcncFullDown,국립중앙의료원_전국 병·의원 찾기 서비스,보건 - 보건의료,dutyAddr,288,15157794,경상북도 영천시_체육시설업현황,문화체육관광 - 체육,lotAddr,16,7,0.438,281,9,영천시|고경면|영천시|금호읍|영천시|망정동|영천시|신녕면|영천시|오미동,경산시|남산면|경산시|남천면|경산시|사동|경산시|삼풍동|경산시|압량면
emd,15124615,경상북도 상주시_계약 정보,일반공공행정 - 일반행정,CNTRCT_TRGET_LC,190,15157794,경상북도 영천시_체육시설업현황,문화체육관광 - 체육,lotAddr,16,7,0.438,183,9,영천시|고경면|영천시|금호읍|영천시|신녕면|영천시|야사동|영천시|임고면,경산시|계양동|경산시|남천면|경산시|사정동|경산시|삼풍동|경산시|신교동
emd,15157794,경상북도 영천시_체육시설업현황,문화체육관광 - 체육,lotAddr,16,15157829,경상북도 영천시_상수도원격검침 지역별 현황,지역개발 - 수자원,area,16,7,0.438,9,9,영천시|고경면|영천시|금호읍|영천시|신녕면|영천시|완산동|영천시|임고면,영천시|교촌동|영천시|남부동|영천시|대창면|영천시|동부동|영천시|망정동
emd,15000736_getHsptlBassInfoInqire,국립중앙의료원_전국 병·의원 찾기 서비스,보건 - 보건의료,dutyAddr,286,15157799,경상북도 영천시_미용업현황,보건 - 보건의료,roadAddr,23,10,0.435,276,13,영천시|고경면|영천시|금호읍|영천시|대창면|영천시|망정동|영천시|북안면,경산시|남산면|경산시|남천면|경산시|사동|경산시|삼풍동|경산시|압량면
emd,15000736_getHsptlMdcncFullDown,국립중앙의료원_전국 병·의원 찾기 서비스,보건 - 보건의료,dutyAddr,288,15157799,경상북도 영천시_미용업현황,보건 - 보건의료,roadAddr,23,10,0.435,278,13,영천시|고경면|영천시|금호읍|영천시|대창면|영천시|망정동|영천시|북안면,경산시|남산면|경산시|남천면|경산시|사동|경산시|삼풍동|경산시|압량면
emd,15110916,경상북도 영주시_건물재산,지역개발 - 지역및도시,LOCPLC,23,15143264,경상북도_시군별 주민센터 현황,일반공공행정 - 일반행정,addr,230,10,0.435,13,220,영주시|단산면|영주시|문수면|영주시|봉현면|영주시|부석면|영주시|순흥면,경산시|남산면|경산시|남천면|경산시|압량읍|경산시|와촌면|경산시|용성면
emd,15124615,경상북도 상주시_계약 정보,일반공공행정 - 일반행정,CNTRCT_TRGET_LC,190,15157799,경상북도 영천시_미용업현황,보건 - 보건의료,roadAddr,23,10,0.435,180,13,영천시|고경면|영천시|금호읍|영천시|대창면|영천시|신녕면|영천시|야사동,경산시|계양동|경산시|남천면|경산시|사정동|경산시|삼풍동|경산시|신교동
emd,15143264,경상북도_시군별 주민센터 현황,일반공공행정 - 일반행정,addr,230,15157837,경상북도 영천시_새마을회관 현황,일반공공행정 - 일반행정,lotAddr,23,10,0.435,220,13,영천시|고경면|영천시|금호읍|영천시|대창면|영천시|북안면|영천시|신녕면,경산시|남산면|경산시|남천면|경산시|압량읍|경산시|와촌면|경산시|용성면
emd,15143780,경상북도_어린이보호구역 정보조회,사회복지 - 보육·가족및여성,addr,227,15157837,경상북도 영천시_새마을회관 현황,일반공공행정 - 일반행정,lotAddr,23,10,0.435,217,13,영천시|고경면|영천시|금호읍|영천시|북안면|영천시|성내동|영천시|신녕면,김천시|감문면|김천시|감천면|김천시|개령면|김천시|구성면|김천시|남면
emd,15139564,경상북도 포항시_대피 장소 목록,공공질서및안전 - 안전관리,addr,42,15143795,경상북도_노인복지시설 현황조회,사회복지 - 노인·청소년,fcltAddr,203,18,0.429,24,185,포항시|구룡포읍|포항시|기계면|포항시|대송면|포항시|동해면|포항시|송라면,경산시|가동|경산시|계양동|경산시|남산면|경산시|남천면|경산시|대평동
emd,15097250,경상북도 구미시_공공와이파이 현황,통신 - 방송통신,locplc_rdnmadr,35,15124615,경상북도 상주시_계약 정보,일반공공행정 - 일반행정,CNTRCT_TRGET_LC,190,15,0.429,20,175,구미시|고아읍|구미시|도개면|구미시|사곡동|구미시|산동면|구미시|선산읍,경산시|계양동|경산시|남천면|경산시|사정동|경산시|삼풍동|경산시|신교동
emd,15000736_getHsptlBassInfoInqire,국립중앙의료원_전국 병·의원 찾기 서비스,보건 - 보건의료,dutyAddr,286,15157822,경상북도 영천시_부동산중개업 현황,지역개발 - 지역및도시,addr,21,9,0.429,277,12,영천시|고경면|영천시|금호읍|영천시|대창면|영천시|망정동|영천시|북안면,경산시|남산면|경산시|남천면|경산시|사동|경산시|삼풍동|경산시|압량면
emd,15000736_getHsptlMdcncFullDown,국립중앙의료원_전국 병·의원 찾기 서비스,보건 - 보건의료,dutyAddr,288,15157822,경상북도 영천시_부동산중개업 현황,지역개발 - 지역및도시,addr,21,9,0.429,279,12,영천시|고경면|영천시|금호읍|영천시|대창면|영천시|망정동|영천시|북안면,경산시|남산면|경산시|남천면|경산시|사동|경산시|삼풍동|경산시|압량면
emd,15094915_getTourContentList,경상북도 경산시_관광자료 조회 서비스,문화체육관광 - 관광,address,21,15124615,경상북도 상주시_계약 정보,일반공공행정 - 일반행정,CNTRCT_TRGET_LC,190,9,0.429,12,181,경산시|남천면|경산시|압량면|경산시|와촌면|경산시|용성면|경산시|자인면,경산시|가동|경산시|계양동|경산시|나동|경산시|남산면|경산시|다동
emd,15124615,경상북도 상주시_계약 정보,일반공공행정 - 일반행정,CNTRCT_TRGET_LC,190,15157833,경상북도 영천시_저수지 보수보강 현황,농림 - 농업·농촌,addr,21,9,0.429,181,12,영천시|고경면|영천시|금호읍|영천시|대창면|영천시|신녕면|영천시|야사동,경산시|계양동|경산시|남천면|경산시|사정동|경산시|삼풍동|경산시|신교동
emd,15143264,경상북도_시군별 주민센터 현황,일반공공행정 - 일반행정,addr,230,15157822,경상북도 영천시_부동산중개업 현황,지역개발 - 지역및도시,addr,21,9,0.429,221,12,영천시|고경면|영천시|금호읍|영천시|대창면|영천시|북안면|영천시|신녕면,경산시|남산면|경산시|남천면|경산시|압량읍|경산시|와촌면|경산시|용성면
emd,15097237,경상북도 구미시_농경지 용수 공급 시설,농림 - 농업·농촌,adreslnm,20,15097238,경상북도 구미시_화학 물질 누출 대응 시스템 취급업체,공공질서및안전 - 안전관리,adres,14,6,0.429,14,8,구미시|고아읍|구미시|구포동|구미시|산동면|구미시|선산읍|구미시|옥계동,구미시|가동|구미시|감문면|구미시|거의동|구미시|공단동|구미시|금전동
emd,15143780,경상북도_어린이보호구역 정보조회,사회복지 - 보육·가족및여성,addr,227,15157817,경상북도 영천시_면직물 생산공장 현황,산업·통상·중소기업 - 산업·중소기업일반,lotAddr,14,6,0.429,221,8,영천시|고경면|영천시|금호읍|영천시|북안면|영천시|신녕면|영천시|임고면,김천시|감문면|김천시|감천면|김천시|개령면|김천시|구성면|김천시|남면
emd,15000736_getHsptlBassInfoInqire,국립중앙의료원_전국 병·의원 찾기 서비스,보건 - 보건의료,dutyAddr,286,15109565,경상북도 경주시_숲길 정보,문화체육관광 - 관광,LC,7,3,0.429,283,4,경주시|건천읍|경주시|서면|경주시|안강읍,경산시|남산면|경산시|남천면|경산시|사동|경산시|삼풍동|경산시|압량면
emd,15000736_getHsptlMdcncFullDown,국립중앙의료원_전국 병·의원 찾기 서비스,보건 - 보건의료,dutyAddr,288,15109565,경상북도 경주시_숲길 정보,문화체육관광 - 관광,LC,7,3,0.429,285,4,경주시|건천읍|경주시|서면|경주시|안강읍,경산시|남산면|경산시|남천면|경산시|사동|경산시|삼풍동|경산시|압량면
emd,15000736_getHsptlMdcncListInfoInqire,국립중앙의료원_전국 병·의원 찾기 서비스,보건 - 보건의료,dutyAddr,308,15109565,경상북도 경주시_숲길 정보,문화체육관광 - 관광,LC,7,3,0.429,305,4,경주시|건천읍|경주시|서면|경주시|안강읍,경산시|남산면|경산시|남천면|경산시|사동|경산시|삼풍동|경산시|압량면
emd,15097229,경상북도 구미시_학교 주변 cctv,공공질서및안전 - 안전관리,nw_adres,7,15097253,경상북도 구미시_노인 복지 시설 현황,사회복지 - 노인·청소년,instt_adres,14,3,0.429,4,11,구미시|송정동|구미시|옥계동|구미시|형곡동,구미시|가동|구미시|고아읍|구미시|구평동|구미시|도량동|구미시|무을면
emd,15097235,경상북도 구미시_경찰서 무인카메라 설치 현황,교통및물류 - 도로,instl_place,7,15097238,경상북도 구미시_화학 물질 누출 대응 시스템 취급업체,공공질서및안전 - 안전관리,adres,14,3,0.429,4,11,구미시|고아읍|구미시|산동면|구미시|장천면,구미시|가동|구미시|공단동|구미시|구포동|구미시|금전동|구미시|다사읍
emd,15109386,경상북도 경주시_한옥 호텔 현황,문화체육관광 - 관광,ADRES,7,15109390,"경상북도 경주시_오토캠핑,야영장 현황",문화체육관광 - 관광,ADRES,8,3,0.429,4,5,경주시|감포읍|경주시|강동면|경주시|내남면,경주시|남산동|경주시|동방동|경주시|배동|경주시|산내면|경주시|외동읍
emd,15109386,경상북도 경주시_한옥 호텔 현황,문화체육관광 - 관광,ADRES,7,15124615,경상북도 상주시_계약 정보,일반공공행정 - 일반행정,CNTRCT_TRGET_LC,190,3,0.429,4,187,경주시|감포읍|경주시|강동면|경주시|외동읍,경산시|계양동|경산시|남천면|경산시|사정동|경산시|삼풍동|경산시|신교동
emd,15109439,경상북도 경주시_시정뉴스 현황,문화체육관광 - 문화예술,COREC_NEWS_NM,38,15109565,경상북도 경주시_숲길 정보,문화체육관광 - 관광,LC,7,3,0.429,35,4,경주시|건천읍|경주시|서면|경주시|안강읍,경주시|감면|경주시|관합동|경주시|교동|경주시|교류활동|경주시|구황동
emd,15109565,경상북도 경주시_숲길 정보,문화체육관광 - 관광,LC,7,15143264,경상북도_시군별 주민센터 현황,일반공공행정 - 일반행정,addr,230,3,0.429,4,227,경주시|건천읍|경주시|서면|경주시|안강읍,경산시|남산면|경산시|남천면|경산시|압량읍|경산시|와촌면|경산시|용성면
emd,15109565,경상북도 경주시_숲길 정보,문화체육관광 - 관광,LC,7,15143795,경상북도_노인복지시설 현황조회,사회복지 - 노인·청소년,fcltAddr,203,3,0.429,4,200,경주시|건천읍|경주시|서면|경주시|안강읍,경산시|가동|경산시|계양동|경산시|남산면|경산시|남천면|경산시|대평동
emd,15110900,경상북도 영주시_농촌관광시설 현황,문화체육관광 - 문화체육관광일반,RDNMADR,7,15124615,경상북도 상주시_계약 정보,일반공공행정 - 일반행정,CNTRCT_TRGET_LC,190,3,0.429,4,187,영주시|문수면|영주시|영주동|영주시|풍기읍,경산시|계양동|경산시|남천면|경산시|사정동|경산시|삼풍동|경산시|신교동
emd,15139519,경상북도 포항시_생활 지도 시설 현황,사회복지 - 사회복지일반,addr,84,15157832,경상북도 영천시_경질유 중질유 사용업체현황,환경 - 대기,addr,7,3,0.429,81,4,영천시|금호읍|영천시|북안면|영천시|신녕면,경주시|강동면|군위군|군위읍|봉화군|봉화읍|봉화군|신내동|상주시|공성면
emd,15143756,경상북도_사회적기업 현황조회,교통및물류 - 물류등기타,roadaddr,124,15157809,경상북도 영천시_직업소개소 현황,지역개발 - 지역및도시,roadAddr,7,3,0.429,121,4,영천시|고경면|영천시|금호읍|영천시|화남면,경산시|남산면|경산시|압량읍|경산시|와촌면|경산시|용성면|경산시|자인면
emd,15143756,경상북도_사회적기업 현황조회,교통및물류 - 물류등기타,roadaddr,124,15157832,경상북도 영천시_경질유 중질유 사용업체현황,환경 - 대기,addr,7,3,0.429,121,4,영천시|고경면|영천시|금호읍|영천시|대창면,경산시|남산면|경산시|압량읍|경산시|와촌면|경산시|용성면|경산시|자인면
emd,15157795,경상북도 영천시_동물병원 현황,농림 - 임업·산촌,addr,10,15157832,경상북도 영천시_경질유 중질유 사용업체현황,환경 - 대기,addr,7,3,0.429,7,4,영천시|금호읍|영천시|북안면|영천시|청통면,영천시|고경면|영천시|대창면|영천시|도림동|영천시|문내동|영천시|문외동
emd,15157795,경상북도 영천시_동물병원 현황,농림 - 임업·산촌,addr,10,ep_YeongchoenSeniorwelfare,경상북도 영천시_노인복지시설 현황,사회복지 - 노인·청소년,roadAddr,7,3,0.429,7,4,영천시|금호읍|영천시|북안면|영천시|청통면,영천시|고경면|영천시|도림동|영천시|문내동|영천시|문외동|영천시|성내동
emd,15110920,경상북도 영주시_태양광발전사업 허가내역,산업·통상·중소기업 - 에너지및자원개발,INSTL_PLACE,19,15143756,경상북도_사회적기업 현황조회,교통및물류 - 물류등기타,roadaddr,124,8,0.421,11,116,영주시|문수면|영주시|봉현면|영주시|부석면|영주시|상망동|영주시|순흥면,경산시|남산면|경산시|압량읍|경산시|와촌면|경산시|용성면|경산시|자인면
emd,15139542,경상북도 포항시_인구 건물 위치,사회복지 - 노인·청소년,sigun,43,15143795,경상북도_노인복지시설 현황조회,사회복지 - 노인·청소년,fcltAddr,203,18,0.419,25,185,포항시|구룡포읍|포항시|기계면|포항시|대송면|포항시|동해면|포항시|송라면,경산시|가동|경산시|계양동|경산시|남산면|경산시|남천면|경산시|대평동
emd,15143756,경상북도_사회적기업 현황조회,교통및물류 - 물류등기타,roadaddr,124,15157838,경상북도 영천시_농어촌민박 현황,문화체육관광 - 관광,lotAddr,12,5,0.417,119,7,영천시|고경면|영천시|금호읍|영천시|대창면|영천시|임고면|영천시|화남면,경산시|남산면|경산시|압량읍|경산시|와촌면|경산시|용성면|경산시|자인면
emd,15143780,경상북도_어린이보호구역 정보조회,사회복지 - 보육·가족및여성,addr,227,15157811,경상북도 영천시_안전상비의약품 판매업 현황,보건 - 보건의료,addr,12,5,0.417,222,7,영천시|금호읍|영천시|신녕면|영천시|완산동|영천시|임고면|영천시|화남면,김천시|감문면|김천시|감천면|김천시|개령면|김천시|구성면|김천시|남면
emd,15000736_getHsptlBassInfoInqire,국립중앙의료원_전국 병·의원 찾기 서비스,보건 - 보건의료,dutyAddr,286,15157788,경상북도 영천시_사업장폐기물배출자신고 현황,환경 - 폐기물,lotAddr,27,11,0.407,275,16,영천시|고경면|영천시|금호읍|영천시|대창면|영천시|망정동|영천시|북안면,경산시|남산면|경산시|남천면|경산시|사동|경산시|삼풍동|경산시|압량면
emd,15000736_getHsptlMdcncFullDown,국립중앙의료원_전국 병·의원 찾기 서비스,보건 - 보건의료,dutyAddr,288,15157788,경상북도 영천시_사업장폐기물배출자신고 현황,환경 - 폐기물,lotAddr,27,11,0.407,277,16,영천시|고경면|영천시|금호읍|영천시|대창면|영천시|망정동|영천시|북안면,경산시|남산면|경산시|남천면|경산시|사동|경산시|삼풍동|경산시|압량면
emd,15143795,경상북도_노인복지시설 현황조회,사회복지 - 노인·청소년,fcltAddr,203,15157788,경상북도 영천시_사업장폐기물배출자신고 현황,환경 - 폐기물,lotAddr,27,11,0.407,192,16,영천시|고경면|영천시|금호읍|영천시|대창면|영천시|도동|영천시|북안면,경산시|가동|경산시|계양동|경산시|남산면|경산시|남천면|경산시|대평동
emd,15097231,경상북도 구미시_체육시설업 현황,문화체육관광 - 체육,fclty_adres_lnm,32,15124615,경상북도 상주시_계약 정보,일반공공행정 - 일반행정,CNTRCT_TRGET_LC,190,13,0.406,19,177,구미시|고아읍|구미시|사곡동|구미시|산동면|구미시|선산읍|구미시|송정동,경산시|계양동|경산시|남천면|경산시|사정동|경산시|삼풍동|경산시|신교동
emd,15097248,경상북도 구미시_어린이 보호 구역,공공질서및안전 - 안전관리,lnm_adres,32,15124615,경상북도 상주시_계약 정보,일반공공행정 - 일반행정,CNTRCT_TRGET_LC,190,13,0.406,19,177,구미시|고아읍|구미시|도개면|구미시|사곡동|구미시|선산읍|구미시|송정동,경산시|계양동|경산시|남천면|경산시|사정동|경산시|삼풍동|경산시|신교동
emd,15097237,경상북도 구미시_농경지 용수 공급 시설,농림 - 농업·농촌,adreslnm,20,15124615,경상북도 상주시_계약 정보,일반공공행정 - 일반행정,CNTRCT_TRGET_LC,190,8,0.4,12,182,구미시|고아읍|구미시|도개면|구미시|산동면|구미시|선산읍|구미시|옥계동,경산시|계양동|경산시|남천면|경산시|사정동|경산시|삼풍동|경산시|신교동
emd,15097237,경상북도 구미시_농경지 용수 공급 시설,농림 - 농업·농촌,adreslnm,20,15143264,경상북도_시군별 주민센터 현황,일반공공행정 - 일반행정,addr,230,8,0.4,12,222,구미시|고아읍|구미시|도개면|구미시|무을면|구미시|산동읍|구미시|선산읍,경산시|남산면|경산시|남천면|경산시|압량읍|경산시|와촌면|경산시|용성면
emd,15097237,경상북도 구미시_농경지 용수 공급 시설,농림 - 농업·농촌,adreslnm,20,15143795,경상북도_노인복지시설 현황조회,사회복지 - 노인·청소년,fcltAddr,203,8,0.4,12,195,구미시|고아읍|구미시|도개면|구미시|무을면|구미시|산동읍|구미시|선산읍,경산시|가동|경산시|계양동|경산시|남산면|경산시|남천면|경산시|대평동
sgg,15139519,경상북도 포항시_생활 지도 시설 현황,사회복지 - 사회복지일반,addr,10,15157788,경상북도 영천시_사업장폐기물배출자신고 현황,환경 - 폐기물,procStoreNm,10,4,0.4,6,6,경주시|봉화군|영천시|포항시,경산시|고령군|구미시|군위군|김천시
emd,15000736_getHsptlMdcncListInfoInqire,국립중앙의료원_전국 병·의원 찾기 서비스,보건 - 보건의료,dutyAddr,308,15157795,경상북도 영천시_동물병원 현황,농림 - 임업·산촌,addr,10,4,0.4,304,6,영천시|금호읍|영천시|북안면|영천시|완산동|영천시|청통면,경산시|남산면|경산시|남천면|경산시|사동|경산시|삼풍동|경산시|압량면
emd,15143756,경상북도_사회적기업 현황조회,교통및물류 - 물류등기타,roadaddr,124,ep_pohangArpltnEnvrn,경상북도 포항시_대기오염 환경,,msrstn_nm,10,4,0.4,120,6,포항시|대송면|포항시|송도동|포항시|연일읍|포항시|오천읍,경산시|남산면|경산시|압량읍|경산시|와촌면|경산시|용성면|경산시|자인면
emd,15143795,경상북도_노인복지시설 현황조회,사회복지 - 노인·청소년,fcltAddr,203,ep_pohangArpltnEnvrn,경상북도 포항시_대기오염 환경,,msrstn_nm,10,4,0.4,199,6,포항시|대송면|포항시|연일읍|포항시|오천읍|포항시|우현동,경산시|가동|경산시|계양동|경산시|남산면|경산시|남천면|경산시|대평동
emd,15157795,경상북도 영천시_동물병원 현황,농림 - 임업·산촌,addr,10,15157816,경상북도 영천시_강우량시설 현황,환경 - 대기,lotAddr,13,4,0.4,6,9,영천시|금호읍|영천시|문외동|영천시|북안면|영천시|청통면,영천시|고경면|영천시|대창면|영천시|도림동|영천시|문내동|영천시|범어동
emd,15157795,경상북도 영천시_동물병원 현황,농림 - 임업·산촌,addr,10,15157829,경상북도 영천시_상수도원격검침 지역별 현황,지역개발 - 수자원,area,16,4,0.4,6,12,영천시|금호읍|영천시|북안면|영천시|완산동|영천시|청통면,영천시|고경면|영천시|남부동|영천시|대창면|영천시|도림동|영천시|동부동
emd,15000736_getHsptlBassInfoInqire,국립중앙의료원_전국 병·의원 찾기 서비스,보건 - 보건의료,dutyAddr,286,15097236,경상북도 구미시_버스 노선,교통및물류 - 도로,route_nm,5,2,0.4,284,3,구미시|인동|구미시|황상동,경산시|남산면|경산시|남천면|경산시|사동|경산시|삼풍동|경산시|압량면
emd,15000736_getHsptlMdcncFullDown,국립중앙의료원_전국 병·의원 찾기 서비스,보건 - 보건의료,dutyAddr,288,15097236,경상북도 구미시_버스 노선,교통및물류 - 도로,route_nm,5,2,0.4,286,3,구미시|인동|구미시|황상동,경산시|남산면|경산시|남천면|경산시|사동|경산시|삼풍동|경산시|압량면
emd,15000736_getHsptlMdcncListInfoInqire,국립중앙의료원_전국 병·의원 찾기 서비스,보건 - 보건의료,dutyAddr,308,15097236,경상북도 구미시_버스 노선,교통및물류 - 도로,route_nm,5,2,0.4,306,3,구미시|인동|구미시|황상동,경산시|남산면|경산시|남천면|경산시|사동|경산시|삼풍동|경산시|압량면
emd,15097231,경상북도 구미시_체육시설업 현황,문화체육관광 - 체육,fclty_adres_lnm,32,15097236,경상북도 구미시_버스 노선,교통및물류 - 도로,route_nm,5,2,0.4,30,3,구미시|양호동|구미시|황상동,구미시|거의동|구미시|고아읍|구미시|공단동|구미시|광평동|구미시|구평동
emd,15097235,경상북도 구미시_경찰서 무인카메라 설치 현황,교통및물류 - 도로,instl_place,7,15097251,경상북도 구미시_가축분뇨 배출시설 설치 허가 농가,환경 - 환경일반,locplc,5,2,0.4,5,3,구미시|고아읍|구미시|도개면,구미시|산동|구미시|산동면|구미시|산동읍|구미시|선산읍|구미시|옥성면
emd,15097236,경상북도 구미시_버스 노선,교통및물류 - 도로,route_nm,5,15097237,경상북도 구미시_농경지 용수 공급 시설,농림 - 농업·농촌,adreslnm,20,2,0.4,3,18,구미시|양호동|구미시|황상동,구미시|감문면|구미시|거의동|구미시|고아읍|구미시|구포동|구미시|도개면
emd,15097236,경상북도 구미시_버스 노선,교통및물류 - 도로,route_nm,5,15097246,경상북도 구미시_일반 음식점,문화체육관광 - 관광,locplcrn,50,2,0.4,3,48,구미시|인동|구미시|황상동,구미시|가동|구미시|가동동|구미시|거의동|구미시|고아읍|구미시|공단동
emd,15097236,경상북도 구미시_버스 노선,교통및물류 - 도로,route_nm,5,15097249,경상북도 구미시_경로당,사회복지 - 노인·청소년,lnm_adres,36,2,0.4,3,34,구미시|양호동|구미시|황상동,구미시|거의동|구미시|고아읍|구미시|공단동|구미시|광평동|구미시|구평동
emd,15097236,경상북도 구미시_버스 노선,교통및물류 - 도로,route_nm,5,15097250,경상북도 구미시_공공와이파이 현황,통신 - 방송통신,locplc_rdnmadr,35,2,0.4,3,33,구미시|인동|구미시|황상동,구미시|거의동|구미시|고아읍|구미시|공단동|구미시|광평동|구미시|구평동
emd,15097236,경상북도 구미시_버스 노선,교통및물류 - 도로,route_nm,5,15143265,경상북도_공중화장실 정보 조회,보건 - 보건의료,addr,437,2,0.4,3,435,구미시|양호동|구미시|황상동,경산시|갑제동|경산시|계양동|경산시|남산면|경산시|남천면|경산시|대평동
emd,15097238,경상북도 구미시_화학 물질 누출 대응 시스템 취급업체,공공질서및안전 - 안전관리,adres,14,15097251,경상북도 구미시_가축분뇨 배출시설 설치 허가 농가,환경 - 환경일반,locplc,5,2,0.4,12,3,구미시|고아읍|구미시|선산읍,구미시|가동|구미시|공단동|구미시|구포동|구미시|금전동|구미시|다사읍
emd,15109581,경상북도 경주시_전망포인트,문화체육관광 - 관광,LC,6,15109586,경상북도 경주시_걷기길 정보,문화체육관광 - 문화체육관광일반,SEARCH,5,2,0.4,4,3,경주시|감포읍|경주시|양남면,경주시|교동|경주시|문무대왕면|경주시|배동|경주시|북군동|경주시|산내면
emd,15109586,경상북도 경주시_걷기길 정보,문화체육관광 - 문화체육관광일반,SEARCH,5,15124615,경상북도 상주시_계약 정보,일반공공행정 - 일반행정,CNTRCT_TRGET_LC,190,2,0.4,3,188,경주시|감포읍|경주시|양남면,경산시|계양동|경산시|남천면|경산시|사정동|경산시|삼풍동|경산시|신교동
emd,15109586,경상북도 경주시_걷기길 정보,문화체육관광 - 문화체육관광일반,SEARCH,5,15143795,경상북도_노인복지시설 현황조회,사회복지 - 노인·청소년,fcltAddr,203,2,0.4,3,201,경주시|문무대왕면|경주시|양남면,경산시|가동|경산시|계양동|경산시|남산면|경산시|남천면|경산시|대평동
emd,15110880,경상북도 영주시_농지전용허가 현황,농림 - 농업·농촌,LOCPLC,10,15110898,경상북도 영주시_장기요양시설,사회복지 - 사회복지일반,ADRES,5,2,0.4,8,3,영주시|문수면|영주시|풍기읍,영주시|고현동|영주시|단산면|영주시|봉현면|영주시|부석면|영주시|순흥면
emd,15110898,경상북도 영주시_장기요양시설,사회복지 - 사회복지일반,ADRES,5,15110899,경상북도 영주시_장애인복지시설,사회복지 - 사회복지일반,RDNMADR,5,2,0.4,3,3,영주시|문수면|영주시|풍기읍,영주시|단산면|영주시|순흥면|영주시|안정면|영주시|영주동|영주시|이산면
emd,15110898,경상북도 영주시_장기요양시설,사회복지 - 사회복지일반,ADRES,5,15139519,경상북도 포항시_생활 지도 시설 현황,사회복지 - 사회복지일반,addr,84,2,0.4,3,82,영주시|풍기읍|영주시|휴천동,경주시|강동면|군위군|군위읍|봉화군|봉화읍|봉화군|신내동|상주시|공성면
emd,15110899,경상북도 영주시_장애인복지시설,사회복지 - 사회복지일반,RDNMADR,5,15110900,경상북도 영주시_농촌관광시설 현황,문화체육관광 - 문화체육관광일반,RDNMADR,7,2,0.4,3,5,영주시|문수면|영주시|풍기읍,영주시|단산면|영주시|봉현면|영주시|부석면|영주시|순흥면|영주시|안정면
emd,15110899,경상북도 영주시_장애인복지시설,사회복지 - 사회복지일반,RDNMADR,5,15124615,경상북도 상주시_계약 정보,일반공공행정 - 일반행정,CNTRCT_TRGET_LC,190,2,0.4,3,188,영주시|문수면|영주시|풍기읍,경산시|계양동|경산시|남천면|경산시|사정동|경산시|삼풍동|경산시|신교동
emd,15139519,경상북도 포항시_생활 지도 시설 현황,사회복지 - 사회복지일반,addr,84,ep_YeongcheonFarmproduction,경상북도 영천시_농산물산지 현황,,addr,5,2,0.4,82,3,영천시|금호읍|영천시|신녕면,경주시|강동면|군위군|군위읍|봉화군|봉화읍|봉화군|신내동|상주시|공성면
emd,15143264,경상북도_시군별 주민센터 현황,일반공공행정 - 일반행정,addr,230,15157773,경상북도 영천시_착한가격업소 현황,지역개발 - 지역및도시,roadAddr,5,2,0.4,228,3,영천시|고경면|영천시|신녕면,경산시|남산면|경산시|남천면|경산시|압량읍|경산시|와촌면|경산시|용성면
emd,15143756,경상북도_사회적기업 현황조회,교통및물류 - 물류등기타,roadaddr,124,15157805,경상북도 영천시_임신부 할인업소 현황,보건 - 식품의약안전,addr,5,2,0.4,122,3,영천시|금호읍|영천시|임고면,경산시|남산면|경산시|압량읍|경산시|와촌면|경산시|용성면|경산시|자인면
emd,15143756,경상북도_사회적기업 현황조회,교통및물류 - 물류등기타,roadaddr,124,ep_YeongcheonMedicalfacility,경상북도 영천시_의료기관현황,보건 - 식품의약안전,addr,5,2,0.4,122,3,영천시|고경면|영천시|금호읍,경산시|남산면|경산시|압량읍|경산시|와촌면|경산시|용성면|경산시|자인면
emd,15143756,경상북도_사회적기업 현황조회,교통및물류 - 물류등기타,roadaddr,124,ep_YeongcheonPharmacy,경상북도 영천시_약국 현황,보건 - 식품의약안전,roadAddr,5,2,0.4,122,3,영천시|금호읍|영천시|대창면,경산시|남산면|경산시|압량읍|경산시|와촌면|경산시|용성면|경산시|자인면
emd,15157773,경상북도 영천시_착한가격업소 현황,지역개발 - 지역및도시,roadAddr,5,15157793,경상북도 영천시_군장병 할인업소 현황,보건 - 식품의약안전,addr,9,2,0.4,3,7,영천시|고경면|영천시|중앙동,영천시|과전동|영천시|금호읍|영천시|문외동|영천시|북안면|영천시|신녕면
emd,15157773,경상북도 영천시_착한가격업소 현황,지역개발 - 지역및도시,roadAddr,5,15157811,경상북도 영천시_안전상비의약품 판매업 현황,보건 - 보건의료,addr,12,2,0.4,3,10,영천시|신녕면|영천시|중앙동,영천시|고경면|영천시|금호읍|영천시|대창면|영천시|망정동|영천시|문외동
emd,15157773,경상북도 영천시_착한가격업소 현황,지역개발 - 지역및도시,roadAddr,5,15157817,경상북도 영천시_면직물 생산공장 현황,산업·통상·중소기업 - 산업·중소기업일반,lotAddr,14,2,0.4,3,12,영천시|고경면|영천시|신녕면,영천시|금호읍|영천시|녹전동|영천시|대창면|영천시|망정동|영천시|문외동
emd,15157773,경상북도 영천시_착한가격업소 현황,지역개발 - 지역및도시,roadAddr,5,15157832,경상북도 영천시_경질유 중질유 사용업체현황,환경 - 대기,addr,7,2,0.4,3,5,영천시|고경면|영천시|신녕면,영천시|금호읍|영천시|대창면|영천시|문외동|영천시|북안면|영천시|중앙동
emd,15157773,경상북도 영천시_착한가격업소 현황,지역개발 - 지역및도시,roadAddr,5,ep_YeongcheonMedicalfacility,경상북도 영천시_의료기관현황,보건 - 식품의약안전,addr,5,2,0.4,3,3,영천시|고경면|영천시|신녕면,영천시|금호읍|영천시|문외동|영천시|북안면|영천시|완산동|영천시|중앙동
emd,15157795,경상북도 영천시_동물병원 현황,농림 - 임업·산촌,addr,10,ep_YeongcheonFarmproduction,경상북도 영천시_농산물산지 현황,,addr,5,2,0.4,8,3,영천시|금호읍|영천시|청통면,영천시|도림동|영천시|문내동|영천시|문외동|영천시|북안면|영천시|성내동
emd,ep_YeongcheonFarmproduction,경상북도 영천시_농산물산지 현황,,addr,5,ep_YeongcheonMedicalfacility,경상북도 영천시_의료기관현황,보건 - 식품의약안전,addr,5,2,0.4,3,3,영천시|금호읍|영천시|신녕면,영천시|고경면|영천시|북안면|영천시|완산동|영천시|임고면|영천시|청통면
emd,15000736_getHsptlMdcncListInfoInqire,국립중앙의료원_전국 병·의원 찾기 서비스,보건 - 보건의료,dutyAddr,308,15157767,경상북도 영천시_공장 현황,산업·통상·중소기업 - 산업·중소기업일반,lotAddr,33,13,0.394,295,20,영천시|고경면|영천시|금호읍|영천시|대창면|영천시|망정동|영천시|북안면,경산시|남산면|경산시|남천면|경산시|사동|경산시|삼풍동|경산시|압량면
emd,15143795,경상북도_노인복지시설 현황조회,사회복지 - 노인·청소년,fcltAddr,203,15157767,경상북도 영천시_공장 현황,산업·통상·중소기업 - 산업·중소기업일반,lotAddr,33,13,0.394,190,20,영천시|고경면|영천시|금호읍|영천시|대창면|영천시|도동|영천시|북안면,경산시|가동|경산시|계양동|경산시|남산면|경산시|남천면|경산시|대평동
emd,15110916,경상북도 영주시_건물재산,지역개발 - 지역및도시,LOCPLC,23,15143756,경상북도_사회적기업 현황조회,교통및물류 - 물류등기타,roadaddr,124,9,0.391,14,115,영주시|문수면|영주시|봉현면|영주시|부석면|영주시|상망동|영주시|순흥면,경산시|남산면|경산시|압량읍|경산시|와촌면|경산시|용성면|경산시|자인면
emd,15124612,경상북도 상주시_축산물 판매업 현황,농림 - 농업·농촌,RDNMADR,23,15143795,경상북도_노인복지시설 현황조회,사회복지 - 노인·청소년,fcltAddr,203,9,0.391,14,194,상주시|공검면|상주시|낙동면|상주시|모서면|상주시|사벌국면|상주시|은척면,경산시|가동|경산시|계양동|경산시|남산면|경산시|남천면|경산시|대평동
emd,15143264,경상북도_시군별 주민센터 현황,일반공공행정 - 일반행정,addr,230,15157799,경상북도 영천시_미용업현황,보건 - 보건의료,roadAddr,23,9,0.391,221,14,영천시|고경면|영천시|금호읍|영천시|대창면|영천시|북안면|영천시|신녕면,경산시|남산면|경산시|남천면|경산시|압량읍|경산시|와촌면|경산시|용성면
emd,15097247,경상북도 구미시_저수지 현황,농림 - 농업·농촌,adres,13,15097253,경상북도 구미시_노인 복지 시설 현황,사회복지 - 노인·청소년,instt_adres,14,5,0.385,8,9,구미시|고아읍|구미시|무을면|구미시|산동읍|구미시|선산읍|구미시|옥성면,구미시|가동|구미시|도개면|구미시|도량동|구미시|봉곡동|구미시|사곡동
emd,15143756,경상북도_사회적기업 현황조회,교통및물류 - 물류등기타,roadaddr,124,15157792,경상북도 영천시_지진재난 이재민수용시설 현황,공공질서및안전 - 안전관리,addr,13,5,0.385,119,8,영천시|고경면|영천시|금호읍|영천시|대창면|영천시|임고면|영천시|화남면,경산시|남산면|경산시|압량읍|경산시|와촌면|경산시|용성면|경산시|자인면
emd,15143756,경상북도_사회적기업 현황조회,교통및물류 - 물류등기타,roadaddr,124,15157816,경상북도 영천시_강우량시설 현황,환경 - 대기,lotAddr,13,5,0.385,119,8,영천시|고경면|영천시|금호읍|영천시|대창면|영천시|임고면|영천시|화남면,경산시|남산면|경산시|압량읍|경산시|와촌면|경산시|용성면|경산시|자인면
emd,15143756,경상북도_사회적기업 현황조회,교통및물류 - 물류등기타,roadaddr,124,15157827,경상북도 영천시_전문건설업 현황,지역개발 - 산업단지,roadAddr,13,5,0.385,119,8,영천시|고경면|영천시|금호읍|영천시|대창면|영천시|임고면|영천시|화남면,경산시|남산면|경산시|압량읍|경산시|와촌면|경산시|용성면|경산시|자인면
emd,15094915_getTourContentList,경상북도 경산시_관광자료 조회 서비스,문화체육관광 - 관광,address,21,15143264,경상북도_시군별 주민센터 현황,일반공공행정 - 일반행정,addr,230,8,0.381,13,222,경산시|남산면|경산시|남천면|경산시|압량읍|경산시|와촌면|경산시|용성면,경산시|가동|경산시|나동|경산시|다동|경산시|대동|경산시|바동
emd,15097234,경상북도 구미시_문화재 정보,문화체육관광 - 문화재,locplc,21,15143264,경상북도_시군별 주민센터 현황,일반공공행정 - 일반행정,addr,230,8,0.381,13,222,구미시|고아읍|구미시|도개면|구미시|무을면|구미시|선산읍|구미시|옥성면,경산시|남산면|경산시|남천면|경산시|압량읍|경산시|와촌면|경산시|용성면
emd,15143780,경상북도_어린이보호구역 정보조회,사회복지 - 보육·가족및여성,addr,227,15157822,경상북도 영천시_부동산중개업 현황,지역개발 - 지역및도시,addr,21,8,0.381,219,13,영천시|고경면|영천시|금호읍|영천시|북안면|영천시|신녕면|영천시|야사동,김천시|감문면|김천시|감천면|김천시|개령면|김천시|구성면|김천시|남면
emd,15143780,경상북도_어린이보호구역 정보조회,사회복지 - 보육·가족및여성,addr,227,15157833,경상북도 영천시_저수지 보수보강 현황,농림 - 농업·농촌,addr,21,8,0.381,219,13,영천시|고경면|영천시|금호읍|영천시|북안면|영천시|신녕면|영천시|야사동,김천시|감문면|김천시|감천면|김천시|개령면|김천시|구성면|김천시|남면
emd,15157822,경상북도 영천시_부동산중개업 현황,지역개발 - 지역및도시,addr,21,15157823,경상북도 영천시_태양광발전사업 허가 현황,산업·통상·중소기업 - 에너지및자원개발,ridong,26,8,0.381,13,18,영천시|금노동|영천시|도동|영천시|망정동|영천시|문외동|영천시|봉동,영천시|고경면|영천시|괴연동|영천시|구읍|영천시|금호읍|영천시|녹전동
emd,15000736_getHsptlMdcncListInfoInqire,국립중앙의료원_전국 병·의원 찾기 서비스,보건 - 보건의료,dutyAddr,308,ep_YeongcheonRestaurants,경상북도 영천시_일반음식점현황,보건 - 식품의약안전,lotAddr,37,14,0.378,294,23,영천시|고경면|영천시|금호읍|영천시|대창면|영천시|망정동|영천시|북안면,경산시|남산면|경산시|남천면|경산시|사동|경산시|삼풍동|경산시|압량면
emd,15143795,경상북도_노인복지시설 현황조회,사회복지 - 노인·청소년,fcltAddr,203,ep_YeongcheonRestaurants,경상북도 영천시_일반음식점현황,보건 - 식품의약안전,lotAddr,37,14,0.378,189,23,영천시|고경면|영천시|금호읍|영천시|대창면|영천시|도동|영천시|문외동,경산시|가동|경산시|계양동|경산시|남산면|경산시|남천면|경산시|대평동
emd,15097248,경상북도 구미시_어린이 보호 구역,공공질서및안전 - 안전관리,lnm_adres,32,15143795,경상북도_노인복지시설 현황조회,사회복지 - 노인·청소년,fcltAddr,203,12,0.375,20,191,구미시|고아읍|구미시|공단동|구미시|도개면|구미시|무을면|구미시|사곡동,경산시|가동|경산시|계양동|경산시|남산면|경산시|남천면|경산시|대평동
emd,15143264,경상북도_시군별 주민센터 현황,일반공공행정 - 일반행정,addr,230,15157794,경상북도 영천시_체육시설업현황,문화체육관광 - 체육,lotAddr,16,6,0.375,224,10,영천시|고경면|영천시|금호읍|영천시|신녕면|영천시|임고면|영천시|청통면,경산시|남산면|경산시|남천면|경산시|압량읍|경산시|와촌면|경산시|용성면
emd,15000736_getHsptlBassInfoInqire,국립중앙의료원_전국 병·의원 찾기 서비스,보건 - 보건의료,dutyAddr,286,15114467,경상북도 경주시_경주문화관광_카페 및 찻집 정보,문화체육관광 - 관광,CON_CONTENT,8,3,0.375,283,5,경주시|양남면|경주시|외동읍|경주시|황성동,경산시|남산면|경산시|남천면|경산시|사동|경산시|삼풍동|경산시|압량면
emd,15000736_getHsptlMdcncFullDown,국립중앙의료원_전국 병·의원 찾기 서비스,보건 - 보건의료,dutyAddr,288,15114467,경상북도 경주시_경주문화관광_카페 및 찻집 정보,문화체육관광 - 관광,CON_CONTENT,8,3,0.375,285,5,경주시|양남면|경주시|외동읍|경주시|황성동,경산시|남산면|경산시|남천면|경산시|사동|경산시|삼풍동|경산시|압량면
emd,15000736_getHsptlMdcncListInfoInqire,국립중앙의료원_전국 병·의원 찾기 서비스,보건 - 보건의료,dutyAddr,308,15114467,경상북도 경주시_경주문화관광_카페 및 찻집 정보,문화체육관광 - 관광,CON_CONTENT,8,3,0.375,305,5,경주시|양남면|경주시|외동읍|경주시|황성동,경산시|남산면|경산시|남천면|경산시|사동|경산시|삼풍동|경산시|압량면
emd,15109390,"경상북도 경주시_오토캠핑,야영장 현황",문화체육관광 - 관광,ADRES,8,15109439,경상북도 경주시_시정뉴스 현황,문화체육관광 - 문화예술,COREC_NEWS_NM,38,3,0.375,5,35,경주시|내남면|경주시|산내면|경주시|천북면,경주시|감면|경주시|감포읍|경주시|강동면|경주시|건천읍|경주시|관합동
emd,15109390,"경상북도 경주시_오토캠핑,야영장 현황",문화체육관광 - 관광,ADRES,8,15124615,경상북도 상주시_계약 정보,일반공공행정 - 일반행정,CNTRCT_TRGET_LC,190,3,0.375,5,187,경주시|감포읍|경주시|강동면|경주시|천북면,경산시|계양동|경산시|남천면|경산시|사정동|경산시|삼풍동|경산시|신교동
emd,15114467,경상북도 경주시_경주문화관광_카페 및 찻집 정보,문화체육관광 - 관광,CON_CONTENT,8,15124615,경상북도 상주시_계약 정보,일반공공행정 - 일반행정,CNTRCT_TRGET_LC,190,3,0.375,5,187,경주시|양남면|경주시|외동읍|경주시|황성동,경산시|계양동|경산시|남천면|경산시|사정동|경산시|삼풍동|경산시|신교동
emd,15114467,경상북도 경주시_경주문화관광_카페 및 찻집 정보,문화체육관광 - 관광,CON_CONTENT,8,15143265,경상북도_공중화장실 정보 조회,보건 - 보건의료,addr,437,3,0.375,5,434,경주시|양남면|경주시|외동읍|경주시|황성동,경산시|갑제동|경산시|계양동|경산시|남산면|경산시|남천면|경산시|대평동
emd,15097250,경상북도 구미시_공공와이파이 현황,통신 - 방송통신,locplc_rdnmadr,35,15143795,경상북도_노인복지시설 현황조회,사회복지 - 노인·청소년,fcltAddr,203,13,0.371,22,190,구미시|고아읍|구미시|공단동|구미시|도개면|구미시|무을면|구미시|사곡동,경산시|가동|경산시|계양동|경산시|남산면|경산시|남천면|경산시|대평동
emd,15000736_getHsptlMdcncListInfoInqire,국립중앙의료원_전국 병·의원 찾기 서비스,보건 - 보건의료,dutyAddr,308,15124614,경상북도 상주시_일반 건축물 시가 표준액,일반공공행정 - 일반행정,ADRES,54,20,0.37,288,34,상주시|공검면|상주시|공성면|상주시|낙동면|상주시|남성동|상주시|내서면,경산시|남산면|경산시|남천면|경산시|사동|경산시|삼풍동|경산시|압량면
emd,15109439,경상북도 경주시_시정뉴스 현황,문화체육관광 - 문화예술,COREC_NEWS_NM,38,15143265,경상북도_공중화장실 정보 조회,보건 - 보건의료,addr,437,14,0.368,24,423,경주시|건천읍|경주시|내남면|경주시|산내면|경주시|서면|경주시|성건동,경산시|갑제동|경산시|계양동|경산시|남산면|경산시|남천면|경산시|대평동
emd,15000736_getHsptlBassInfoInqire,국립중앙의료원_전국 병·의원 찾기 서비스,보건 - 보건의료,dutyAddr,286,15109381,경상북도 경주시_관광지 현황,문화체육관광 - 관광,ADRES,33,12,0.364,274,21,경주시|감포읍|경주시|강동면|경주시|건천읍|경주시|내남면|경주시|문무대왕면,경산시|남산면|경산시|남천면|경산시|사동|경산시|삼풍동|경산시|압량면
emd,15000736_getHsptlMdcncFullDown,국립중앙의료원_전국 병·의원 찾기 서비스,보건 - 보건의료,dutyAddr,288,15109381,경상북도 경주시_관광지 현황,문화체육관광 - 관광,ADRES,33,12,0.364,276,21,경주시|감포읍|경주시|강동면|경주시|건천읍|경주시|내남면|경주시|문무대왕면,경산시|남산면|경산시|남천면|경산시|사동|경산시|삼풍동|경산시|압량면
emd,15000736_getHsptlMdcncListInfoInqire,국립중앙의료원_전국 병·의원 찾기 서비스,보건 - 보건의료,dutyAddr,308,15109381,경상북도 경주시_관광지 현황,문화체육관광 - 관광,ADRES,33,12,0.364,296,21,경주시|감포읍|경주시|강동면|경주시|건천읍|경주시|내남면|경주시|문무대왕면,경산시|남산면|경산시|남천면|경산시|사동|경산시|삼풍동|경산시|압량면
emd,15109381,경상북도 경주시_관광지 현황,문화체육관광 - 관광,ADRES,33,15143264,경상북도_시군별 주민센터 현황,일반공공행정 - 일반행정,addr,230,12,0.364,21,218,경주시|감포읍|경주시|강동면|경주시|건천읍|경주시|내남면|경주시|문무대왕면,경산시|남산면|경산시|남천면|경산시|압량읍|경산시|와촌면|경산시|용성면
emd,15097238,경상북도 구미시_화학 물질 누출 대응 시스템 취급업체,공공질서및안전 - 안전관리,adres,14,15097245,경상북도 구미시_축산 농가 현황,농림 - 농업·농촌,bplc_adreslnm,11,4,0.364,10,7,구미시|고아읍|구미시|산동면|구미시|선산읍|구미시|장천면,구미시|가동|구미시|공단동|구미시|구포동|구미시|금전동|구미시|다사읍
emd,15110882,경상북도 영주시_산지전용허가 현황,농림 - 농업·농촌,LOCPLC,11,15143795,경상북도_노인복지시설 현황조회,사회복지 - 노인·청소년,fcltAddr,203,4,0.364,7,199,영주시|문수면|영주시|봉현면|영주시|안정면|영주시|풍기읍,경산시|가동|경산시|계양동|경산시|남산면|경산시|남천면|경산시|대평동
emd,15097249,경상북도 구미시_경로당,사회복지 - 노인·청소년,lnm_adres,36,15124615,경상북도 상주시_계약 정보,일반공공행정 - 일반행정,CNTRCT_TRGET_LC,190,13,0.361,23,177,구미시|고아읍|구미시|도개면|구미시|사곡동|구미시|선산읍|구미시|송정동,경산시|계양동|경산시|남천면|경산시|사정동|경산시|삼풍동|경산시|신교동
emd,15000736_getHsptlMdcncListInfoInqire,국립중앙의료원_전국 병·의원 찾기 서비스,보건 - 보건의료,dutyAddr,308,15157807,경상북도 영천시_동네 체육시설 현황,문화체육관광 - 체육,lotAddr,39,14,0.359,294,25,영천시|고경면|영천시|금호읍|영천시|대창면|영천시|망정동|영천시|북안면,경산시|남산면|경산시|남천면|경산시|사동|경산시|삼풍동|경산시|압량면
emd,15143795,경상북도_노인복지시설 현황조회,사회복지 - 노인·청소년,fcltAddr,203,15157807,경상북도 영천시_동네 체육시설 현황,문화체육관광 - 체육,lotAddr,39,14,0.359,189,25,영천시|고경면|영천시|금호읍|영천시|대창면|영천시|도동|영천시|문외동,경산시|가동|경산시|계양동|경산시|남산면|경산시|남천면|경산시|대평동
emd,15139519,경상북도 포항시_생활 지도 시설 현황,사회복지 - 사회복지일반,addr,84,15143795,경상북도_노인복지시설 현황조회,사회복지 - 노인·청소년,fcltAddr,203,30,0.357,54,173,경주시|강동면|봉화군|봉화읍|상주시|사벌국면|상주시|함창읍|상주시|화서면,경산시|가동|경산시|계양동|경산시|남산면|경산시|남천면|경산시|대평동
emd,15097238,경상북도 구미시_화학 물질 누출 대응 시스템 취급업체,공공질서및안전 - 안전관리,adres,14,15143795,경상북도_노인복지시설 현황조회,사회복지 - 노인·청소년,fcltAddr,203,5,0.357,9,198,구미시|고아읍|구미시|공단동|구미시|선산읍|구미시|인동|구미시|장천면,경산시|가동|경산시|계양동|경산시|남산면|경산시|남천면|경산시|대평동
emd,15143756,경상북도_사회적기업 현황조회,교통및물류 - 물류등기타,roadaddr,124,15157817,경상북도 영천시_면직물 생산공장 현황,산업·통상·중소기업 - 산업·중소기업일반,lotAddr,14,5,0.357,119,9,영천시|고경면|영천시|금호읍|영천시|대창면|영천시|임고면|영천시|화남면,경산시|남산면|경산시|압량읍|경산시|와촌면|경산시|용성면|경산시|자인면
emd,15157817,경상북도 영천시_면직물 생산공장 현황,산업·통상·중소기업 - 산업·중소기업일반,lotAddr,14,15157823,경상북도 영천시_태양광발전사업 허가 현황,산업·통상·중소기업 - 에너지및자원개발,ridong,26,5,0.357,9,21,영천시|녹전동|영천시|망정동|영천시|신기동|영천시|언하동|영천시|채신동,영천시|고경면|영천시|괴연동|영천시|금노동|영천시|금호읍|영천시|대전동
emd,15000736_getHsptlBassInfoInqire,국립중앙의료원_전국 병·의원 찾기 서비스,보건 - 보건의료,dutyAddr,286,15124614,경상북도 상주시_일반 건축물 시가 표준액,일반공공행정 - 일반행정,ADRES,54,19,0.352,267,35,상주시|공검면|상주시|공성면|상주시|낙동면|상주시|남성동|상주시|내서면,경산시|남산면|경산시|남천면|경산시|사동|경산시|삼풍동|경산시|압량면
emd,15000736_getHsptlMdcncFullDown,국립중앙의료원_전국 병·의원 찾기 서비스,보건 - 보건의료,dutyAddr,288,15124614,경상북도 상주시_일반 건축물 시가 표준액,일반공공행정 - 일반행정,ADRES,54,19,0.352,269,35,상주시|공검면|상주시|공성면|상주시|낙동면|상주시|남성동|상주시|내서면,경산시|남산면|경산시|남천면|경산시|사동|경산시|삼풍동|경산시|압량면
emd,15000736_getHsptlMdcncListInfoInqire,국립중앙의료원_전국 병·의원 찾기 서비스,보건 - 보건의료,dutyAddr,308,ep_YeongcheonCCTV,경상북도 영천시_CCTV 현황,일반공공행정 - 일반행정,lotAddr,40,14,0.35,294,26,영천시|고경면|영천시|금호읍|영천시|대창면|영천시|망정동|영천시|북안면,경산시|남산면|경산시|남천면|경산시|사동|경산시|삼풍동|경산시|압량면
emd,15143795,경상북도_노인복지시설 현황조회,사회복지 - 노인·청소년,fcltAddr,203,ep_YeongcheonCCTV,경상북도 영천시_CCTV 현황,일반공공행정 - 일반행정,lotAddr,40,14,0.35,189,26,영천시|고경면|영천시|금호읍|영천시|대창면|영천시|도동|영천시|문외동,경산시|가동|경산시|계양동|경산시|남산면|경산시|남천면|경산시|대평동
emd,15124615,경상북도 상주시_계약 정보,일반공공행정 - 일반행정,CNTRCT_TRGET_LC,190,15157837,경상북도 영천시_새마을회관 현황,일반공공행정 - 일반행정,lotAddr,23,8,0.348,182,15,영천시|고경면|영천시|금호읍|영천시|대창면|영천시|신녕면|영천시|임고면,경산시|계양동|경산시|남천면|경산시|사정동|경산시|삼풍동|경산시|신교동
emd,15139564,경상북도 포항시_대피 장소 목록,공공질서및안전 - 안전관리,addr,42,15143264,경상북도_시군별 주민센터 현황,일반공공행정 - 일반행정,addr,230,14,0.333,28,216,포항시|구룡포읍|포항시|기계면|포항시|기북면|포항시|대송면|포항시|동해면,경산시|남산면|경산시|남천면|경산시|압량읍|경산시|와촌면|경산시|용성면
emd,15097249,경상북도 구미시_경로당,사회복지 - 노인·청소년,lnm_adres,36,15143795,경상북도_노인복지시설 현황조회,사회복지 - 노인·청소년,fcltAddr,203,12,0.333,24,191,구미시|고아읍|구미시|공단동|구미시|도개면|구미시|무을면|구미시|사곡동,경산시|가동|경산시|계양동|경산시|남산면|경산시|남천면|경산시|대평동
emd,15000736_getHsptlBassInfoInqire,국립중앙의료원_전국 병·의원 찾기 서비스,보건 - 보건의료,dutyAddr,286,15157767,경상북도 영천시_공장 현황,산업·통상·중소기업 - 산업·중소기업일반,lotAddr,33,11,0.333,275,22,영천시|고경면|영천시|금호읍|영천시|대창면|영천시|망정동|영천시|북안면,경산시|남산면|경산시|남천면|경산시|사동|경산시|삼풍동|경산시|압량면
emd,15000736_getHsptlMdcncFullDown,국립중앙의료원_전국 병·의원 찾기 서비스,보건 - 보건의료,dutyAddr,288,15157767,경상북도 영천시_공장 현황,산업·통상·중소기업 - 산업·중소기업일반,lotAddr,33,11,0.333,277,22,영천시|고경면|영천시|금호읍|영천시|대창면|영천시|망정동|영천시|북안면,경산시|남산면|경산시|남천면|경산시|사동|경산시|삼풍동|경산시|압량면
emd,15143780,경상북도_어린이보호구역 정보조회,사회복지 - 보육·가족및여성,addr,227,15157767,경상북도 영천시_공장 현황,산업·통상·중소기업 - 산업·중소기업일반,lotAddr,33,11,0.333,216,22,영천시|고경면|영천시|금호읍|영천시|북안면|영천시|성내동|영천시|신녕면,김천시|감문면|김천시|감천면|김천시|개령면|김천시|구성면|김천시|남면
emd,15124615,경상북도 상주시_계약 정보,일반공공행정 - 일반행정,CNTRCT_TRGET_LC,190,15157788,경상북도 영천시_사업장폐기물배출자신고 현황,환경 - 폐기물,lotAddr,27,9,0.333,181,18,영천시|고경면|영천시|금호읍|영천시|녹전동|영천시|대창면|영천시|신녕면,경산시|계양동|경산시|남천면|경산시|사정동|경산시|삼풍동|경산시|신교동
emd,15143264,경상북도_시군별 주민센터 현황,일반공공행정 - 일반행정,addr,230,15157788,경상북도 영천시_사업장폐기물배출자신고 현황,환경 - 폐기물,lotAddr,27,9,0.333,221,18,영천시|고경면|영천시|금호읍|영천시|대창면|영천시|북안면|영천시|신녕면,경산시|남산면|경산시|남천면|경산시|압량읍|경산시|와촌면|경산시|용성면
emd,15094915_getTourContentList,경상북도 경산시_관광자료 조회 서비스,문화체육관광 - 관광,address,21,15143756,경상북도_사회적기업 현황조회,교통및물류 - 물류등기타,roadaddr,124,7,0.333,14,117,경산시|남산면|경산시|압량읍|경산시|와촌면|경산시|용성면|경산시|자인면,경산시|가동|경산시|나동|경산시|남천면|경산시|다동|경산시|대동
emd,15097234,경상북도 구미시_문화재 정보,문화체육관광 - 문화재,locplc,21,15143795,경상북도_노인복지시설 현황조회,사회복지 - 노인·청소년,fcltAddr,203,7,0.333,14,196,구미시|고아읍|구미시|도개면|구미시|무을면|구미시|선산읍|구미시|옥성면,경산시|가동|경산시|계양동|경산시|남산면|경산시|남천면|경산시|대평동
emd,15143756,경상북도_사회적기업 현황조회,교통및물류 - 물류등기타,roadaddr,124,15157811,경상북도 영천시_안전상비의약품 판매업 현황,보건 - 보건의료,addr,12,4,0.333,120,8,영천시|금호읍|영천시|대창면|영천시|임고면|영천시|화남면,경산시|남산면|경산시|압량읍|경산시|와촌면|경산시|용성면|경산시|자인면
emd,15110872,경상북도 영주시_안심식당 현황,문화체육관광 - 관광,ADRES,9,15124615,경상북도 상주시_계약 정보,일반공공행정 - 일반행정,CNTRCT_TRGET_LC,190,3,0.333,6,187,영주시|문수면|영주시|장수면|영주시|풍기읍,경산시|계양동|경산시|남천면|경산시|사정동|경산시|삼풍동|경산시|신교동
emd,15110897,경상북도 영주시_노인복지시설,사회복지 - 사회복지일반,RDNMADR,9,15124615,경상북도 상주시_계약 정보,일반공공행정 - 일반행정,CNTRCT_TRGET_LC,190,3,0.333,6,187,영주시|문수면|영주시|장수면|영주시|풍기읍,경산시|계양동|경산시|남천면|경산시|사정동|경산시|삼풍동|경산시|신교동
emd,15110897,경상북도 영주시_노인복지시설,사회복지 - 사회복지일반,RDNMADR,9,15139519,경상북도 포항시_생활 지도 시설 현황,사회복지 - 사회복지일반,addr,84,3,0.333,6,81,영주시|풍기읍|영주시|하망동|영주시|휴천동,경주시|강동면|군위군|군위읍|봉화군|봉화읍|봉화군|신내동|상주시|공성면
emd,15139519,경상북도 포항시_생활 지도 시설 현황,사회복지 - 사회복지일반,addr,84,15157793,경상북도 영천시_군장병 할인업소 현황,보건 - 식품의약안전,addr,9,3,0.333,81,6,영천시|금호읍|영천시|북안면|영천시|완산동,경주시|강동면|군위군|군위읍|봉화군|봉화읍|봉화군|신내동|상주시|공성면
emd,15143756,경상북도_사회적기업 현황조회,교통및물류 - 물류등기타,roadaddr,124,15157793,경상북도 영천시_군장병 할인업소 현황,보건 - 식품의약안전,addr,9,3,0.333,121,6,영천시|고경면|영천시|금호읍|영천시|임고면,경산시|남산면|경산시|압량읍|경산시|와촌면|경산시|용성면|경산시|자인면
sgg,15124609,경상북도 상주시_일반 음식점,문화체육관광 - 관광,BSSH_NM,6,15139519,경상북도 포항시_생활 지도 시설 현황,사회복지 - 사회복지일반,addr,10,2,0.333,4,8,상주시|안동시,경주시|군위군|문경시|봉화군|성주군
sgg,15124609,경상북도 상주시_일반 음식점,문화체육관광 - 관광,BSSH_NM,6,15157788,경상북도 영천시_사업장폐기물배출자신고 현황,환경 - 폐기물,procStoreNm,10,2,0.333,4,8,문경시|의성군,경산시|경주시|고령군|구미시|김천시
emd,15109581,경상북도 경주시_전망포인트,문화체육관광 - 관광,LC,6,15124615,경상북도 상주시_계약 정보,일반공공행정 - 일반행정,CNTRCT_TRGET_LC,190,2,0.333,4,188,경주시|감포읍|경주시|양남면,경산시|계양동|경산시|남천면|경산시|사정동|경산시|삼풍동|경산시|신교동
emd,15109581,경상북도 경주시_전망포인트,문화체육관광 - 관광,LC,6,15143795,경상북도_노인복지시설 현황조회,사회복지 - 노인·청소년,fcltAddr,203,2,0.333,4,201,경주시|산내면|경주시|양남면,경산시|가동|경산시|계양동|경산시|남산면|경산시|남천면|경산시|대평동
emd,15110877,경상북도 영주시_영주맛집 현황,문화체육관광 - 관광,ADRES,6,15124615,경상북도 상주시_계약 정보,일반공공행정 - 일반행정,CNTRCT_TRGET_LC,190,2,0.333,4,188,영주시|문수면|영주시|풍기읍,경산시|계양동|경산시|남천면|경산시|사정동|경산시|삼풍동|경산시|신교동
emd,15110884,경상북도 영주시_모자보건사업실적,보건 - 보건의료,SIGNGU_NM,12,15110937,경상북도 영주시_불법주정차 CCTV 단속 현황,교통및물류 - 물류등기타,VIOLT_PLACE,6,2,0.333,10,4,영주시|풍기읍|영주시|하망동,영주시|단산면|영주시|문수면|영주시|봉현면|영주시|부석면|영주시|상망동
emd,15110900,경상북도 영주시_농촌관광시설 현황,문화체육관광 - 문화체육관광일반,RDNMADR,7,15110937,경상북도 영주시_불법주정차 CCTV 단속 현황,교통및물류 - 물류등기타,VIOLT_PLACE,6,2,0.333,5,4,영주시|영주동|영주시|풍기읍,영주시|문수면|영주시|봉현면|영주시|부석면|영주시|순흥면|영주시|장우동
emd,15110904,경상북도 영주시_연도별 주요기업 유치현황,산업·통상·중소기업 - 산업·중소기업일반,LC,9,15110937,경상북도 영주시_불법주정차 CCTV 단속 현황,교통및물류 - 물류등기타,VIOLT_PLACE,6,2,0.333,7,4,영주시|영주동|영주시|풍기읍,영주시|가흥동|영주시|문수면|영주시|부석면|영주시|상줄동|영주시|아지동
emd,15110937,경상북도 영주시_불법주정차 CCTV 단속 현황,교통및물류 - 물류등기타,VIOLT_PLACE,6,15124615,경상북도 상주시_계약 정보,일반공공행정 - 일반행정,CNTRCT_TRGET_LC,190,2,0.333,4,188,영주시|영주동|영주시|풍기읍,경산시|계양동|경산시|남천면|경산시|사정동|경산시|삼풍동|경산시|신교동
emd,15110937,경상북도 영주시_불법주정차 CCTV 단속 현황,교통및물류 - 물류등기타,VIOLT_PLACE,6,15143756,경상북도_사회적기업 현황조회,교통및물류 - 물류등기타,roadaddr,124,2,0.333,4,122,영주시|영주동|영주시|풍기읍,경산시|남산면|경산시|압량읍|경산시|와촌면|경산시|용성면|경산시|자인면
sgg,15000736_getBabyListInfoInqire,국립중앙의료원_전국 병·의원 찾기 서비스,보건 - 보건의료,dutyAddr,4,15094915_getTourContentList,경상북도 경산시_관광자료 조회 서비스,문화체육관광 - 관광,contents,3,1,0.333,3,2,경주시,경산시|구미시|문경시|안동시|포항시
sgg,15000736_getBabyListInfoInqire,국립중앙의료원_전국 병·의원 찾기 서비스,보건 - 보건의료,dutyAddr,4,15097249,경상북도 구미시_경로당,사회복지 - 노인·청소년,hsfhg_nm,3,1,0.333,3,2,구미시,경주시|문경시|안동시|영주시|포항시
sgg,15000736_getBabyListInfoInqire,국립중앙의료원_전국 병·의원 찾기 서비스,보건 - 보건의료,dutyAddr,4,15124614,경상북도 상주시_일반 건축물 시가 표준액,일반공공행정 - 일반행정,ADRES,3,1,0.333,3,2,구미시,경주시|상주시|성주군|안동시|포항시
sgg,15094915_getTourContentList,경상북도 경산시_관광자료 조회 서비스,문화체육관광 - 관광,contents,3,15097246,경상북도 구미시_일반 음식점,문화체육관광 - 관광,bssh_nm,16,1,0.333,2,15,문경시,경산시|경주시|고령군|구미시|김천시
sgg,15094915_getTourContentList,경상북도 경산시_관광자료 조회 서비스,문화체육관광 - 관광,contents,3,15097249,경상북도 구미시_경로당,사회복지 - 노인·청소년,hsfhg_nm,3,1,0.333,2,2,문경시,경산시|경주시|구미시|영주시
sgg,15094915_getTourContentList,경상북도 경산시_관광자료 조회 서비스,문화체육관광 - 관광,contents,3,15109381,경상북도 경주시_관광지 현황,문화체육관광 - 관광,TRRSRT,3,1,0.333,2,2,경주시,경산시|구미시|문경시|포항시
sgg,15094915_getTourContentList,경상북도 경산시_관광자료 조회 서비스,문화체육관광 - 관광,contents,3,15114465,경상북도 경주시_경주문화관광_메뉴별음식점,문화체육관광 - 관광,CON_SUMMARY,4,1,0.333,2,3,경주시,경산시|문경시|상주시|영양군|영주시
sgg,15094915_getTourContentList,경상북도 경산시_관광자료 조회 서비스,문화체육관광 - 관광,contents,3,15124609,경상북도 상주시_일반 음식점,문화체육관광 - 관광,BSSH_NM,6,1,0.333,2,5,문경시,경산시|경주시|상주시|성주군|안동시
sgg,15094915_getTourContentList,경상북도 경산시_관광자료 조회 서비스,문화체육관광 - 관광,contents,3,15139505,경상북도 포항시_교통 이슈 현황 리스트 지도,교통및물류 - 도로,area,4,1,0.333,2,3,경주시,경산시|문경시|상주시|영덕군|포항시
sgg,15094915_getTourContentList,경상북도 경산시_관광자료 조회 서비스,문화체육관광 - 관광,contents,3,15139519,경상북도 포항시_생활 지도 시설 현황,사회복지 - 사회복지일반,addr,10,1,0.333,2,9,경주시,경산시|군위군|문경시|봉화군|상주시
sgg,15097249,경상북도 구미시_경로당,사회복지 - 노인·청소년,hsfhg_nm,3,15109381,경상북도 경주시_관광지 현황,문화체육관광 - 관광,TRRSRT,3,1,0.333,2,2,구미시,경주시|문경시|영주시|포항시
sgg,15097249,경상북도 구미시_경로당,사회복지 - 노인·청소년,hsfhg_nm,3,15110937,경상북도 영주시_불법주정차 CCTV 단속 현황,교통및물류 - 물류등기타,VIOLT_PLACE,7,1,0.333,2,6,영주시,구미시|문경시|봉화군|안동시|영양군
sgg,15097249,경상북도 구미시_경로당,사회복지 - 노인·청소년,hsfhg_nm,3,15114465,경상북도 경주시_경주문화관광_메뉴별음식점,문화체육관광 - 관광,CON_SUMMARY,4,1,0.333,2,3,영주시,경주시|구미시|문경시|상주시|영양군
sgg,15097249,경상북도 구미시_경로당,사회복지 - 노인·청소년,hsfhg_nm,3,15124609,경상북도 상주시_일반 음식점,문화체육관광 - 관광,BSSH_NM,6,1,0.333,2,5,문경시,구미시|상주시|성주군|안동시|영양군
sgg,15097249,경상북도 구미시_경로당,사회복지 - 노인·청소년,hsfhg_nm,3,15124614,경상북도 상주시_일반 건축물 시가 표준액,일반공공행정 - 일반행정,ADRES,3,1,0.333,2,2,구미시,문경시|상주시|성주군|영주시
sgg,15097249,경상북도 구미시_경로당,사회복지 - 노인·청소년,hsfhg_nm,3,15139519,경상북도 포항시_생활 지도 시설 현황,사회복지 - 사회복지일반,addr,10,1,0.333,2,9,영주시,경주시|구미시|군위군|문경시|봉화군
sgg,15109381,경상북도 경주시_관광지 현황,문화체육관광 - 관광,TRRSRT,3,15114465,경상북도 경주시_경주문화관광_메뉴별음식점,문화체육관광 - 관광,CON_SUMMARY,4,1,0.333,2,3,경주시,구미시|상주시|영양군|영주시|포항시
sgg,15109381,경상북도 경주시_관광지 현황,문화체육관광 - 관광,TRRSRT,3,15124614,경상북도 상주시_일반 건축물 시가 표준액,일반공공행정 - 일반행정,ADRES,3,1,0.333,2,2,구미시,경주시|상주시|성주군|포항시
sgg,15110937,경상북도 영주시_불법주정차 CCTV 단속 현황,교통및물류 - 물류등기타,VIOLT_PLACE,7,15157815,경상북도 영천시_위생관리등급평가 결과,보건 - 식품의약안전,storeNm,3,1,0.333,6,2,영양군,봉화군|안동시|영주시|영천시|예천군
sgg,15114465,경상북도 경주시_경주문화관광_메뉴별음식점,문화체육관광 - 관광,CON_SUMMARY,4,15124614,경상북도 상주시_일반 건축물 시가 표준액,일반공공행정 - 일반행정,ADRES,3,1,0.333,3,2,상주시,경주시|구미시|성주군|영양군|영주시
sgg,15114465,경상북도 경주시_경주문화관광_메뉴별음식점,문화체육관광 - 관광,CON_SUMMARY,4,15157815,경상북도 영천시_위생관리등급평가 결과,보건 - 식품의약안전,storeNm,3,1,0.333,3,2,영양군,경주시|상주시|영주시|영천시|울릉군
sgg,15124609,경상북도 상주시_일반 음식점,문화체육관광 - 관광,BSSH_NM,6,15157815,경상북도 영천시_위생관리등급평가 결과,보건 - 식품의약안전,storeNm,3,1,0.333,5,2,영양군,문경시|상주시|성주군|안동시|영천시
sgg,15124614,경상북도 상주시_일반 건축물 시가 표준액,일반공공행정 - 일반행정,ADRES,3,15139505,경상북도 포항시_교통 이슈 현황 리스트 지도,교통및물류 - 도로,area,4,1,0.333,2,3,상주시,경주시|구미시|성주군|영덕군|포항시
sgg,15124614,경상북도 상주시_일반 건축물 시가 표준액,일반공공행정 - 일반행정,ADRES,3,15139519,경상북도 포항시_생활 지도 시설 현황,사회복지 - 사회복지일반,addr,10,1,0.333,2,9,상주시,경주시|구미시|군위군|봉화군|성주군
sgg,15124614,경상북도 상주시_일반 건축물 시가 표준액,일반공공행정 - 일반행정,ADRES,3,15157788,경상북도 영천시_사업장폐기물배출자신고 현황,환경 - 폐기물,procStoreNm,10,1,0.333,2,9,구미시,경산시|경주시|고령군|김천시|문경시
sgg,15139504,경상북도 포항시_광역 교통 월별 행선지 분석 전체,교통및물류 - 물류등기타,area,14,15157815,경상북도 영천시_위생관리등급평가 결과,보건 - 식품의약안전,storeNm,3,1,0.333,13,2,영천시,경산시|경주시|구미시|김천시|문경시
sgg,15139519,경상북도 포항시_생활 지도 시설 현황,사회복지 - 사회복지일반,addr,10,15157815,경상북도 영천시_위생관리등급평가 결과,보건 - 식품의약안전,storeNm,3,1,0.333,9,2,영천시,경주시|군위군|봉화군|상주시|안동시
sgg,15157788,경상북도 영천시_사업장폐기물배출자신고 현황,환경 - 폐기물,procStoreNm,10,15157815,경상북도 영천시_위생관리등급평가 결과,보건 - 식품의약안전,storeNm,3,1,0.333,9,2,영천시,경산시|경주시|고령군|구미시|김천시
emd,15000736_getHsptlBassInfoInqire,국립중앙의료원_전국 병·의원 찾기 서비스,보건 - 보건의료,dutyAddr,286,15109416,경상북도 경주시_게스트하우스 현황,문화체육관광 - 관광,ADRES,3,1,0.333,285,2,경주시|감포읍,경산시|남산면|경산시|남천면|경산시|사동|경산시|삼풍동|경산시|압량면
emd,15000736_getHsptlMdcncFullDown,국립중앙의료원_전국 병·의원 찾기 서비스,보건 - 보건의료,dutyAddr,288,15109416,경상북도 경주시_게스트하우스 현황,문화체육관광 - 관광,ADRES,3,1,0.333,287,2,경주시|감포읍,경산시|남산면|경산시|남천면|경산시|사동|경산시|삼풍동|경산시|압량면
emd,15000736_getHsptlMdcncListInfoInqire,국립중앙의료원_전국 병·의원 찾기 서비스,보건 - 보건의료,dutyAddr,308,15109416,경상북도 경주시_게스트하우스 현황,문화체육관광 - 관광,ADRES,3,1,0.333,307,2,경주시|감포읍,경산시|남산면|경산시|남천면|경산시|사동|경산시|삼풍동|경산시|압량면
emd,15109381,경상북도 경주시_관광지 현황,문화체육관광 - 관광,ADRES,33,15109416,경상북도 경주시_게스트하우스 현황,문화체육관광 - 관광,ADRES,3,1,0.333,32,2,경주시|감포읍,경주시|강동면|경주시|건천읍|경주시|교동|경주시|구황동|경주시|남산동
emd,15109383,경상북도 경주시_전망 좋은 카페 현황,문화체육관광 - 관광,ADRES,4,15109416,경상북도 경주시_게스트하우스 현황,문화체육관광 - 관광,ADRES,3,1,0.333,3,2,경주시|감포읍,경주시|강동면|경주시|동방동|경주시|양남면|경주시|외동읍|경주시|황오동
emd,15109383,경상북도 경주시_전망 좋은 카페 현황,문화체육관광 - 관광,ADRES,4,15109481,경상북도 경주시_고택 체험 정보,문화체육관광 - 관광,ADRES,3,1,0.333,3,2,경주시|강동면,경주시|감포읍|경주시|손곡동|경주시|안강읍|경주시|양남면|경주시|외동읍
emd,15109386,경상북도 경주시_한옥 호텔 현황,문화체육관광 - 관광,ADRES,7,15109416,경상북도 경주시_게스트하우스 현황,문화체육관광 - 관광,ADRES,3,1,0.333,6,2,경주시|감포읍,경주시|강동면|경주시|남산동|경주시|내남면|경주시|동방동|경주시|외동읍
emd,15109386,경상북도 경주시_한옥 호텔 현황,문화체육관광 - 관광,ADRES,7,15109464,경상북도 경주시_무장애 여행 정보,문화체육관광 - 관광,LC,3,1,0.333,6,2,경주시|감포읍,경주시|강동면|경주시|남산동|경주시|내남면|경주시|문무대왕면|경주시|양남면
emd,15109386,경상북도 경주시_한옥 호텔 현황,문화체육관광 - 관광,ADRES,7,15109481,경상북도 경주시_고택 체험 정보,문화체육관광 - 관광,ADRES,3,1,0.333,6,2,경주시|강동면,경주시|감포읍|경주시|남산동|경주시|내남면|경주시|손곡동|경주시|안강읍
emd,15109390,"경상북도 경주시_오토캠핑,야영장 현황",문화체육관광 - 관광,ADRES,8,15109394,경상북도 경주시_콘도 현황,문화체육관광 - 관광,ADRES,3,1,0.333,7,2,경주시|감포읍,경주시|강동면|경주시|내남면|경주시|동방동|경주시|배동|경주시|산내면
emd,15109390,"경상북도 경주시_오토캠핑,야영장 현황",문화체육관광 - 관광,ADRES,8,15109464,경상북도 경주시_무장애 여행 정보,문화체육관광 - 관광,LC,3,1,0.333,7,2,경주시|감포읍,경주시|강동면|경주시|내남면|경주시|동방동|경주시|문무대왕면|경주시|배동
emd,15109390,"경상북도 경주시_오토캠핑,야영장 현황",문화체육관광 - 관광,ADRES,8,15109481,경상북도 경주시_고택 체험 정보,문화체육관광 - 관광,ADRES,3,1,0.333,7,2,경주시|강동면,경주시|감포읍|경주시|내남면|경주시|동방동|경주시|배동|경주시|산내면
emd,15109394,경상북도 경주시_콘도 현황,문화체육관광 - 관광,ADRES,3,15109399,경상북도 경주시_축제 현황,문화체육관광 - 관광,ADRES,4,1,0.333,2,3,경주시|감포읍,경주시|교동|경주시|노동동|경주시|양남면|경주시|외동읍|경주시|황성동
emd,15109394,경상북도 경주시_콘도 현황,문화체육관광 - 관광,ADRES,3,15109402,경상북도 경주시_공연 현황,문화체육관광 - 문화예술,ADRES,4,1,0.333,2,3,경주시|외동읍,경주시|감포읍|경주시|건천읍|경주시|서부동|경주시|안강읍|경주시|양남면
emd,15109394,경상북도 경주시_콘도 현황,문화체육관광 - 관광,ADRES,3,15109416,경상북도 경주시_게스트하우스 현황,문화체육관광 - 관광,ADRES,3,1,0.333,2,2,경주시|감포읍,경주시|동방동|경주시|양남면|경주시|외동읍|경주시|황오동
emd,15109394,경상북도 경주시_콘도 현황,문화체육관광 - 관광,ADRES,3,15109439,경상북도 경주시_시정뉴스 현황,문화체육관광 - 문화예술,COREC_NEWS_NM,38,1,0.333,2,37,경주시|외동읍,경주시|감면|경주시|감포읍|경주시|건천읍|경주시|관합동|경주시|교류활동
emd,15109394,경상북도 경주시_콘도 현황,문화체육관광 - 관광,ADRES,3,15109545,경상북도 경주시_농촌교육장 체험마을 정보,문화체육관광 - 문화예술,ADRES,4,1,0.333,2,3,경주시|감포읍,경주시|문무대왕면|경주시|산내면|경주시|안강읍|경주시|양남면|경주시|외동읍
emd,15109394,경상북도 경주시_콘도 현황,문화체육관광 - 관광,ADRES,3,15143795,경상북도_노인복지시설 현황조회,사회복지 - 노인·청소년,fcltAddr,203,1,0.333,2,202,경주시|양남면,경산시|가동|경산시|계양동|경산시|남산면|경산시|남천면|경산시|대평동
emd,15109399,경상북도 경주시_축제 현황,문화체육관광 - 관광,ADRES,4,15109416,경상북도 경주시_게스트하우스 현황,문화체육관광 - 관광,ADRES,3,1,0.333,3,2,경주시|감포읍,경주시|교동|경주시|노동동|경주시|동방동|경주시|황성동|경주시|황오동
emd,15109399,경상북도 경주시_축제 현황,문화체육관광 - 관광,ADRES,4,15109464,경상북도 경주시_무장애 여행 정보,문화체육관광 - 관광,LC,3,1,0.333,3,2,경주시|감포읍,경주시|교동|경주시|노동동|경주시|문무대왕면|경주시|양남면|경주시|황성동
emd,15109402,경상북도 경주시_공연 현황,문화체육관광 - 문화예술,ADRES,4,15109481,경상북도 경주시_고택 체험 정보,문화체육관광 - 관광,ADRES,3,1,0.333,3,2,경주시|안강읍,경주시|강동면|경주시|건천읍|경주시|서부동|경주시|손곡동|경주시|외동읍
emd,15109416,경상북도 경주시_게스트하우스 현황,문화체육관광 - 관광,ADRES,3,15109439,경상북도 경주시_시정뉴스 현황,문화체육관광 - 문화예술,COREC_NEWS_NM,38,1,0.333,2,37,경주시|황오동,경주시|감면|경주시|감포읍|경주시|건천읍|경주시|관합동|경주시|교류활동
emd,15109416,경상북도 경주시_게스트하우스 현황,문화체육관광 - 관광,ADRES,3,15109464,경상북도 경주시_무장애 여행 정보,문화체육관광 - 관광,LC,3,1,0.333,2,2,경주시|감포읍,경주시|동방동|경주시|문무대왕면|경주시|양남면|경주시|황오동
emd,15109416,경상북도 경주시_게스트하우스 현황,문화체육관광 - 관광,ADRES,3,15109545,경상북도 경주시_농촌교육장 체험마을 정보,문화체육관광 - 문화예술,ADRES,4,1,0.333,2,3,경주시|감포읍,경주시|동방동|경주시|문무대왕면|경주시|산내면|경주시|안강읍|경주시|황오동
emd,15109416,경상북도 경주시_게스트하우스 현황,문화체육관광 - 관광,ADRES,3,15109581,경상북도 경주시_전망포인트,문화체육관광 - 관광,LC,6,1,0.333,2,5,경주시|감포읍,경주시|동방동|경주시|배동|경주시|산내면|경주시|서악동|경주시|석장동
emd,15109416,경상북도 경주시_게스트하우스 현황,문화체육관광 - 관광,ADRES,3,15109586,경상북도 경주시_걷기길 정보,문화체육관광 - 문화체육관광일반,SEARCH,5,1,0.333,2,4,경주시|감포읍,경주시|교동|경주시|동방동|경주시|문무대왕면|경주시|북군동|경주시|양남면
emd,15109416,경상북도 경주시_게스트하우스 현황,문화체육관광 - 관광,ADRES,3,15124615,경상북도 상주시_계약 정보,일반공공행정 - 일반행정,CNTRCT_TRGET_LC,190,1,0.333,2,189,경주시|감포읍,경산시|계양동|경산시|남천면|경산시|사정동|경산시|삼풍동|경산시|신교동
emd,15109416,경상북도 경주시_게스트하우스 현황,문화체육관광 - 관광,ADRES,3,15143264,경상북도_시군별 주민센터 현황,일반공공행정 - 일반행정,addr,230,1,0.333,2,229,경주시|감포읍,경산시|남산면|경산시|남천면|경산시|압량읍|경산시|와촌면|경산시|용성면
emd,15109439,경상북도 경주시_시정뉴스 현황,문화체육관광 - 문화예술,COREC_NEWS_NM,38,15109481,경상북도 경주시_고택 체험 정보,문화체육관광 - 관광,ADRES,3,1,0.333,37,2,경주시|안강읍,경주시|감면|경주시|강동면|경주시|건천읍|경주시|관합동|경주시|교류활동
emd,15109464,경상북도 경주시_무장애 여행 정보,문화체육관광 - 관광,LC,3,15114467,경상북도 경주시_경주문화관광_카페 및 찻집 정보,문화체육관광 - 관광,CON_CONTENT,8,1,0.333,2,7,경주시|양남면,경주시|감포읍|경주시|개동|경주시|들어가면|경주시|들어서면|경주시|문무대왕면
emd,15109464,경상북도 경주시_무장애 여행 정보,문화체육관광 - 관광,LC,3,15143756,경상북도_사회적기업 현황조회,교통및물류 - 물류등기타,roadaddr,124,1,0.333,2,123,경주시|문무대왕면,경산시|남산면|경산시|압량읍|경산시|와촌면|경산시|용성면|경산시|자인면
emd,15109481,경상북도 경주시_고택 체험 정보,문화체육관광 - 관광,ADRES,3,15109545,경상북도 경주시_농촌교육장 체험마을 정보,문화체육관광 - 문화예술,ADRES,4,1,0.333,2,3,경주시|안강읍,경주시|감포읍|경주시|강동면|경주시|문무대왕면|경주시|산내면|경주시|손곡동
emd,15109481,경상북도 경주시_고택 체험 정보,문화체육관광 - 관광,ADRES,3,15109565,경상북도 경주시_숲길 정보,문화체육관광 - 관광,LC,7,1,0.333,2,6,경주시|안강읍,경주시|강동면|경주시|건천읍|경주시|교동|경주시|구황동|경주시|배동
emd,15109481,경상북도 경주시_고택 체험 정보,문화체육관광 - 관광,ADRES,3,15139519,경상북도 포항시_생활 지도 시설 현황,사회복지 - 사회복지일반,addr,84,1,0.333,2,83,경주시|강동면,경주시|손곡동|경주시|안강읍|군위군|군위읍|봉화군|봉화읍|봉화군|신내동
emd,15109481,경상북도 경주시_고택 체험 정보,문화체육관광 - 관광,ADRES,3,15143756,경상북도_사회적기업 현황조회,교통및물류 - 물류등기타,roadaddr,124,1,0.333,2,123,경주시|안강읍,경산시|남산면|경산시|압량읍|경산시|와촌면|경산시|용성면|경산시|자인면
emd,15110872,경상북도 영주시_안심식당 현황,문화체육관광 - 관광,ADRES,9,15110885,경상북도 영주시_소독업소 현황,보건 - 보건의료,LCTN_DADDR,3,1,0.333,8,2,영주시|풍기읍,영주시|가동|영주시|단산면|영주시|문수면|영주시|봉현면|영주시|부석면
emd,15110876,경상북도 영주시_일반음식점 입식테이블 설치지원 업소현황,일반공공행정 - 일반행정,ADRES,8,15110885,경상북도 영주시_소독업소 현황,보건 - 보건의료,LCTN_DADDR,3,1,0.333,7,2,영주시|풍기읍,영주시|가동|영주시|단산면|영주시|봉현면|영주시|부석면|영주시|순흥면
emd,15110877,경상북도 영주시_영주맛집 현황,문화체육관광 - 관광,ADRES,6,15110885,경상북도 영주시_소독업소 현황,보건 - 보건의료,LCTN_DADDR,3,1,0.333,5,2,영주시|풍기읍,영주시|가동|영주시|문수면|영주시|봉현면|영주시|부석면|영주시|순흥면
emd,15110880,경상북도 영주시_농지전용허가 현황,농림 - 농업·농촌,LOCPLC,10,15110885,경상북도 영주시_소독업소 현황,보건 - 보건의료,LCTN_DADDR,3,1,0.333,9,2,영주시|풍기읍,영주시|가동|영주시|고현동|영주시|단산면|영주시|문수면|영주시|봉현면
emd,15110883,경상북도 영주시_보건지소 및 진료소 현황,보건 - 보건의료,LC,10,15110885,경상북도 영주시_소독업소 현황,보건 - 보건의료,LCTN_DADDR,3,1,0.333,9,2,영주시|풍기읍,영주시|가동|영주시|단산면|영주시|문수면|영주시|봉현면|영주시|부석면
emd,15110885,경상북도 영주시_소독업소 현황,보건 - 보건의료,LCTN_DADDR,3,15110888,경상북도 영주시_드림스타트 시설현황,일반공공행정 - 일반행정,INST_ADRES,4,1,0.333,2,3,영주시|풍기읍,영주시|가동|영주시|문수면|영주시|순흥면|영주시|안정면|영주시|하망동
emd,15110885,경상북도 영주시_소독업소 현황,보건 - 보건의료,LCTN_DADDR,3,15110898,경상북도 영주시_장기요양시설,사회복지 - 사회복지일반,ADRES,5,1,0.333,2,4,영주시|풍기읍,영주시|가동|영주시|문수면|영주시|순흥면|영주시|영주동|영주시|하망동
emd,15110885,경상북도 영주시_소독업소 현황,보건 - 보건의료,LCTN_DADDR,3,15110899,경상북도 영주시_장애인복지시설,사회복지 - 사회복지일반,RDNMADR,5,1,0.333,2,4,영주시|풍기읍,영주시|가동|영주시|단산면|영주시|문수면|영주시|안정면|영주시|이산면
emd,15110885,경상북도 영주시_소독업소 현황,보건 - 보건의료,LCTN_DADDR,3,15110900,경상북도 영주시_농촌관광시설 현황,문화체육관광 - 문화체육관광일반,RDNMADR,7,1,0.333,2,6,영주시|풍기읍,영주시|가동|영주시|문수면|영주시|봉현면|영주시|부석면|영주시|순흥면
emd,15110885,경상북도 영주시_소독업소 현황,보건 - 보건의료,LCTN_DADDR,3,15110904,경상북도 영주시_연도별 주요기업 유치현황,산업·통상·중소기업 - 산업·중소기업일반,LC,9,1,0.333,2,8,영주시|풍기읍,영주시|가동|영주시|가흥동|영주시|문수면|영주시|부석면|영주시|상줄동
emd,15110885,경상북도 영주시_소독업소 현황,보건 - 보건의료,LCTN_DADDR,3,15110924,경상북도 영주시_농어촌민박 신고대장,문화체육관광 - 문화체육관광일반,RDNMADR,9,1,0.333,2,8,영주시|풍기읍,영주시|가동|영주시|단산면|영주시|문수면|영주시|봉현면|영주시|부석면
emd,15110885,경상북도 영주시_소독업소 현황,보건 - 보건의료,LCTN_DADDR,3,15124615,경상북도 상주시_계약 정보,일반공공행정 - 일반행정,CNTRCT_TRGET_LC,190,1,0.333,2,189,영주시|풍기읍,경산시|계양동|경산시|남천면|경산시|사정동|경산시|삼풍동|경산시|신교동
emd,15110885,경상북도 영주시_소독업소 현황,보건 - 보건의료,LCTN_DADDR,3,15143264,경상북도_시군별 주민센터 현황,일반공공행정 - 일반행정,addr,230,1,0.333,2,229,영주시|풍기읍,경산시|남산면|경산시|남천면|경산시|압량읍|경산시|와촌면|경산시|용성면
emd,15110885,경상북도 영주시_소독업소 현황,보건 - 보건의료,LCTN_DADDR,3,15143756,경상북도_사회적기업 현황조회,교통및물류 - 물류등기타,roadaddr,124,1,0.333,2,123,영주시|풍기읍,경산시|남산면|경산시|압량읍|경산시|와촌면|경산시|용성면|경산시|자인면
emd,15110885,경상북도 영주시_소독업소 현황,보건 - 보건의료,LCTN_DADDR,3,15143795,경상북도_노인복지시설 현황조회,사회복지 - 노인·청소년,fcltAddr,203,1,0.333,2,202,영주시|풍기읍,경산시|가동|경산시|계양동|경산시|남산면|경산시|남천면|경산시|대평동
emd,15139519,경상북도 포항시_생활 지도 시설 현황,사회복지 - 사회복지일반,addr,84,15157801,경상북도 영천시_노인교실 현황,사회복지 - 노인·청소년,addr,3,1,0.333,83,2,영천시|북안면,경주시|강동면|군위군|군위읍|봉화군|봉화읍|봉화군|신내동|상주시|공성면
emd,15143756,경상북도_사회적기업 현황조회,교통및물류 - 물류등기타,roadaddr,124,15157821,경상북도 영천시_동물약국현황,농림 - 농업·농촌,addr,3,1,0.333,123,2,영천시|금호읍,경산시|남산면|경산시|압량읍|경산시|와촌면|경산시|용성면|경산시|자인면
emd,15143780,경상북도_어린이보호구역 정보조회,사회복지 - 보육·가족및여성,addr,227,15157801,경상북도 영천시_노인교실 현황,사회복지 - 노인·청소년,addr,3,1,0.333,226,2,영천시|북안면,김천시|감문면|김천시|감천면|김천시|개령면|김천시|구성면|김천시|남면
emd,15157773,경상북도 영천시_착한가격업소 현황,지역개발 - 지역및도시,roadAddr,5,15157801,경상북도 영천시_노인교실 현황,사회복지 - 노인·청소년,addr,3,1,0.333,4,2,영천시|중앙동,영천시|고경면|영천시|문외동|영천시|북안면|영천시|신녕면|영천시|화북면
emd,15157773,경상북도 영천시_착한가격업소 현황,지역개발 - 지역및도시,roadAddr,5,15157821,경상북도 영천시_동물약국현황,농림 - 농업·농촌,addr,3,1,0.333,4,2,영천시|신녕면,영천시|고경면|영천시|금호읍|영천시|망정동|영천시|문외동|영천시|중앙동
emd,15157793,경상북도 영천시_군장병 할인업소 현황,보건 - 식품의약안전,addr,9,15157821,경상북도 영천시_동물약국현황,농림 - 농업·농촌,addr,3,1,0.333,8,2,영천시|금호읍,영천시|고경면|영천시|과전동|영천시|망정동|영천시|북안면|영천시|신녕면
emd,15157795,경상북도 영천시_동물병원 현황,농림 - 임업·산촌,addr,10,15157801,경상북도 영천시_노인교실 현황,사회복지 - 노인·청소년,addr,3,1,0.333,9,2,영천시|북안면,영천시|금호읍|영천시|도림동|영천시|문내동|영천시|문외동|영천시|성내동
emd,15157795,경상북도 영천시_동물병원 현황,농림 - 임업·산촌,addr,10,15157821,경상북도 영천시_동물약국현황,농림 - 농업·농촌,addr,3,1,0.333,9,2,영천시|금호읍,영천시|도림동|영천시|망정동|영천시|문내동|영천시|문외동|영천시|북안면
emd,15157801,경상북도 영천시_노인교실 현황,사회복지 - 노인·청소년,addr,3,15157805,경상북도 영천시_임신부 할인업소 현황,보건 - 식품의약안전,addr,5,1,0.333,2,4,영천시|북안면,영천시|금호읍|영천시|신녕면|영천시|임고면|영천시|중앙동|영천시|청통면
emd,15157801,경상북도 영천시_노인교실 현황,사회복지 - 노인·청소년,addr,3,15157809,경상북도 영천시_직업소개소 현황,지역개발 - 지역및도시,roadAddr,7,1,0.333,2,6,영천시|중앙동,영천시|고경면|영천시|구읍|영천시|금호읍|영천시|북안면|영천시|신녕면
emd,15157801,경상북도 영천시_노인교실 현황,사회복지 - 노인·청소년,addr,3,15157838,경상북도 영천시_농어촌민박 현황,문화체육관광 - 관광,lotAddr,12,1,0.333,2,11,영천시|화산면,영천시|고경면|영천시|금호읍|영천시|대창면|영천시|북안면|영천시|신녕면
emd,15157801,경상북도 영천시_노인교실 현황,사회복지 - 노인·청소년,addr,3,ep_YeongcheonMedicalfacility,경상북도 영천시_의료기관현황,보건 - 식품의약안전,addr,5,1,0.333,2,4,영천시|북안면,영천시|고경면|영천시|금호읍|영천시|신녕면|영천시|완산동|영천시|중앙동
emd,15157801,경상북도 영천시_노인교실 현황,사회복지 - 노인·청소년,addr,3,ep_YeongcheonPharmacy,경상북도 영천시_약국 현황,보건 - 식품의약안전,roadAddr,5,1,0.333,2,4,영천시|북안면,영천시|금호읍|영천시|대창면|영천시|신녕면|영천시|중앙동|영천시|청통면
emd,15157821,경상북도 영천시_동물약국현황,농림 - 농업·농촌,addr,3,15157823,경상북도 영천시_태양광발전사업 허가 현황,산업·통상·중소기업 - 에너지및자원개발,ridong,26,1,0.333,2,25,영천시|망정동,영천시|괴연동|영천시|금노동|영천시|금호읍|영천시|녹전동|영천시|대전동
emd,15157821,경상북도 영천시_동물약국현황,농림 - 농업·농촌,addr,3,ep_YeongchoenSeniorwelfare,경상북도 영천시_노인복지시설 현황,사회복지 - 노인·청소년,roadAddr,7,1,0.333,2,6,영천시|금호읍,영천시|고경면|영천시|망정동|영천시|북안면|영천시|신녕면|영천시|임고면
emd,15139542,경상북도 포항시_인구 건물 위치,사회복지 - 노인·청소년,sigun,43,15143264,경상북도_시군별 주민센터 현황,일반공공행정 - 일반행정,addr,230,14,0.326,29,216,포항시|구룡포읍|포항시|기계면|포항시|기북면|포항시|대송면|포항시|동해면,경산시|남산면|경산시|남천면|경산시|압량읍|경산시|와촌면|경산시|용성면
emd,15000736_getHsptlBassInfoInqire,국립중앙의료원_전국 병·의원 찾기 서비스,보건 - 보건의료,dutyAddr,286,ep_YeongcheonRestaurants,경상북도 영천시_일반음식점현황,보건 - 식품의약안전,lotAddr,37,12,0.324,274,25,영천시|고경면|영천시|금호읍|영천시|대창면|영천시|망정동|영천시|북안면,경산시|남산면|경산시|남천면|경산시|사동|경산시|삼풍동|경산시|압량면
emd,15000736_getHsptlMdcncFullDown,국립중앙의료원_전국 병·의원 찾기 서비스,보건 - 보건의료,dutyAddr,288,ep_YeongcheonRestaurants,경상북도 영천시_일반음식점현황,보건 - 식품의약안전,lotAddr,37,12,0.324,276,25,영천시|고경면|영천시|금호읍|영천시|대창면|영천시|망정동|영천시|북안면,경산시|남산면|경산시|남천면|경산시|사동|경산시|삼풍동|경산시|압량면
emd,15110913,경상북도 영주시_토지재산,지역개발 - 지역및도시,LOCPLC,19,15143264,경상북도_시군별 주민센터 현황,일반공공행정 - 일반행정,addr,230,6,0.316,13,224,영주시|문수면|영주시|안정면|영주시|이산면|영주시|장수면|영주시|평은면,경산시|남산면|경산시|남천면|경산시|압량읍|경산시|와촌면|경산시|용성면
emd,15110913,경상북도 영주시_토지재산,지역개발 - 지역및도시,LOCPLC,19,15143756,경상북도_사회적기업 현황조회,교통및물류 - 물류등기타,roadaddr,124,6,0.316,13,118,영주시|문수면|영주시|상망동|영주시|안정면|영주시|영주동|영주시|장수면,경산시|남산면|경산시|압량읍|경산시|와촌면|경산시|용성면|경산시|자인면
emd,15110920,경상북도 영주시_태양광발전사업 허가내역,산업·통상·중소기업 - 에너지및자원개발,INSTL_PLACE,19,15143795,경상북도_노인복지시설 현황조회,사회복지 - 노인·청소년,fcltAddr,203,6,0.316,13,197,영주시|문수면|영주시|봉현면|영주시|순흥면|영주시|안정면|영주시|장수면,경산시|가동|경산시|계양동|경산시|남산면|경산시|남천면|경산시|대평동
emd,15124614,경상북도 상주시_일반 건축물 시가 표준액,일반공공행정 - 일반행정,ADRES,54,15143264,경상북도_시군별 주민센터 현황,일반공공행정 - 일반행정,addr,230,17,0.315,37,213,상주시|공검면|상주시|공성면|상주시|낙동면|상주시|내서면|상주시|모동면,경산시|남산면|경산시|남천면|경산시|압량읍|경산시|와촌면|경산시|용성면
emd,15097250,경상북도 구미시_공공와이파이 현황,통신 - 방송통신,locplc_rdnmadr,35,15143264,경상북도_시군별 주민센터 현황,일반공공행정 - 일반행정,addr,230,11,0.314,24,219,구미시|고아읍|구미시|도개면|구미시|무을면|구미시|사곡동|구미시|산동읍,경산시|남산면|경산시|남천면|경산시|압량읍|경산시|와촌면|경산시|용성면
emd,15097248,경상북도 구미시_어린이 보호 구역,공공질서및안전 - 안전관리,lnm_adres,32,15143264,경상북도_시군별 주민센터 현황,일반공공행정 - 일반행정,addr,230,10,0.312,22,220,구미시|고아읍|구미시|도개면|구미시|무을면|구미시|사곡동|구미시|산동읍,경산시|남산면|경산시|남천면|경산시|압량읍|경산시|와촌면|경산시|용성면
emd,15143756,경상북도_사회적기업 현황조회,교통및물류 - 물류등기타,roadaddr,124,15157829,경상북도 영천시_상수도원격검침 지역별 현황,지역개발 - 수자원,area,16,5,0.312,119,11,영천시|고경면|영천시|금호읍|영천시|대창면|영천시|임고면|영천시|화남면,경산시|남산면|경산시|압량읍|경산시|와촌면|경산시|용성면|경산시|자인면
emd,15157800,경상북도 영천시_의료기기판매업소 현황,보건 - 보건의료,addr,16,15157823,경상북도 영천시_태양광발전사업 허가 현황,산업·통상·중소기업 - 에너지및자원개발,ridong,26,5,0.312,11,21,영천시|망정동|영천시|문외동|영천시|봉동|영천시|야사동|영천시|완산동,영천시|고경면|영천시|괴연동|영천시|금노동|영천시|금호읍|영천시|녹전동
emd,15139519,경상북도 포항시_생활 지도 시설 현황,사회복지 - 사회복지일반,addr,84,15143264,경상북도_시군별 주민센터 현황,일반공공행정 - 일반행정,addr,230,26,0.31,58,204,경주시|강동면|봉화군|봉화읍|상주시|공성면|상주시|사벌국면|상주시|함창읍,경산시|남산면|경산시|남천면|경산시|압량읍|경산시|와촌면|경산시|용성면
emd,15139550,경상북도 포항시_지역별 기상 현황,환경 - 대기,lc,29,15143756,경상북도_사회적기업 현황조회,교통및물류 - 물류등기타,roadaddr,124,9,0.31,20,115,포항시|기계면|포항시|대송면|포항시|동해면|포항시|송도동|포항시|연일읍,경산시|남산면|경산시|압량읍|경산시|와촌면|경산시|용성면|경산시|자인면
emd,15139552,경상북도 포항시_지역별 노령 인구 현황,일반공공행정 - 국가통계,sigun,29,15143756,경상북도_사회적기업 현황조회,교통및물류 - 물류등기타,roadaddr,124,9,0.31,20,115,포항시|기계면|포항시|대송면|포항시|동해면|포항시|송도동|포항시|연일읍,경산시|남산면|경산시|압량읍|경산시|와촌면|경산시|용성면|경산시|자인면
emd,15139553,경상북도 포항시_지역별 생산 가능 인구 현황,일반공공행정 - 국가통계,sigun,29,15143756,경상북도_사회적기업 현황조회,교통및물류 - 물류등기타,roadaddr,124,9,0.31,20,115,포항시|기계면|포항시|대송면|포항시|동해면|포항시|송도동|포항시|연일읍,경산시|남산면|경산시|압량읍|경산시|와촌면|경산시|용성면|경산시|자인면
emd,15139556,경상북도 포항시_지역별 유소년 인구 현황,일반공공행정 - 국가통계,sigun,29,15143756,경상북도_사회적기업 현황조회,교통및물류 - 물류등기타,roadaddr,124,9,0.31,20,115,포항시|기계면|포항시|대송면|포항시|동해면|포항시|송도동|포항시|연일읍,경산시|남산면|경산시|압량읍|경산시|와촌면|경산시|용성면|경산시|자인면
emd,15139557,경상북도 포항시_지역별 주민등록 인구 현황,일반공공행정 - 국가통계,gpmn,29,15143756,경상북도_사회적기업 현황조회,교통및물류 - 물류등기타,roadaddr,124,9,0.31,20,115,포항시|기계면|포항시|대송면|포항시|동해면|포항시|송도동|포항시|연일읍,경산시|남산면|경산시|압량읍|경산시|와촌면|경산시|용성면|경산시|자인면
emd,15139566,경상북도 포항시_방문 거주지 현황,일반공공행정 - 지방행정·재정지원,emd,29,15143756,경상북도_사회적기업 현황조회,교통및물류 - 물류등기타,roadaddr,124,9,0.31,20,115,포항시|기계면|포항시|대송면|포항시|동해면|포항시|송도동|포항시|연일읍,경산시|남산면|경산시|압량읍|경산시|와촌면|경산시|용성면|경산시|자인면
emd,15139573,경상북도 포항시_생활 인구 거주지 현황,일반공공행정 - 지방행정·재정지원,emd,29,15143756,경상북도_사회적기업 현황조회,교통및물류 - 물류등기타,roadaddr,124,9,0.31,20,115,포항시|기계면|포항시|대송면|포항시|동해면|포항시|송도동|포항시|연일읍,경산시|남산면|경산시|압량읍|경산시|와촌면|경산시|용성면|경산시|자인면
emd,15139580,경상북도 포항시_지역별 생활 인구 현황,일반공공행정 - 국가통계,adstrd,29,15143756,경상북도_사회적기업 현황조회,교통및물류 - 물류등기타,roadaddr,124,9,0.31,20,115,포항시|기계면|포항시|대송면|포항시|동해면|포항시|송도동|포항시|연일읍,경산시|남산면|경산시|압량읍|경산시|와촌면|경산시|용성면|경산시|자인면
emd,15000736_getHsptlBassInfoInqire,국립중앙의료원_전국 병·의원 찾기 서비스,보건 - 보건의료,dutyAddr,286,15157807,경상북도 영천시_동네 체육시설 현황,문화체육관광 - 체육,lotAddr,39,12,0.308,274,27,영천시|고경면|영천시|금호읍|영천시|대창면|영천시|망정동|영천시|북안면,경산시|남산면|경산시|남천면|경산시|사동|경산시|삼풍동|경산시|압량면
emd,15000736_getHsptlMdcncFullDown,국립중앙의료원_전국 병·의원 찾기 서비스,보건 - 보건의료,dutyAddr,288,15157807,경상북도 영천시_동네 체육시설 현황,문화체육관광 - 체육,lotAddr,39,12,0.308,276,27,영천시|고경면|영천시|금호읍|영천시|대창면|영천시|망정동|영천시|북안면,경산시|남산면|경산시|남천면|경산시|사동|경산시|삼풍동|경산시|압량면
emd,15097247,경상북도 구미시_저수지 현황,농림 - 농업·농촌,adres,13,15143756,경상북도_사회적기업 현황조회,교통및물류 - 물류등기타,roadaddr,124,4,0.308,9,120,구미시|고아읍|구미시|도량동|구미시|선산읍|구미시|해평면,경산시|남산면|경산시|압량읍|경산시|와촌면|경산시|용성면|경산시|자인면
emd,15124609,경상북도 상주시_일반 음식점,문화체육관광 - 관광,RDNMADR,36,15143795,경상북도_노인복지시설 현황조회,사회복지 - 노인·청소년,fcltAddr,203,11,0.306,25,192,상주시|공검면|상주시|낙동면|상주시|내서면|상주시|모서면|상주시|사벌국면,경산시|가동|경산시|계양동|경산시|남산면|경산시|남천면|경산시|대평동
emd,15109381,경상북도 경주시_관광지 현황,문화체육관광 - 관광,ADRES,33,15143795,경상북도_노인복지시설 현황조회,사회복지 - 노인·청소년,fcltAddr,203,10,0.303,23,193,경주시|강동면|경주시|건천읍|경주시|내남면|경주시|문무대왕면|경주시|산내면,경산시|가동|경산시|계양동|경산시|남산면|경산시|남천면|경산시|대평동
emd,15124615,경상북도 상주시_계약 정보,일반공공행정 - 일반행정,CNTRCT_TRGET_LC,190,15157767,경상북도 영천시_공장 현황,산업·통상·중소기업 - 산업·중소기업일반,lotAddr,33,10,0.303,180,23,영천시|고경면|영천시|금호읍|영천시|녹전동|영천시|대창면|영천시|신녕면,경산시|계양동|경산시|남천면|경산시|사정동|경산시|삼풍동|경산시|신교동
emd,15097246,경상북도 구미시_일반 음식점,문화체육관광 - 관광,locplcrn,50,15143795,경상북도_노인복지시설 현황조회,사회복지 - 노인·청소년,fcltAddr,203,15,0.3,35,188,구미시|고아읍|구미시|공단동|구미시|나동|구미시|다동|구미시|도개면,경산시|가동|경산시|계양동|경산시|남산면|경산시|남천면|경산시|대평동
emd,15000736_getHsptlBassInfoInqire,국립중앙의료원_전국 병·의원 찾기 서비스,보건 - 보건의료,dutyAddr,286,ep_YeongcheonCCTV,경상북도 영천시_CCTV 현황,일반공공행정 - 일반행정,lotAddr,40,12,0.3,274,28,영천시|고경면|영천시|금호읍|영천시|대창면|영천시|망정동|영천시|북안면,경산시|남산면|경산시|남천면|경산시|사동|경산시|삼풍동|경산시|압량면
emd,15000736_getHsptlMdcncFullDown,국립중앙의료원_전국 병·의원 찾기 서비스,보건 - 보건의료,dutyAddr,288,ep_YeongcheonCCTV,경상북도 영천시_CCTV 현황,일반공공행정 - 일반행정,lotAddr,40,12,0.3,276,28,영천시|고경면|영천시|금호읍|영천시|대창면|영천시|망정동|영천시|북안면,경산시|남산면|경산시|남천면|경산시|사동|경산시|삼풍동|경산시|압량면
emd,15000736_getHsptlBassInfoInqire,국립중앙의료원_전국 병·의원 찾기 서비스,보건 - 보건의료,dutyAddr,286,15157795,경상북도 영천시_동물병원 현황,농림 - 임업·산촌,addr,10,3,0.3,283,7,영천시|금호읍|영천시|북안면|영천시|완산동,경산시|남산면|경산시|남천면|경산시|사동|경산시|삼풍동|경산시|압량면
emd,15000736_getHsptlMdcncFullDown,국립중앙의료원_전국 병·의원 찾기 서비스,보건 - 보건의료,dutyAddr,288,15157795,경상북도 영천시_동물병원 현황,농림 - 임업·산촌,addr,10,3,0.3,285,7,영천시|금호읍|영천시|북안면|영천시|완산동,경산시|남산면|경산시|남천면|경산시|사동|경산시|삼풍동|경산시|압량면
emd,15110880,경상북도 영주시_농지전용허가 현황,농림 - 농업·농촌,LOCPLC,10,15124615,경상북도 상주시_계약 정보,일반공공행정 - 일반행정,CNTRCT_TRGET_LC,190,3,0.3,7,187,영주시|문수면|영주시|장수면|영주시|풍기읍,경산시|계양동|경산시|남천면|경산시|사정동|경산시|삼풍동|경산시|신교동
emd,15110883,경상북도 영주시_보건지소 및 진료소 현황,보건 - 보건의료,LC,10,15124615,경상북도 상주시_계약 정보,일반공공행정 - 일반행정,CNTRCT_TRGET_LC,190,3,0.3,7,187,영주시|문수면|영주시|장수면|영주시|풍기읍,경산시|계양동|경산시|남천면|경산시|사정동|경산시|삼풍동|경산시|신교동
emd,15124615,경상북도 상주시_계약 정보,일반공공행정 - 일반행정,CNTRCT_TRGET_LC,190,15157795,경상북도 영천시_동물병원 현황,농림 - 임업·산촌,addr,10,3,0.3,187,7,영천시|금호읍|영천시|야사동|영천시|청통면,경산시|계양동|경산시|남천면|경산시|사정동|경산시|삼풍동|경산시|신교동
emd,15139519,경상북도 포항시_생활 지도 시설 현황,사회복지 - 사회복지일반,addr,84,15157795,경상북도 영천시_동물병원 현황,농림 - 임업·산촌,addr,10,3,0.3,81,7,영천시|금호읍|영천시|북안면|영천시|완산동,경주시|강동면|군위군|군위읍|봉화군|봉화읍|봉화군|신내동|상주시|공성면
emd,15143264,경상북도_시군별 주민센터 현황,일반공공행정 - 일반행정,addr,230,15157795,경상북도 영천시_동물병원 현황,농림 - 임업·산촌,addr,10,3,0.3,227,7,영천시|금호읍|영천시|북안면|영천시|청통면,경산시|남산면|경산시|남천면|경산시|압량읍|경산시|와촌면|경산시|용성면
emd,15143264,경상북도_시군별 주민센터 현황,일반공공행정 - 일반행정,addr,230,ep_pohangArpltnEnvrn,경상북도 포항시_대기오염 환경,,msrstn_nm,10,3,0.3,227,7,포항시|대송면|포항시|연일읍|포항시|오천읍,경산시|남산면|경산시|남천면|경산시|압량읍|경산시|와촌면|경산시|용성면
emd,15157792,경상북도 영천시_지진재난 이재민수용시설 현황,공공질서및안전 - 안전관리,addr,13,15157795,경상북도 영천시_동물병원 현황,농림 - 임업·산촌,addr,10,3,0.3,10,7,영천시|금호읍|영천시|북안면|영천시|청통면,영천시|고경면|영천시|구읍|영천시|대창면|영천시|도림동|영천시|문내동
emd,15157795,경상북도 영천시_동물병원 현황,농림 - 임업·산촌,addr,10,15157811,경상북도 영천시_안전상비의약품 판매업 현황,보건 - 보건의료,addr,12,3,0.3,7,9,영천시|금호읍|영천시|완산동|영천시|청통면,영천시|대창면|영천시|도림동|영천시|망정동|영천시|문내동|영천시|문외동
emd,15157795,경상북도 영천시_동물병원 현황,농림 - 임업·산촌,addr,10,15157812,경상북도 영천시_제설(모래) 배치현황,공공질서및안전 - 안전관리,dept,11,3,0.3,7,8,영천시|금호읍|영천시|북안면|영천시|청통면,영천시|고경면|영천시|대창면|영천시|도림동|영천시|문내동|영천시|문외동
emd,15157795,경상북도 영천시_동물병원 현황,농림 - 임업·산촌,addr,10,15157817,경상북도 영천시_면직물 생산공장 현황,산업·통상·중소기업 - 산업·중소기업일반,lotAddr,14,3,0.3,7,11,영천시|금호읍|영천시|북안면|영천시|청통면,영천시|고경면|영천시|녹전동|영천시|대창면|영천시|도림동|영천시|망정동
emd,15157795,경상북도 영천시_동물병원 현황,농림 - 임업·산촌,addr,10,15157824,경상북도 영천시_마을회관현황,사회복지 - 사회복지일반,addr,11,3,0.3,7,8,영천시|금호읍|영천시|북안면|영천시|청통면,영천시|고경면|영천시|대창면|영천시|도림동|영천시|문내동|영천시|문외동
emd,15157795,경상북도 영천시_동물병원 현황,농림 - 임업·산촌,addr,10,15157827,경상북도 영천시_전문건설업 현황,지역개발 - 산업단지,roadAddr,13,3,0.3,7,10,영천시|금호읍|영천시|북안면|영천시|청통면,영천시|고경면|영천시|대창면|영천시|도동|영천시|도림동|영천시|문내동
emd,15157795,경상북도 영천시_동물병원 현황,농림 - 임업·산촌,addr,10,15157838,경상북도 영천시_농어촌민박 현황,문화체육관광 - 관광,lotAddr,12,3,0.3,7,9,영천시|금호읍|영천시|완산동|영천시|청통면,영천시|고경면|영천시|대창면|영천시|도림동|영천시|문내동|영천시|문외동
